"","หจก.ห้างดนตรีเบ๊เงียบเส็ง                                ","หน้า   :        1"
"","สินค้าคงเหลือ แยกตามคลังสินค้า    ","ณ วันที่  20 มิ.ย. 2569"
"","รหัสสินค้าจาก","001-01005-000     ","ถึง","เงินมัดจำลูกค","วันที่ : 20/06/2569"
"","หมวดสินค้าจาก","                  ","ถึง","9999"
"","คลังสินค้าจาก","01                ","ถึง","12"
"","คลัง","","รหัสสินค้า","ชื่อสินค้า","","","","","","  จำนวน","","ราคาต่อหน่วย","","มูลค่าคงเหลือ","ยอดค้างรับ","ยอดค้างส่ง"
"","PL","","","","ล๊อตคงเหลือ","","  จำนวน","ราคาต่อหน่วย","มูลค่าในล๊อต"
"","01","คลังเบ๊"
"","","","001-01025-231","FENDER AM DLX STRAT MN A.CHERRY BURST (ASH)","","","","","",1,"ตัว",,"",0.00
"","","","001-01121-275","FENDER AM DLX STRAT ASH MN WTRANS","","","","","",1,"ตัว",,"",0.00
"","","","001-04028-052","FENDER AM DELUXE J.BASS ASH RW TBS","","","","","",1,"ตัว",,"",0.00
"","","","001-05116-009","FENDER SQ CA TELE RW CAR","","","","","",1,"ตัว",,"",0.00
"","","","001-05210-005","FENDER SQ DLX ACTIVE J.B.5 STRING WHITE","","","","","",1,"ตัว",,"",0.00
"","","","001-07054","FENDER ACOUSTIC GUITAR GA-45S","","","","","",1,"ตัว",,"",0.00
"","","","001-08379","FENDER CLASSICS VOLUME TONE PEDAL","","","","","",1,"ตัว",,"",0.00
"","","","001-08381","FENDER CLASSICS PHASER PEDAL","","","","","",1,"ตัว",,"",0.00
"","","","001-08385","FENDER AMP.G-DEC 3 FITEEN","","","","","",1,"ตู้",,"",0.00,"","           5"
"","","","001-08505-002","FENDER MT-1000 METRONOME/TUNER BLUE","","","","","",3,"เครื่อง",,"",0.00
"","","","001-08505-009","FENDER MT-1000 METRONOME/TUNER RED","","","","","",2,"เครื่อง",,"",0.00
"","","","001-09024","FENDER AMP.BASS BASSMAN 150 12"SPEAKER","","","","","",1,"ตู้",,"",0.00
"","","","001-09029","FENDER AMP.BASS B-DEC 30","","","","","",1,"ตู้",,"",0.00
"","","","001-11404","FENDER MONITOR 1270","","","","","",1,"ตู้",,"",0.00
"","","","001-12019","FENDER STRING #150R 010/046","","","","","",1,"ชุด",,"",0.00,"          30","          48"
"","","","001-12023-PK3","FENDER STRING 250R 3 PKG/W BASEBALL PROM","","","","","",1,"ชุด",,"",0.00,"          10","          19"
"","","","001-12040","FENDER 60CL PHOSPHOR BRONZE BALL 11/50","","","","","",12,"ชุด",,"",0.00,"          24","         408"
"","","","001-12205","FENDER STRING BASS 1205H 030/100","","","","","",37,"ชุด",,"",0.00
"","","","001-12212","FENDER STRING BASS 7350L 40/100","","","","","",1,"ชุด",,"",0.00,"          30","          60"
"","","","001-13015-100","FENDER PICK #346 SHELL THIN (1/2 GROSS)","","","","","",2,"กล่อง",,"",0.00,"","           3"
"","","","001-13016-357","FENDER PICK #351 ABALONE HEAVY (1/2 GROS","","","","","",1,"กล่อง",,"",0.00
"","","","001-13061B-GB","PICK GIBSON","","","","","",10,"อัน",,"",0.00
"","","","001-13061B-T","THUMB PICK","","","","","",1,"อัน",,"",0.00
"","","","001-13702-300","FENDER PICK 451 JR HEAVY SHELL 1/2 GROSS","","","","","",1,"กล่อง",,"",0.00
"","","","001-13702-400","FENDER PICK #451 JR X-HVY SHELL (1/2 GRO","","","","","",2,"กล่อง",,"",0.00,"           1","           1"
"","","","001-13802-400","FENDER PICK #551 JZ X-HEAVY (1/2 GROSS)","","","","","",2,"กล่อง",,"",0.00,"","           1"
"","","","001-14536-001","FENDER MACHINE HEAD LOCK TUNER CHROME (1 ตัว)","","","","","",1,"ตัว",,"",0.00
"","","","001-14603","FENDER WHITE STRAT KIT","","","","","",2,"ชุด",,"",0.00
"","","","001-14638","FENDER FOOT SWITCH 2 BUTTON","","","","","",1,"ตัว",,"",0.00
"","","","001-14653","FENDER BASS GIG BAG","","","","","",4,"ใบ",,"",0.00
"","","","001-14662","FENDER CASE BASS STD P.BASS BLACK","","","","","",1,"ใบ",,"",0.00
"","หจก.ห้างดนตรีเบ๊เงียบเส็ง                                ","หน้า   :        2"
"","สินค้าคงเหลือ แยกตามคลังสินค้า    ","ณ วันที่  20 มิ.ย. 2569"
"","รหัสสินค้าจาก","001-01005-000     ","ถึง","เงินมัดจำลูกค","วันที่ : 20/06/2569"
"","คลัง","","รหัสสินค้า","ชื่อสินค้า","","","","","","  จำนวน","","ราคาต่อหน่วย","","มูลค่าคงเหลือ","ยอดค้างรับ","ยอดค้างส่ง"
"","","","001-14664-REG","FENDER CASE STD STRAT /TELE BLACK/RED","","","","","",1,"ใบ",,"",0.00
"","","","001-14707","FENDER CONTROL 1MG NOLOAD PAD SPLIT (RICHIE)","","","","","",1,"ตัว",,"",0.00
"","","","001-14719","FENDER CONTROL ROTARY J.D.STRAT","","","","","",3,"ตัว",,"",0.00
"","","","001-14737-CW","FENDER REBEL STRAP CREAM/WHITE","","","","","",2,"เส้น",,"",0.00
"","","","001-14738-LK","FENDER REBEL STRAP LUCKY","","","","","",1,"เส้น",,"",0.00
"","","","001-14739","FENDER 60TH ANV.STRAP BLACK","","","","","",3,"เส้น",,"",0.00
"","","","001-14750","FENDER PREMIUM GOLD 20" GUITAR CABLE","","","","","",1,"เส้น",,"",0.00
"","","","001-15004-005","JACKSON DKMG BLACK FOREST","","","","","",1,"ตัว",,"",0.00
"","","","001-15007-285","JACKSON JS30 TBK JS","","","","","",1,"ตัว",,"",0.00
"","","","001-15011-003","JACKSON DKMGT BLACK DINKY W/EMG","","","","","",1,"ตัว",,"",0.00
"","","","001-15115-557","CHARVEL DESOLATION DS-2 ST TRANS BLACK","","","","","",1,"ตัว",,"",0.00,"           2"
"","","","001-15118-590","CHARVEL DESOLUTION DC-1 ST TRANS RED","","","","","",1,"ตัว",,"",0.00
"","","","001-15119-586","CHARVEL DESOLUTION DC-2 ST TRANS BLUE SMEAR","","","","","",1,"ตัว",,"",0.00
"","","","001-16012","FENDER TUBE GROOVE TUBE 12AX7A","","","","","",1,"หลอด",,"",0.00
"","","","001-17002","TACOMA AC/ELECTRIC GUITAR C1CE4 FISHMAN","","","","","",1,"ตัว",,"",0.00,"","           2"
"","","","001-17005","TACOMA ACOUSTIC GUITAR RM6CE4","","","","","",1,"ตัว",,"",0.00
"","","","001-40013-SRN","G4500 AMERICANA SERENADE SUNBURST","","","","","",1,"ตัว",,"",0.00,"","           1"
"","","","001-40115-RAT","GUILD GAD-30R ATB W/DLX CASE","","","","","",1,"ตัว",,"",0.00
"","","","001-ICE100AS1","SMPS FOR ACOUSTIC 100/MUSTANG GT100","","","","","",2,"อัน",,"",0.00
"","","","002-01048","KORG KEYBOARD MICRO KORG MK-1","","","","","",1,"เครื่อง",,"",0.00,"           3","          17"
"","","","002-01051","KORG KEYBOARD PA-50","","","","","",2,"เครื่อง",,"",0.00,"          13","          15"
"","","","002-01064","KORG PAD CONTROL KPC-1","","","","","",1,"เครื่อง",,"",0.00
"","","","002-01064-BLK","KORG PAD CONTROL KPC-1 BLACK","","","","","",1,"เครื่อง",,"",0.00,"","           4"
"","","","002-01086-BLK","KORG NANO KEY MIDI CONTROLLER BLACK","","","","","",1,"เครื่อง",,"",0.00,"","           6"
"","","","002-01087","KORG NANO KONTROL","","","","","",1,"เครื่อง",,"",0.00,"           1","           6"
"","","","002-01087-BLK","KORG NANO KONTROL BLACK","","","","","",5,"เครื่อง",,"",0.00,"           6","          10"
"","","","002-01088","KORG NANO PAD","","","","","",1,"เครื่อง",,"",0.00,"","           6"
"","","","002-01090","KORG USB-HUB FOR PC ACCESSORY","","","","","",13,"อัน",,"",0.00,"","           1"
"","","","002-01092","KORG KEYBOARD MICRO KORG XL +","","","","","",1,"เครื่อง",,"",0.00,"","          17"
"","","","002-01094","KORG SAMPLING MICROSAMPLER MS1","","","","","",1,"เครื่อง",,"",0.00,"","           1"
"","","","002-01101","KORG SYNTHESIZER MONOTRON","","","","","",3,"เครื่อง",,"",0.00,"","           3"
"","","","002-01107-BLK","KORG NANO KEY2 BLACK","","","","","",1,"เครื่อง",,"",0.00,"          66","          78"
"","","","002-01107-FAG","KORG NANOKEY FOLD ALPHINE GREEN","","","","","",1,"เครื่อง",,"",0.00,"           1","           1"
"","","","002-01107-FBK","KORG NANO KEY FOLD BLACK","","","","","",1,"ตัว",,"",0.00,"           3","           1"
"","","","002-01107-FSB","KORG NANOKEY FOLD SAND BEIGE","","","","","",1,"เครื่อง",,"",0.00,"           1","           1"
"","หจก.ห้างดนตรีเบ๊เงียบเส็ง                                ","หน้า   :        3"
"","สินค้าคงเหลือ แยกตามคลังสินค้า    ","ณ วันที่  20 มิ.ย. 2569"
"","รหัสสินค้าจาก","001-01005-000     ","ถึง","เงินมัดจำลูกค","วันที่ : 20/06/2569"
"","คลัง","","รหัสสินค้า","ชื่อสินค้า","","","","","","  จำนวน","","ราคาต่อหน่วย","","มูลค่าคงเหลือ","ยอดค้างรับ","ยอดค้างส่ง"
"","","","002-01108-BLK","KORG NANO KONTROL2 BLACK","","","","","",1,"เครื่อง",,"",0.00,"          73","          84"
"","","","002-01109-BLK","KORG NANO PAD2 BLACK","","","","","",1,"เครื่อง",,"",0.00,"          51","          30"
"","","","002-01112","KORG MONOTRON DELAY","","","","","",2,"ตัว",,"",0.00,"           1","           5"
"","","","002-01113","KORG MONOTRON DUO","","","","","",1,"ตัว",,"",0.00
"","","","002-01120-25","KORG MICROKEY 25","","","","","",1,"เครื่อง",,"",0.00,"          27","          39"
"","","","002-01121-61","KORG SYNTHESIZER KROME 61 KEY","","","","","",1,"เครื่อง",,"",0.00,"          94","         109"
"","","","002-01125","KORG SYNTHESIZER KINGKORG","","","","","",1,"ตัว",,"",0.00,"","          17"
"","","","002-01129-KIC","KORG VOLCA KICK","","","","","",1,"ตัว",,"",0.00,"           6","           5"
"","","","002-01131-PK","KORG TINY PIANO PINK","","","","","",1,"เครื่อง",,"",0.00,"           5","           9"
"","","","002-01132-25","KORG MIDI CONTROLLER TAKTILE 25 KEY","","","","","",1,"เครื่อง",,"",0.00,"           2","           6"
"","","","002-01134-BK","KORG PIANO LP-180 BLACK","","","","","",1,"เครื่อง",,"",0.00,"          10","           7"
"","","","002-01145-37A","KORG MICROKEY2  37 KEYS AIR","","","","","",1,"เครื่อง",,"",0.00,"         169","          77"
"","","","002-01145-61","KORG MICROKEY2  61 KEYS","","","","","",1,"เครื่อง",,"",0.00,"          11","          31"
"","","","002-01145-61A","KORG MICROKEY2  61 KEYS AIR","","","","","",1,"เครื่อง",,"",0.00,"          78","          74"
"","","","002-01146-XDBW","KORG SYNTHESIZER MINILOGUE XD BW","","","","","",2,"ตัว",,"",0.00,"           2","           4"
"","","","002-01146-XDM","KORG SYNTHESIZER MINILOGUE-XD  MODULE","","","","","",1,"ตัว",,"",0.00,"          11","           6"
"","","","002-01150-BK","KORG PLUGKEY BLACK","","","","","",2,"เครื่อง",,"",0.00,"","           5"
"","","","002-01150-WH","KORG PLUGKEY WHITE","","","","","",1,"เครื่อง",,"",0.00,"","           1"
"","","","002-01155-61WH","KORG SYNTHESIZER KROSS-2 61 KEYS WHITE","","","","","",1,"ตัว",,"",0.00,"          46","          23"
"","","","002-01161-ABK","KORG PIANO C1 AIR BLACK","","","","","",1,"ตัว",,"",0.00,"          13","          19"
"","","","002-01163-HP","KORG D-1 WIRELESS IR HEADPHONES IS430","","","","","",1,"ตัว",,"",0.00,"","           3"
"","","","002-01164","KORG NANO KONTROL STUDIO","","","","","",1,"เครื่อง",,"",0.00,"          31","          28"
"","","","002-01165-L","KORG EK-50 LIMITLESS","","","","","",1,"เครื่อง",,"",0.00,"          17","          15"
"","","","002-01166-61","KORG KEYBOARD KROME-EX 61 KEY","","","","","",1,"เครื่อง",,"",0.00,"          87","          72"
"","","","002-01167","KORG NANOKEY STUDIO","","","","","",1,"เครื่อง",,"",0.00,"           8","          21"
"","","","002-01170-N","KORG DIGITAL PIANO B2N","","","","","",1,"ตัว",,"",0.00,"         106","         158"
"","","","002-01172-73","KORG STAGE VINT PIANO SV2-73 KEY","","","","","",1,"เครื่อง",,"",0.00,"           1","           1"
"","","","002-01173","KORG SYNT. I3 MATTE BLACK","","","","","",1,"เครื่อง",,"",0.00,"          33","          17"
"","","","002-01175-BK","KORG PIANO G1B AIR BLACK","","","","","",1,"เครื่อง",,"",0.00,"           8","          10"
"","","","002-01179","KORG PIANO XE20","","","","","",1,"เครื่อง",,"",0.00,"          10","           7"
"","","","002-01185-88","KORG SYN. NAUTILUS 88 KEY","","","","","",1,"เครื่อง",,"",0.00,"           5","           6"
"","","","002-01193-MBL","KORG L1 LIANO METTAL BLUE","","","","","",1,"เครื่อง",,"",0.00,"           6","          16"
"","","","002-01194","KORG NTS-2 OSC BOOK","","","","","",1,"ตัว",,"",0.00,"           4","           4"
"","","","002-01196","KORG DRUMLOQUE","","","","","",1,"เครื่อง",,"",0.00,"           3","           2"
"","","","002-01197","KORG OPSIX-SE","","","","","",1,"เครื่อง",,"",0.00,"           1","           2"
"","หจก.ห้างดนตรีเบ๊เงียบเส็ง                                ","หน้า   :        4"
"","สินค้าคงเหลือ แยกตามคลังสินค้า    ","ณ วันที่  20 มิ.ย. 2569"
"","รหัสสินค้าจาก","001-01005-000     ","ถึง","เงินมัดจำลูกค","วันที่ : 20/06/2569"
"","คลัง","","รหัสสินค้า","ชื่อสินค้า","","","","","","  จำนวน","","ราคาต่อหน่วย","","มูลค่าคงเหลือ","ยอดค้างรับ","ยอดค้างส่ง"
"","","","002-01201","KORG MICROKORG-CR","","","","","",1,"ตัว",,"",0.00,"           2","           2"
"","","","002-01201-49","KORG KEYSTAGE 49 KEY","","","","","",1,"เครื่อง",,"",0.00,"           2","           1"
"","","","002-01203","KORG MODWAVE MK2","","","","","",1,"ตัว",,"",0.00,"           1","           1"
"","","","002-01206-MWH","KORG MICROKORG2 WHITE","","","","","",1,"ตลับ",,"",0.00,"           2","           2"
"","","","002-01210-61","KORG KRONOS3 61 KEYS","","","","","",1,"เครื่อง",,"",0.00,"           5","           3"
"","","","002-02019","KORG KAOSS PAD KP-2","","","","","",1,"เครื่อง",,"",0.00,"           1","           1"
"","","","002-02021","KORG ELECTRIBE EMX-1","","","","","",1,"เครื่อง",,"",0.00
"","","","002-02022","KORG SAMPLER ESX-1","","","","","",2,"เครื่อง",,"",0.00
"","","","002-02024","KORG TUBE PRE AMP TP-2","","","","","",1,"เครื่อง",,"",0.00,"","           2"
"","","","002-02025","KORG KAOSS PAD KP-3","","","","","",1,"เครื่อง",,"",0.00,"","           1"
"","","","002-02027","KORG SYNTH.MODULE M3-M","","","","","",1,"เครื่อง",,"",0.00,"","           1"
"","","","002-02028","KORG KAOSSILATOR MINI","","","","","",1,"เครื่อง",,"",0.00,"","           1"
"","","","002-02028-PK","KORG KAOSSILATOR MINI PK","","","","","",1,"เครื่อง",,"",0.00,"","           1"
"","","","002-02032","KORG KAOSS PAD QUAD","","","","","",4,"เครื่อง",,"",0.00,"           2","           6"
"","","","002-02033","KORG KAOSSILATOR 2 (KO2)","","","","","",2,"เครื่อง",,"",0.00,"           3","           4"
"","","","002-02034","KORG MINI KP2","","","","","",2,"เครื่อง",,"",0.00,"           4","           7"
"","","","002-02036-BL","KORG ELECTRIBE 2 BLUE","","","","","",1,"เครื่อง",,"",0.00,"           1","           5"
"","","","002-02040","KORG MICRO AUDIO 722","","","","","",1,"ตัว",,"",0.00,"           4"
"","","","002-02043","KORG MICRO AUDIO 022","","","","","",1,"เครื่อง",,"",0.00,"           6","           1"
"","","","002-03027","KORG EFFECTOR PANDORA PX-3","","","","","",1,"เครื่อง",,"",0.00,"","           2"
"","","","002-03036","KORG AMP WORK (GUITAR)","","","","","",1,"เครื่อง",,"",0.00
"","","","002-03045","KORG EFFECTOR AX-3000G","","","","","",1,"เครื่อง",,"",0.00,"          89","         231"
"","","","002-03046","VOX CT-04TB OVER THE TOP BOOST","","","","","",1,"เครื่อง",,"",0.00
"","","","002-03047","VOX CT-05CO SNAKE CHARMER COMPRESSOR","","","","","",1,"เครื่อง",,"",0.00
"","","","002-03050","KORG EFFECTOR PX-4A","","","","","",1,"เครื่อง",,"",0.00
"","","","002-03053","KORG EFFECTOR AX-3B","","","","","",2,"เครื่อง",,"",0.00
"","","","002-03061","KORG EFFECTOR PX-5D","","","","","",2,"เครื่อง",,"",0.00
"","","","002-03064","KORG VOX AMPLUG LEAD","","","","","",1,"ตัว",,"",0.00,"          25","          81"
"","","","002-03075","KORG PANDORA PX-MINI WHITE","","","","","",3,"เครื่อง",,"",0.00,"           1","           3"
"","","","002-03076","VOX DYNAMIC LOOPER VDL-1","","","","","",1,"เครื่อง",,"",0.00,"","           2"
"","","","002-03080-VIN","VOX WAH V846 VINTAGE","","","","","",1,"ตัว",,"",0.00,"           3","           1"
"","","","002-03082","KORG LIL' LOOPER","","","","","",1,"ตัว",,"",0.00,"           3","           4"
"","","","002-03083-GTR","VOX STOMPLAB IG SL1G GUITAR","","","","","",1,"ตัว",,"",0.00,"          85","         249"
"","","","002-03084-BAS","VOX STOMPLAB SL2B","","","","","",1,"ตัว",,"",0.00,"           9","          39"
"","","","002-03086","VOX AMPHONES ACTIVE GUITAR LEAD","","","","","",1,"ตัว",,"",0.00,"           2","          38"
"","หจก.ห้างดนตรีเบ๊เงียบเส็ง                                ","หน้า   :        5"
"","สินค้าคงเหลือ แยกตามคลังสินค้า    ","ณ วันที่  20 มิ.ย. 2569"
"","รหัสสินค้าจาก","001-01005-000     ","ถึง","เงินมัดจำลูกค","วันที่ : 20/06/2569"
"","คลัง","","รหัสสินค้า","ชื่อสินค้า","","","","","","  จำนวน","","ราคาต่อหน่วย","","มูลค่าคงเหลือ","ยอดค้างรับ","ยอดค้างส่ง"
"","","","002-03087","VOX AMPHONES TWIN","","","","","",1,"ตัว",,"",0.00,"           2","           6"
"","","","002-03088","VOX AMPHONES BASS","","","","","",1,"ตัว",,"",0.00,"          25","          44"
"","","","002-03094-BLK","VOX PANDORA STOMP BLACK","","","","","",1,"ตัว",,"",0.00,"           1","           3"
"","","","002-03100-CD","VOX EFFECT VE COPPERHEAD DRIVE","","","","","",1,"เครื่อง",,"",0.00,"           3","           2"
"","","","002-03100-CE","VOX EFFECT VE CUTTING EDGE","","","","","",1,"เครื่อง",,"",0.00,"           9","           6"
"","","","002-03100-ME","VOX EFFECT VE MYSTIC EDGE","","","","","",3,"เครื่อง",,"",0.00,"          11","           2"
"","","","002-03100-SD","VOX EFFECT VE SILK DRIVE","","","","","",1,"เครื่อง",,"",0.00,"           6","           2"
"","","","002-03101","KORG EFFECT PEDAL HD-S","","","","","",1,"เครื่อง",,"",0.00,"","           1"
"","","","002-03102","KORG EFFECT PEDAL TR-S","","","","","",1,"เครื่อง",,"",0.00,"","           1"
"","","","002-03103","VOX WAH V863","","","","","",1,"ตัว",,"",0.00,"           3","           1"
"","","","002-03104","VOX REAL MCCOY WAH PEDAL","","","","","",1,"ตัว",,"",0.00,"           6","           3"
"","","","002-03106","VOX EFFECT TREBLE FUZZ-VFZ-1","","","","","",1,"ตัว",,"",0.00,"           2","           2"
"","","","002-03107","VOX EFFECT TREBLE BOOSTER-VTB-1","","","","","",1,"ตัว",,"",0.00,"           3","           3"
"","","","002-05019","KORG TUNER DT-7","","","","","",1,"เครื่อง",,"",0.00,"","           4"
"","","","002-05027","KORG TUNER DT-10RW","","","","","",1,"เครื่อง",,"",0.00
"","","","002-05032","KORG TUNER DT-4","","","","","",11,"เครื่อง",,"",0.00,"","           1"
"","","","002-05033","KORG TUNER DT-10BR","","","","","",1,"เครื่อง",,"",0.00,"","           1"
"","","","002-05036","KORG TUNER GT-4","","","","","",1,"เครื่อง",,"",0.00,"","           2"
"","","","002-05038","KORG TUNER PITCHBLACK PB-02","","","","","",4,"เครื่อง",,"",0.00,"           2","           6"
"","","","002-05039-WHT","KORG TUNER PITCHJACK GB-1 WHITE","","","","","",2,"เครื่อง",,"",0.00,"","          11"
"","","","002-05040","KORG MICROPHONE CM-100L","","","","","",1,"ตัว",,"",0.00
"","","","002-05042","KORG TUNER AW-2G","","","","","",1,"เครื่อง",,"",0.00,"","          11"
"","","","002-05042-WHT","KORG TUNER AW-2G WHITE","","","","","",3,"เครื่อง",,"",0.00,"","           4"
"","","","002-05044","KORG TUNER GA-1","","","","","",1,"เครื่อง",,"",0.00,"","          54"
"","","","002-05045","KORG TUNER AW-2U (UKULELE)","","","","","",1,"เครื่อง",,"",0.00,"","           4"
"","","","002-05046","KORG TUNER PITCHCLIP PC-1","","","","","",2,"เครื่อง",,"",0.00,"         212","       1,182"
"","","","002-05047-CRD","KORG PITCHCLIP PC-1-CAN-RD BLACK/RED","","","","","",1,"เครื่อง",,"",0.00,"          10","         134"
"","","","002-05047-PNK","KORG TUNER PITCHCLIP PC-1 PINK","","","","","",1,"เครื่อง",,"",0.00,"          11","          27"
"","","","002-05047-RED","KORG TUNER PITCHCLIP PC-1 RED","","","","","",1,"เครื่อง",,"",0.00,"          18","          29"
"","","","002-05048","KORG TUNER AW-2+","","","","","",1,"เครื่อง",,"",0.00,"","           2"
"","","","002-05052-B1","KORG HEADTUNE HT-B1","","","","","",2,"เครื่อง",,"",0.00,"           4","          53"
"","","","002-05052-G1","KORG HEADTUNE HT-G1","","","","","",1,"เครื่อง",,"",0.00,"","          51"
"","","","002-05052-G2","KORG HEADTUNE HT-G2","","","","","",4,"เครื่อง",,"",0.00,"          10","          81"
"","","","002-05054-BR","KORG CONTACT MICROPHONE CM-200 BR","","","","","",2,"อัน",,"",0.00,"          10","          15"
"","","","002-05054-WB","KORG CONTACT MICROPHONE CM-200 WB","","","","","",1,"อัน",,"",0.00,"           4","           7"
"","หจก.ห้างดนตรีเบ๊เงียบเส็ง                                ","หน้า   :        6"
"","สินค้าคงเหลือ แยกตามคลังสินค้า    ","ณ วันที่  20 มิ.ย. 2569"
"","รหัสสินค้าจาก","001-01005-000     ","ถึง","เงินมัดจำลูกค","วันที่ : 20/06/2569"
"","คลัง","","รหัสสินค้า","ชื่อสินค้า","","","","","","  จำนวน","","ราคาต่อหน่วย","","มูลค่าคงเหลือ","ยอดค้างรับ","ยอดค้างส่ง"
"","","","002-05056-BK","KORG PITCHHAWK-G TUNER AW-3G BLACK","","","","","",1,"ตัว",,"",0.00,"           3","          19"
"","","","002-05061","KORG ACOUSTIC TUNER RIMPITCH-C RP-C1","","","","","",2,"ตัว",,"",0.00,"          16","          23"
"","","","002-05063","KORG TUNER MAGNETUNE MG-1","","","","","",3,"ตัว",,"",0.00,"           5","          11"
"","","","002-05066","KORG TUNER AC CLIP TUNER","","","","","",1,"เครื่อง",,"",0.00,"           1","          28"
"","","","002-05071-BL","KORG TUNER SLEDGEHAMMER CUSTOM 100 BLUE","","","","","",1,"เครื่อง",,"",0.00,"","           4"
"","","","002-05073-GR","KORG TUNER PITCHBLACK MINI GREEN","","","","","",1,"เครื่อง",,"",0.00,"           1","           2"
"","","","002-05076-B","KORG TUNER BASS AW-LT100B","","","","","",1,"เครื่อง",,"",0.00,"           2","           6"
"","","","002-05076-T","KORG TUNER TRUMPET&TROMBONE AW-LT100T","","","","","",1,"เครื่อง",,"",0.00,"           6","           1"
"","","","002-05076-V","KORG TUNER VIOLIN&VIOLA AW-LT100V","","","","","",1,"เครื่อง",,"",0.00,"          12","           4"
"","","","002-05082","KORG TUNER PITCHCLIP2 PC-2","","","","","",2,"เครื่อง",,"",0.00,"         793","       1,368"
"","","","002-05083-OR","KORG TUNER PC-0 ORANGE","","","","","",1,"เครื่อง",,"",0.00,"         334","         386"
"","","","002-05084","KORG ACOUSTIC TUNER RIMPITCH RP-C2","","","","","",2,"ตัว",,"",0.00,"          36","          19"
"","","","002-05085-ORG","KORG TUNER UKULELE MINIPITCH ORANGE","","","","","",1,"ตัว",,"",0.00,"","           1"
"","","","002-05086","KORG TUNER PITCHCLIP PC-2+","","","","","",1,"เครื่อง",,"",0.00,"         345","         200"
"","","","002-05087","VOX PEDAL TUNER VXT-1","","","","","",1,"ตู้",,"",0.00,"           1","           1"
"","","","002-05088","KORG PITCHBLACK X MINI","","","","","",1,"เครื่อง",,"",0.00,"          19","          17"
"","","","002-05089","KORG PITCHBLACK XS","","","","","",1,"เครื่อง",,"",0.00,"          27","           7"
"","","","002-05089-BS","KORG TUNER PB-XS BASS","","","","","",1,"เครื่อง",,"",0.00,"           6","           2"
"","","","002-05099","KORG TUNER PITCHBLACK PB-X","","","","","",1,"เครื่อง",,"",0.00,"          22","          13"
"","","","002-05099-BL","KORG TUNER PITCHBLACK X BLUE","","","","","",1,"เครื่อง",,"",0.00,"           3","           2"
"","","","002-05099-CR","KORG TUNER PITCHBLACK X CREAM","","","","","",1,"เครื่อง",,"",0.00,"           3","           2"
"","","","002-05103","KORG METRONOME MM-1","","","","","",29,"เครื่อง",,"",0.00
"","","","002-05104-RED","KORG MICROMETRO MCM-1 RED","","","","","",2,"เครื่อง",,"",0.00,"           2","           8"
"","","","002-05106-BK","KORG METRONOME HUMIDI-BEAT HB-1 BLACK","","","","","",2,"เครื่อง",,"",0.00,"","           2"
"","","","002-05106-WH","KORG METRONOME HUMIDI-BEAT HB-1 WHITE","","","","","",2,"เครื่อง",,"",0.00
"","","","002-05108","KORG BEAT BOY","","","","","",1,"อัน",,"",0.00,"           8","           8"
"","","","002-05109","KORG METRONOME SYNCDANCINC SY-1D","","","","","",1,"ตัว",,"",0.00,"           2","           2"
"","","","002-05111","KORG STROKERHYTHM SR-1G","","","","","",2,"ตัว",,"",0.00,"           4","           7"
"","","","002-05112","KORG SYNCMETRONOME SY-1M","","","","","",2,"ตัว",,"",0.00,"           2","           3"
"","","","002-05116-EV","KORG METRONOME MA-2 EEVEE ORANGE","","","","","",2,"เครื่อง",,"",0.00,"           5","          34"
"","","","002-05116-PK","KORG METRONOME MA-2 PIKACHU YELLOW","","","","","",1,"เครื่อง",,"",0.00,"           8","          46"
"","","","002-05118-BK","KORG PITCH STRAP TUNER PST-1 BLACK","","","","","",2,"เครื่อง",,"",0.00,"           5","           3"
"","","","002-05118-GD","KORG PITCH STRAP TUNER PST-1 GOLD","","","","","",2,"เครื่อง",,"",0.00,"           7","           3"
"","","","002-05118-SV","KORG PITCH STRAP TUNER PST-1 SILVER","","","","","",1,"เครื่อง",,"",0.00,"           5","           3"
"","","","002-05119-BK","KORG TUNER TM-70T BLACK","","","","","",2,"เครื่อง",,"",0.00,"          20","           9"
"","หจก.ห้างดนตรีเบ๊เงียบเส็ง                                ","หน้า   :        7"
"","สินค้าคงเหลือ แยกตามคลังสินค้า    ","ณ วันที่  20 มิ.ย. 2569"
"","รหัสสินค้าจาก","001-01005-000     ","ถึง","เงินมัดจำลูกค","วันที่ : 20/06/2569"
"","คลัง","","รหัสสินค้า","ชื่อสินค้า","","","","","","  จำนวน","","ราคาต่อหน่วย","","มูลค่าคงเหลือ","ยอดค้างรับ","ยอดค้างส่ง"
"","","","002-06019","KORG OPTION BOARD EXB-PCM04 DANCE EXTREM","","","","","",1,"ชุด",,"",0.00
"","","","002-06028","KORG OPTION BOARD EXB-09","","","","","",1,"ชุด",,"",0.00
"","","","002-07003","KORG EXPRESSION PEDAL EXP-2","","","","","",1,"ตัว",,"",0.00,"          22","          35"
"","","","002-07009","KORG DAMPER PEDAL SWITCH DS-1H","","","","","",3,"ตัว",,"",0.00,"          33","         129"
"","","","002-07011","VOX VFS-2 PEDAL SWITCH","","","","","",2,"ตัว",,"",0.00,"           3","           9"
"","","","002-07014","VOX PEDAL VFS-2A","","","","","",1,"อัน",,"",0.00,"           2","           4"
"","","","002-07015","KORG FOOT CONTROLLER PEDAL UNIT PU-2","","","","","",1,"อัน",,"",0.00,"           9","          13"
"","","","002-07016","VOX VOLUME PEDAL V860","","","","","",1,"ตัว",,"",0.00,"           2","           2"
"","","","002-07104","VOX CABLE VCC-90SL SILVER","","","","","",1,"เส้น",,"",0.00,"          36","          65"
"","","","002-07110","VOX CABLE CLASS A VGC-19 6M","","","","","",1,"เส้น",,"",0.00,"          26","          53"
"","","","002-07111","VOX CABLE CLASS A VBC-19 6M BASS","","","","","",1,"เส้น",,"",0.00,"          28","          35"
"","","","002-07113","VOX CABLE CLASS A VAC-19 6M (ACOUSTIC)","","","","","",1,"เส้น",,"",0.00,"          12","          28"
"","","","002-07115","KORG PEDAL VFS3","","","","","",3,"อัน",,"",0.00,"           9","           7"
"","","","002-07501","KORG GIG BAG KEYBOARD M-50 61KEY","","","","","",1,"ใบ",,"",0.00,"           3","           5"
"","","","002-07502","KORG GIG BAG WAVE DRUM","","","","","",1,"ใบ",,"",0.00
"","","","002-07504","KORG SP-170 DUST COVER","","","","","",11,"ชุด",,"",0.00,"           1","          11"
"","","","002-07506","KORG SPST-1W-BK","","","","","",1,"ชุด",,"",0.00,"           3","           7"
"","","","002-07509","KORG GIG BAG KEYBOARD MICROSTATION MW-1","","","","","",1,"ใบ",,"",0.00,"           2","           1"
"","","","002-07510","KORG GIG BAG KEYBOARD PS60","","","","","",2,"ใบ",,"",0.00,"           3","           7"
"","","","002-07515","KORG GIG BAG TONELAB EX (SC-TLEX)","","","","","",2,"ใบ",,"",0.00,"           5","           6"
"","","","002-07516","KORG MONOTRON CASE","","","","","",2,"ใบ",,"",0.00
"","","","002-07517-73","KORG SOFT CASE KROME 73 KEYS","","","","","",1,"ใบ",,"",0.00,"           1","           7"
"","","","002-07519","KORG SOFT CASE MS 20 MINI","","","","","",2,"ใบ",,"",0.00,"           2","           4"
"","","","002-07520-88","KORG SOFT CASE KROSS 88 KEYS","","","","","",1,"ใบ",,"",0.00,"","           1"
"","","","002-07521","KORG PIANO MAT NYLON","","","","","",3,"แผ่น",,"",0.00,"","           1"
"","","","002-07526","KORG SOFT CASE MINILOGUE","","","","","",1,"ใบ",,"",0.00,"          13","          18"
"","","","002-07530-BK","KORG PIANO CHAIR 300 BLACK","","","","","",2,"ตัว",,"",0.00,"          46","          38"
"","","","002-07530-WH","KORG PIANO CHAIR 300 WHITE","","","","","",1,"ตัว",,"",0.00,"          28","          26"
"","","","002-07531-61","KORG SOFT CASE KROSS-2 61 KEY","","","","","",2,"ใบ",,"",0.00,"         248","          69"
"","","","002-07531-88","KORG SOFT CASE KROSS-2/KROME 88 KEY","","","","","",2,"ใบ",,"",0.00,"          13","           7"
"","","","002-08001","KORG WAVE DRUM","","","","","",1,"เครื่อง",,"",0.00
"","","","002-08004","KORG ELECTRONIC DRUM KR MINI","","","","","",3,"เครื่อง",,"",0.00,"          44","          38"
"","","","002-09001","KORG MOBILE MONITOR AMPLIFIER MMA 130","","","","","",1,"เครื่อง",,"",0.00
"","","","002-10012","KORG MR-1000 DIGITAL RECORDER","","","","","",1,"เครื่อง",,"",0.00
"","","","002-10019","KORG RECORDER SOUND ON SOUND SR-1","","","","","",1,"เครื่อง",,"",0.00
"","หจก.ห้างดนตรีเบ๊เงียบเส็ง                                ","หน้า   :        8"
"","สินค้าคงเหลือ แยกตามคลังสินค้า    ","ณ วันที่  20 มิ.ย. 2569"
"","รหัสสินค้าจาก","001-01005-000     ","ถึง","เงินมัดจำลูกค","วันที่ : 20/06/2569"
"","คลัง","","รหัสสินค้า","ชื่อสินค้า","","","","","","  จำนวน","","ราคาต่อหน่วย","","มูลค่าคงเหลือ","ยอดค้างรับ","ยอดค้างส่ง"
"","","","002-10102-259","KORG [VOX] AC ADAPTER KA-259V 12V1.5A CENTER+","","","","","",10,"ตัว",,"",0.00
"","","","002-10102-320","KORG AC ADAPTER KA-320 12V3.5A CENTER+ & AC CORD","","","","","",12,"ตัว",,"",0.00
"","","","002-10102-350","KORG AC ADAPTER KA-350 9V1.7A CENTER+","","","","","",1,"ตัว",,"",0.00,"","           1"
"","","","002-10102-421","KORG AC ADAPTER DSA-0421S-12 3 42  12V3.5A CENTER+","","","","","",3,"ตัว",,"",0.00
"","","","002-10103","ADAPTOR KA310EUP X50,MICRO X, R3","","","","","",2,"ตัว",,"",0.00,"","           3"
"","","","002-10111","KORG SG-MICRO SOFT CASE","","","","","",2,"ใบ",,"",0.00,"","           4"
"","","","002-10112","KORG SG-MICRO-MSG SOFT CASE","","","","","",1,"ใบ",,"",0.00,"           3","           3"
"","","","002-11023","VOX WAH WAH V847-A","","","","","",1,"ตัว",,"",0.00,"         134","         123"
"","","","002-11023-C","VOX WAH WAH 847-C","","","","","",1,"เครื่อง",,"",0.00,"           3","           1"
"","","","002-11036","VOX AMP SOFTWARE JAMVOX JV-1","","","","","",1,"ตู้",,"",0.00,"","           2"
"","","","002-11042","VOX AMP NT15H","","","","","",1,"ตู้",,"",0.00
"","","","002-11049","VOX WAH WAH V845","","","","","",1,"ตัว",,"",0.00,"         269","         189"
"","","","002-11055","VOX AMP. ACOUSTIC AGA150","","","","","",1,"ตู้",,"",0.00,"           2","           1"
"","","","002-11056-CL","VOX AMP. GUITAR MINI 3 CLASSIC","","","","","",2,"ตู้",,"",0.00,"          20","          29"
"","","","002-11057","VOX AMP. GUITAR VT20+","","","","","",1,"ตู้",,"",0.00,"          13","          50"
"","","","002-11060","VOX AMP.GUITAR VT120+","","","","","",1,"ตู้",,"",0.00,"           1","           6"
"","","","002-11061-BC","VOX AMP AC15C1-TV VINTAGE BLUE CREME","","","","","",1,"ก้อน",,"",0.00,"","           7"
"","","","002-11070","VOX AMP.GUITAR TB35C1","","","","","",1,"ตู้",,"",0.00,"","           7"
"","","","002-11077","VOX AMP.GUITAR TB18C1","","","","","",1,"ตู้",,"",0.00
"","","","002-11086-NT","VOX SPEAKER V212 NT-G2 for NIGHT TRAIN","","","","","",1,"ตู้",,"",0.00,"","           6"
"","","","002-11095-CB","VOX AMP. GUITAR VT20X CLASSIC BLUE","","","","","",1,"ตู้",,"",0.00,"           2","           2"
"","","","002-11101-AC","VOX AMP MV50 AC","","","","","",2,"เครื่อง",,"",0.00,"          16","          20"
"","","","002-11101-ACS","VOX AMP. GUITAR MV50 AC SET","","","","","",1,"ตัว",,"",0.00,"","           3"
"","","","002-11101-BM","VOX MV50 BRIAN MAY","","","","","",1,"ตู้",,"",0.00,"           2","           2"
"","","","002-11101-CL","VOX AMP MV50 CLEAN","","","","","",1,"เครื่อง",,"",0.00,"          44","          40"
"","","","002-11101-CR","VOX AMP MV50 CLASSIC ROCK","","","","","",1,"ตัว",,"",0.00,"          13","          12"
"","","","002-11103-AGT","VOX AMP.ADIO AIR GT","","","","","",2,"ตัว",,"",0.00,"          38","          26"
"","","","002-11104-BS","VOX AMP BASS AC2 RYHTHM BASS","","","","","",1,"ตัว",,"",0.00,"          20","          21"
"","","","002-11106","VOX AC30 RADIO","","","","","",1,"ตัว",,"",0.00,"           1","           9"
"","","","002-11108","VOX AMP. GUITAR AC30S1","","","","","",1,"ตู้",,"",0.00,"          12","          18"
"","","","002-11109","VOX MSB25 MINI SUPERBEETLE HEAD+CAB 1x10"","","","","","",1,"ตัว",,"",0.00,"           7","           7"
"","","","002-11110","VOX AMP MVX150C1","","","","","",1,"ตัว",,"",0.00,"           1","           2"
"","","","002-11115-BK","VOX AMP. MSB50 BLACK","","","","","",1,"ตู้",,"",0.00,"           1","           6"
"","","","002-11115-IV","VOX AMP. MSB50 IVORY","","","","","",1,"ตู้",,"",0.00,"           4","           6"
"","","","002-11116","VOX AMP. CAMBRIDGE 50","","","","","",2,"ตู้",,"",0.00,"          13","          17"
"","หจก.ห้างดนตรีเบ๊เงียบเส็ง                                ","หน้า   :        9"
"","สินค้าคงเหลือ แยกตามคลังสินค้า    ","ณ วันที่  20 มิ.ย. 2569"
"","รหัสสินค้าจาก","001-01005-000     ","ถึง","เงินมัดจำลูกค","วันที่ : 20/06/2569"
"","คลัง","","รหัสสินค้า","ชื่อสินค้า","","","","","","  จำนวน","","ราคาต่อหน่วย","","มูลค่าคงเหลือ","ยอดค้างรับ","ยอดค้างส่ง"
"","","","002-11117-10","VOX AMP.VMG-10","","","","","",1,"ตัว",,"",0.00,"          11","          11"
"","","","002-11117-3","VOX AMP.VMG-3","","","","","",1,"ตัว",,"",0.00,"          17","          30"
"","","","002-11117-50","VOX AMP MINI GO-50","","","","","",1,"ตู้",,"",0.00,"           9","           7"
"","","","002-11118","VOX AMP. CLUBMAN 60","","","","","",1,"ตู้",,"",0.00,"           3","           6"
"","","","002-11119","VOX AMP. UKULELE 50","","","","","",1,"ตู้",,"",0.00,"           2","           2"
"","","","002-11914-WH","VOX GUITAR MARK V WHITE","","","","","",1,"ตัว",,"",0.00,"           1","           1"
"","","","002-11918-BK","VOX GUITAR BC-V90 BLACK","","","","","",1,"ตู้",,"",0.00,"           1","           1"
"","","","002-11922-AG","VOX GUITAR APC-2 AQUA GRERN","","","","","",1,"ตัว",,"",0.00,"           2","           2"
"","","","002-99997","KORG MEDIA PLAYER CR-070I","","","","","",1,"อัน",,"",0.00
"","","","002-99999","KORG MR-SERIES USB MEMORY 128 MB","","","","","",5,"อัน",,"",0.00
"","","","002-AP-BM","VOX AMPLUG BRIAN MAY","","","","","",2,"ชุด",,"",0.00,"           7","           2"
"","","","002-AP2-CAB","VOX AMPLUG V2 CABINET","","","","","",1,"ตู้",,"",0.00,"          32","          51"
"","","","002-AP2-CR","VOX AMPLUG V2 CLASSIC ROCK","","","","","",1,"ตัว",,"",0.00,"         182","         193"
"","","","002-AP2-IO","VOX AMPLUG I/0 USB AUDIO INTERFACE","","","","","",2,"ตัว",,"",0.00,"          12","          24"
"","","","002-AP2-LD","VOX AMPLUG V2 LEAD","","","","","",1,"ตัว",,"",0.00,"         108","         135"
"","","","002-AP3-AC","VOX AMPLUG V3 AC30","","","","","",1,"ตัว",,"",0.00,"          19","           7"
"","","","002-AP3-BA","VOX AMPLUG V3 BASS","","","","","",1,"ตัว",,"",0.00,"          66","          19"
"","","","002-AP3-BQ","VOX AMPLUG V3 BOUTIQUE","","","","","",2,"ตัว",,"",0.00,"          27","           4"
"","","","002-AP3-HG","VOX AMPLUG V3 HIGH GAIN","","","","","",1,"ตัว",,"",0.00,"          27","           8"
"","","","002-AP3-MB","VOX AMPLUG V3 MODERN BASS","","","","","",1,"ตัว",,"",0.00,"          31","          18"
"","","","002-AP3-UD","VOX AMPLUG V3 UK DRIVE","","","","","",1,"ตัว",,"",0.00,"          32","          18"
"","","","002-AP3-US","VOX AMPLUG V3 US SILVER","","","","","",1,"ตัว",,"",0.00,"          42","          13"
"","","","002-CLOCK","VOX WALL CLOCK 60 YEARS ANNIVERSARY","","","","","",2,"เรือน",,"",0.00,"","           1"
"","","","002-NC-Q1","KORG HEADPHONE NC-Q1 BLACK","","","","","",2,"อัน",,"",0.00,"           2","           2"
"","","","002-ST1K","KORG ST1K  SYNTHESIZER TUNER","","","","","",5,"ตัว",,"",0.00,"           7","           5"
"","","","002-VH-Q1","VOX HEADPHONE VH-Q1 BLACK","","","","","",1,"อัน",,"",0.00,"           1"
"","","","003-01013","ALESIS SURGE CYMBAL PACK 2 (12"HH/13"/16")","","","","","",1,"ชุด",,"",0.00
"","","","003-02029","ALESIS AUDIO INTERFACE IO-2","","","","","",1,"เครื่อง",,"",0.00
"","","","003-02033","ALESIS INTERFACE IO/26","","","","","",1,"เครื่อง",,"",0.00
"","","","003-02038","ALESIS IO DOCK PRO AUDIO DOCK FOR IPAD","","","","","",1,"เครื่อง",,"",0.00
"","","","003-02040","ALESIS AUDIO INTERFACE USB IO-4","","","","","",2,"เครื่อง",,"",0.00,"","           4"
"","","","003-03007","ALESIS EFFECT MICROVERB IV","","","","","",1,"เครื่อง",,"",0.00,"          85","         172"
"","","","003-03054","ALESIS COMP/LIMIT CLX440","","","","","",1,"เครื่อง",,"",0.00
"","","","003-03055","ALESIS COMP/LIMITER 3632","","","","","",1,"เครื่อง",,"",0.00,"          22","           2"
"","","","003-03079","ALESIS AIR-FX","","","","","",2,"เครื่อง",,"",0.00
"","หจก.ห้างดนตรีเบ๊เงียบเส็ง                                ","หน้า   :       10"
"","สินค้าคงเหลือ แยกตามคลังสินค้า    ","ณ วันที่  20 มิ.ย. 2569"
"","รหัสสินค้าจาก","001-01005-000     ","ถึง","เงินมัดจำลูกค","วันที่ : 20/06/2569"
"","คลัง","","รหัสสินค้า","ชื่อสินค้า","","","","","","  จำนวน","","ราคาต่อหน่วย","","มูลค่าคงเหลือ","ยอดค้างรับ","ยอดค้างส่ง"
"","","","003-04018","ALESIS Q25 NOTE USB/MIDI CONTROLLER","","","","","",1,"เครื่อง",,"",0.00,"           4","           4"
"","","","003-04021","ALESIS Q61 NOTE USB/MIDI CONTROLLER","","","","","",1,"เครื่อง",,"",0.00,"","           1"
"","","","003-05001","ALESIS EFFECT GUITAR FX","","","","","",1,"เครื่อง",,"",0.00,"","           2"
"","","","003-07008","ALESIS MULTIMIX 8 FIREWIRE","","","","","",2,"เครื่อง",,"",0.00
"","","","004-04017","ART TUBE MIC-PREAMP TPS II","","","","","",1,"เครื่อง",,"",0.00,"           1","           1"
"","","","004-04024","ART 6 CHANNEL HEADPHONE AMP","","","","","",1,"เครื่อง",,"",0.00,"           6","           6"
"","","","004-05008","ART Z DIRECT PASIVE DIRECT BOX","","","","","",1,"เครื่อง",,"",0.00,"           2","          14"
"","","","004-10001","ART AMP T-12 100W 12" SPD (TUBE)","","","","","",1,"ตู้",,"",0.00
"","","","006-01001","EMG GUITAR PICKUP 81","","","","","",1,"ชุด",,"",0.00,"          62","          58"
"","","","006-01002","EMG GUITAR PICKUP 85","","","","","",2,"ชุด",,"",0.00,"          39","          42"
"","","","006-01005-WHT","EMG GUITAR PICKUP 89 IVORY","","","","","",2,"ชุด",,"",0.00,"","           1"
"","","","006-01007-WHT","EMG GUITAR PICKUP SA SET IVORY","","","","","",1,"ตัว",,"",0.00,"           3","           4"
"","","","006-01011","EMG GUITAR PICKUP ASQ-93 ACOUSTIC W/CONT","","","","","",2,"ชุด",,"",0.00
"","","","006-01019","EMG GUITAR PICKUP AJ-125","","","","","",1,"ชุด",,"",0.00
"","","","006-01021","EMG GUITAR PICKUP KH21 (KIRK HAMMETT)","","","","","",1,"ชุด",,"",0.00,"           4","          11"
"","","","006-01023","EMG GUITAR PICKUP ZW (ZAKK WYLDE)","","","","","",1,"ชุด",,"",0.00,"          29","          40"
"","","","006-01033-CH","EMG GUITAR PICKUP 85 CHROME","","","","","",1,"ชุด",,"",0.00,"           1","           3"
"","","","006-01036-BLK","EMG GUITAR PICKUP 85X BLACK","","","","","",2,"ชุด",,"",0.00,"","           1"
"","","","006-01039-BLK","EMG GUITAR PICKUP 60X BLACK","","","","","",1,"ชุด",,"",0.00
"","","","006-01040-BLK","EMG GUITAR PICKUP SX BLACK","","","","","",1,"ชุด",,"",0.00,"           4","           3"
"","","","006-01047-BCH","EMG GUITAR PICKUP JH SET BRUSHED CHROME","","","","","",1,"ตัว",,"",0.00,"          12","          11"
"","","","006-01049-CH","EMG GUITAR PICKUP 66 CHROME","","","","","",1,"ตัว",,"",0.00,"           4","           8"
"","","","006-01049-CHR","EMG GUITAR PICKUP 66 BRUSHED CHROME","","","","","",1,"ตัว",,"",0.00,"","           2"
"","","","006-01050","EMG BANJO ACB BLACK","","","","","",1,"ตัว",,"",0.00,"           1","           4"
"","","","006-01051","EMG PICKUP MF SET BRUSHED BLACK CHROME","","","","","",1,"ชุด",,"",0.00,"           7","          13"
"","","","006-01052-NBLK","EMG PICKUP SUPER 77-N RA-350C BLACK","","","","","",1,"ชุด",,"",0.00,"","           4"
"","","","006-01054-BLK","EMG PICKUP MINI M-50 BLACK","","","","","",1,"ตัว",,"",0.00,"","           1"
"","","","006-01057-BLK","EMG GUITAR KHBB SET BLACK","","","","","",1,"ชุด",,"",0.00,"          16","          16"
"","","","006-01063-BLK","EMG GUITAR PICKUP 57-8H BLACK","","","","","",1,"ตัว",,"",0.00
"","","","006-01064-BLK","EMG GUITAR PICKUP 66-8H BLACK","","","","","",1,"ตัว",,"",0.00
"","","","006-01070","EMG ALEX LAIHO SET BLACK","","","","","",1,"ชุด",,"",0.00,"           1","           3"
"","","","006-01072-WHT","EMG JMASTER SET IVORY","","","","","",1,"ชุด",,"",0.00,"           2","           3"
"","","","006-02002","EMG BASS PICKUP PJ SET","","","","","",1,"ชุด",,"",0.00,"           8","           8"
"","","","006-02003","EMG BASS PICKUP J SET","","","","","",1,"ชุด",,"",0.00,"          20","          26"
"","","","006-02010-RED","EMG BASS PICKUP 35DC RED [4 STRING]","","","","","",1,"ชุด",,"",0.00,"","           1"
"","หจก.ห้างดนตรีเบ๊เงียบเส็ง                                ","หน้า   :       11"
"","สินค้าคงเหลือ แยกตามคลังสินค้า    ","ณ วันที่  20 มิ.ย. 2569"
"","รหัสสินค้าจาก","001-01005-000     ","ถึง","เงินมัดจำลูกค","วันที่ : 20/06/2569"
"","คลัง","","รหัสสินค้า","ชื่อสินค้า","","","","","","  จำนวน","","ราคาต่อหน่วย","","มูลค่าคงเหลือ","ยอดค้างรับ","ยอดค้างส่ง"
"","","","006-02011","EMG BASS PICKUP 40DC","","","","","",1,"ชุด",,"",0.00,"           3","           3"
"","","","006-02012","EMG BASS PICKUP 45P (6 STRING)","","","","","",1,"ชุด",,"",0.00
"","","","006-02028-BLK","EMG BASS PICKUP 45TW BLACK (6 STRINGS)","","","","","",2,"ชุด",,"",0.00
"","","","006-02122-BLK","EMG BASS PICKUP DE SET 5 STRING BLACK","","","","","",1,"ชุด",,"",0.00,"          15","          12"
"","","","006-02123-RD","EMG BASS PICKUP FB SET RED (FRANK BELLO)","","","","","",1,"ชุด",,"",0.00,"           1","           5"
"","","","006-03001","EMG CONTROL BTC CONTROL","","","","","",1,"ชุด",,"",0.00,"","           2"
"","","","006-03002","EMG CONTROL BTS CONTROL","","","","","",1,"ชุด",,"",0.00
"","","","006-03010","EMG CONTROL 25K PUSH PULL POT","","","","","",1,"ตัว",,"",0.00
"","","","006-03011","EMG PHASE INVERTER PI 2","","","","","",1,"ชุด",,"",0.00
"","","","006-03014","EMG E.Q.EXPANDER EXB","","","","","",1,"ชุด",,"",0.00
"","","","006-03015","EMG E.Q.EXPANDER EXG","","","","","",1,"ชุด",,"",0.00
"","","","006-03020","EMG 25K ACTIVE TONE GUITAR LS","","","","","",5,"ชุด",,"",0.00
"","","","006-03021","EMG 25K ACTIVE TONE GUITAR (แกนสั้น)","","","","","",4,"ชุด",,"",0.00,"","           1"
"","","","006-03022","EMG 25K CONTROL TONE SOL","","","","","",2,"ชุด",,"",0.00,"           5","           6"
"","","","006-03023","EMG 25K CONTROL VOLUME SOL SI","","","","","",1,"ชุด",,"",0.00,"          10","          12"
"","","","006-03024","EMG 25K CONTROL LS TONE (แกนยาว)","","","","","",2,"ชุด",,"",0.00,"           2","           4"
"","","","006-03026","EMG 25K CONTROL VOLUME LS (แกนยาว)","","","","","",1,"ชุด",,"",0.00,"           2","          10"
"","","","006-03027","EMG 25K CONTROL VOLUME SPL SI (แกนสั้น)","","","","","",1,"ชุด",,"",0.00,"          15","          34"
"","","","006-03028","EMG 25K CONTROL PUSH/PULL LS SL","","","","","",3,"ชุด",,"",0.00,"","           1"
"","","","006-04002","EMG H4A PASSIVE GUITAR PICKUP","","","","","",1,"ชุด",,"",0.00,"           7","          11"
"","","","006-MRING-7IV","EMG MOUNTING RING FLAT 7 MEDIUM IVORY","","","","","",2,"อัน",196.26,"",392.52
"","","","006-MRING-7WH","EMG MOUNTING RING FLAT 7 MEDIUM WHITE","","","","","",2,"อัน",196.27,"",392.53
"","","","007-01016","ERNIE BALL PHOSPHOR BRONZE LIGHT 011/052","","","","","",1,"ชุด",,"",0.00
"","","","007-10051-LG","MM ST VINCENT REM LIGHT GOLD ROASTED","","","","","",1,"ตัว",,"",0.00,"","           1"
"","","","007-10069-T2","MM SABRE HH TREM BOUGIE FLAME NO PG HD CR","","","","","",1,"ตัว",,"",0.00,"           1","           1"
"","","","007-11056-TWS","MM DARK RAY ROASTED MN GOLD BAR BLK PG BLK HD BM","","","","","",1,"ตัว",,"",0.00,"           1","           1"
"","","","007-90007","ERNIE BALL POT 25K VP JR #6175","","","","","",2,"ตัว",,"",0.00,"","           5"
"","","","007-M05416","MUSIC MAN SWITCH 3-WAY PETRUCCI W/T","","","","","",1,"ชุด",,"",0.00
"","","","007-M061000","MUSIC MAN MAJESTY HARNESS VERSION2","","","","","",1,"ชุด",,"",0.00
"","","","009-01030","FOSTEX TAPE RECORDER X-34","","","","","",1,"เครื่อง",,"",0.00
"","","","009-01035","FOSTEX TAPE RECORDER X-24","","","","","",1,"เครื่อง",,"",0.00
"","","","009-01042","FOSTEX MR-8 RECORDER","","","","","",2,"เครื่อง",,"",0.00
"","","","009-03005","FOSTEX PM-1 ACTIVE MONITOR","","","","","",1,"ตู้",,"",0.00
"","","","009-04002","FOSTEX HEADPHONE T-40 RP","","","","","",1,"ตัว",,"",0.00
"","","","009-04004","FOSTEX HEADPHONE T-7","","","","","",1,"ตัว",,"",0.00
"","หจก.ห้างดนตรีเบ๊เงียบเส็ง                                ","หน้า   :       12"
"","สินค้าคงเหลือ แยกตามคลังสินค้า    ","ณ วันที่  20 มิ.ย. 2569"
"","รหัสสินค้าจาก","001-01005-000     ","ถึง","เงินมัดจำลูกค","วันที่ : 20/06/2569"
"","คลัง","","รหัสสินค้า","ชื่อสินค้า","","","","","","  จำนวน","","ราคาต่อหน่วย","","มูลค่าคงเหลือ","ยอดค้างรับ","ยอดค้างส่ง"
"","","","009-04006","FOSTEX HEADPHONE T-20 RP","","","","","",1,"ตัว",,"",0.00
"","","","009-04007","FOSTEX HEADPHONE T-5","","","","","",1,"ตัว",,"",0.00,"           1","           1"
"","","","009-06004","FOSTEX SPEAKER FE206E 8"","","","","","",2,"ดอก",,"",0.00
"","","","012-03001X","LA SPECIAL 5B IMPERFECT","","","","","",1,"คู่",,"",0.00
"","","","012-03002X","LA SPECIAL 2B IMPERFECT","","","","","",24,"คู่",,"",0.00
"","","","017-01002","NEUTRIK PLUG XLR FEMALE NC3FX","","","","","",3,"ตัว",,"",0.00
"","","","017-01005","NEUTRIK PLUG XLR MALE NC4MX","","","","","",378,"ตัว",,"",0.00
"","","","017-01006","NEUTRIK PLUG XLR FEMALE NC4FX","","","","","",81,"ตัว",,"",0.00
"","","","017-01009","NEUTRIK SOCKET XLR MALE NC3MD-L","","","","","",3192,"ตัว",,"",0.00
"","","","017-01010","NEUTRIK SOCKET XLR FEMALE NC3FD-L","","","","","",536,"ตัว",,"",0.00
"","","","017-01011","NEUTRIK SOCKET XLR MALE NC4MP-1","","","","","",121,"ตัว",,"",0.00
"","","","017-01012","NEUTRIK SOCKET XLR FEMALE NC4FP-1","","","","","",70,"ตัว",,"",0.00
"","","","017-01013","NEUTRIK SOCKET XLR MALE NC5MP-1","","","","","",19,"ตัว",,"",0.00
"","","","017-02001","NEUTRIK PLUG 1/4 PHONE NP2X-BAG","","","","","",23,"ตัว",,"",0.00
"","","","017-02003","NEUTRIK PLUG STEREO 1/4 PHONE NP3X","","","","","",11,"ตัว",,"",0.00
"","","","017-03002","NEUTRIK PLUG SPEAKER FEMALE NL8FC","","","","","",220,"ตัว",,"",0.00
"","","","017-03003","NEUTRIK SOCKET SPEAKER MALE NL4MPR","","","","","",16,"ตัว",,"",0.00
"","","","017-03006","NEUTRIK PLUG SPEAKER ADAPTER NL8MM","","","","","",48,"ตัว",,"",0.00
"","","","018-01091","AKAI DRUM PAD MPD16","","","","","",1,"เครื่อง",,"",0.00,"","           1"
"","","","018-01096","AKAI USB/MIDI MPC PAD CONTROLLER LPD-8","","","","","",1,"เครื่อง",,"",0.00,"","           5"
"","","","018-01103","AKAI MPK MINI LAPTOP PRODUCTION","","","","","",1,"เครื่อง",,"",0.00,"           3","          10"
"","","","018-01104","AKAI KEYBOARD CONTROLLER MPK 61","","","","","",1,"เครื่อง",,"",0.00,"","           1"
"","","","018-01106","AKAI SYNTHSTATION 49","","","","","",1,"อัน",,"",0.00
"","","","018-04003","AKAI GUITAR CHORD FINDER","","","","","",39,"เครื่อง",,"",0.00
"","","","018-APCMINI","AKAI CONTROLLER APC MINI","","","","","",1,"ตัว",,"",0.00,"","           7"
"","","","018-MPK225","AKAI CONTROLLER MPK 225","","","","","",1,"ตัว",,"",0.00,"","           1"
"","","","025-01002","DOD EQUALIZER R831 II 31 BAND MONO","","","","","",1,"เครื่อง",,"",0.00
"","","","025-04002","DOD GUITAR AMP ICE IT G-28","","","","","",1,"ตู้",,"",0.00
"","","","032-01005","SAMSON MIXER MDR-6","","","","","",1,"เครื่อง",,"",0.00
"","","","032-01007","SAMSON MIXER MDR-10","","","","","",1,"เครื่อง",,"",0.00,"","           2"
"","","","032-01008","SAMSON MIXER MDR-1064","","","","","",2,"เครื่อง",,"",0.00
"","","","032-01014","SAMSON L2400 24 CHANNEL 4 BUS MIXER","","","","","",1,"เครื่อง",,"",0.00
"","","","032-01016","SAMSON L1200 12 CHANNEL 4 BUS MIXER","","","","","",1,"เครื่อง",,"",0.00,"","           1"
"","","","032-02017","SAMSON POWER MIXER TXM-20","","","","","",1,"เครื่อง",,"",0.00
"","","","032-02020","SAMSON SERVO 201A POWER AMP","","","","","",1,"เครื่อง",,"",0.00
"","หจก.ห้างดนตรีเบ๊เงียบเส็ง                                ","หน้า   :       13"
"","สินค้าคงเหลือ แยกตามคลังสินค้า    ","ณ วันที่  20 มิ.ย. 2569"
"","รหัสสินค้าจาก","001-01005-000     ","ถึง","เงินมัดจำลูกค","วันที่ : 20/06/2569"
"","คลัง","","รหัสสินค้า","ชื่อสินค้า","","","","","","  จำนวน","","ราคาต่อหน่วย","","มูลค่าคงเหลือ","ยอดค้างรับ","ยอดค้างส่ง"
"","","","032-02022","SAMSON POWER AMPLIFIER PG-3800","","","","","",1,"เครื่อง",,"",0.00
"","","","032-04012","SAMSON SPEAKER RS-12M MONITOR","","","","","",1,"ตู้",,"",0.00
"","","","032-04017","SAMSON 615E 15" 2 WAY ACTIVE SPK.","","","","","",1,"ตู้",,"",0.00
"","","","032-04018","SAMSON XPL200 12" ACTIVE MONITOR","","","","","",1,"ตู้",,"",0.00
"","","","032-04019","SAMSON XPL300 12" 2WAY ACTIVE MONITOR","","","","","",1,"ตู้",,"",0.00
"","","","032-04025-011","SAMSON XP40IW 8" WIRELESS PA SYS CH.11","","","","","",1,"ชุด",,"",0.00
"","","","032-05005","SAMSON HEADPHONE CH-70","","","","","",1,"ตัว",,"",0.00,"","           2"
"","","","032-05006","SAMSON HEADPHONE CH-700","","","","","",1,"ตัว",,"",0.00,"","           2"
"","","","032-06005","SAMSON S-3 WAY CROSSOVER","","","","","",1,"เครื่อง",,"",0.00
"","","","032-06011","SAMSON S-2 WAY CROSSOVER","","","","","",1,"เครื่อง",,"",0.00
"","","","032-06021","SAMSON S-CONVERT","","","","","",4,"ตัว",,"",0.00
"","","","032-07001","SAMSON COMPRESSOR C-COM 16","","","","","",1,"เครื่อง",,"",0.00
"","","","032-09002","SAMSON D-2500 DIGITAL GRAPHIC EQ","","","","","",1,"เครื่อง",,"",0.00
"","","","032-10551","SAMSON Q7 NEODYMIUM DYN VOCAL MIC","","","","","",4,"ตัว",,"",0.00,"           5","           1"
"","","","032-10556","SAMSON MM01 MEASUREMENT MIC","","","","","",2,"ตัว",,"",0.00
"","","","032-11001","SAMSON MICROPHONE S-11","","","","","",1,"ตัว",,"",0.00,"          54","           2"
"","","","032-11102-003","SAMSON AL 77 WL PRESENTATION QL5 U3","","","","","",1,"ชุด",,"",0.00
"","","","032-11104-205","SAMSON AL 77 WL VOCAL HEADSET QV10 U5","","","","","",1,"ชุด",,"",0.00
"","","","032-11112","SAMSON AL/AM1 VIDEO LAVALIER","","","","","",1,"ชุด",,"",0.00,"           1","           1"
"","","","032-11113","SAMSON AL/AM1 VIDEO COMBO","","","","","",1,"ชุด",,"",0.00
"","","","032-11114","SAMSON AL/UM1 VIDEO HAND HELD","","","","","",1,"ชุด",,"",0.00
"","","","032-11115","SAMSON AL/UM1 VIDEO PRESENTATION","","","","","",1,"ชุด",,"",0.00
"","","","032-11116","SAMSON AL/UM1 VIDEO AEROBIC","","","","","",1,"ชุด",,"",0.00
"","","","032-11117","SAMSON AL/UM1 VIDEO VOCAL","","","","","",1,"ชุด",,"",0.00
"","","","032-11120","SAMSON AL SYNTH WL MIC W/Q7 AX300/AR300","","","","","",1,"ชุด",,"",0.00
"","","","032-11121","SAMSON SE10T HEADWORN MICROPHONE","","","","","",1,"ชุด",,"",0.00
"","","","032-13002","SAMSON Q-SNARE DYNAMIC DRUM MIC","","","","","",1,"ตัว",,"",0.00
"","","","032-13003","SAMSON 3 KIT 3 PCS TOM MIC SET","","","","","",2,"ชุด",,"",0.00,"           1","           2"
"","","","032-13006","SAMSON Q-TOM SINGLE DRUM MIC","","","","","",1,"ตัว",,"",0.00
"","","","032-14001","SAMSON C01 CONDENSOR MICROPHONE","","","","","",1,"ตัว",,"",0.00,"           2","           2"
"","","","032-14006","SAMSON CL8 MULTI-PATTERN STUDIO CONDENSE","","","","","",1,"ตัว",,"",0.00
"","","","032-14008-PAK","SAMSON C03U USB CONDENSER MIC. PACK","","","","","",2,"ชุด",,"",0.00,"","           1"
"","","","032-14010","SAMSON QL5 CL LAVALIERE CONDENSOR MIC","","","","","",2,"ตัว",,"",0.00
"","","","032-14013","SAMSON CL2 PENCIL CONDENSOR MIC","","","","","",2,"ตัว",,"",0.00,"","           2"
"","","","032-14017","SAMSON UB1 USB BOUNDARY MIC","","","","","",1,"ตัว",,"",0.00
"","หจก.ห้างดนตรีเบ๊เงียบเส็ง                                ","หน้า   :       14"
"","สินค้าคงเหลือ แยกตามคลังสินค้า    ","ณ วันที่  20 มิ.ย. 2569"
"","รหัสสินค้าจาก","001-01005-000     ","ถึง","เงินมัดจำลูกค","วันที่ : 20/06/2569"
"","คลัง","","รหัสสินค้า","ชื่อสินค้า","","","","","","  จำนวน","","ราคาต่อหน่วย","","มูลค่าคงเหลือ","ยอดค้างรับ","ยอดค้างส่ง"
"","","","032-16009","SAMSON SB100 STUDIO BOOM STAND","","","","","",2,"ชุด",,"",0.00,"","           2"
"","","","038-01009","WHARFEDALE SPEAKER EVP-S15SB","","","","","",2,"ตู้",,"",0.00
"","","","038-01016","WHARFEDALE SPEAKER EVP-S15M","","","","","",1,"ตู้",,"",0.00
"","","","038-02004","WHARFEDALE SPEAKER LIX-15FR","","","","","",2,"ตู้",,"",0.00
"","","","038-03007","WHARFEDALE SPEAKER FORCE-2080","","","","","",1,"คู่",,"",0.00
"","","","038-03008","WHARFEDALE SPEAKER PROGRAM 50","","","","","",2,"ตู้",,"",0.00
"","","","038-03013","WHARFEDALE SPEAKER PB-208","","","","","",1,"ตู้",,"",0.00
"","","","038-20001","WHARFEDALE 1019A TWEETER FOR EVP","","","","","",1,"ตัว",,"",0.00
"","","","038-20011","WHARFEDALE PROTECTION LAMP SK3 FOR LIX S","","","","","",6,"ดวง",,"",0.00
"","","","038-20014","WHARFEDALE WOOFER SPK.FOR PROGRAM 60","","","","","",4,"ดอก",,"",0.00
"","","","038-20022","WHARFEDALE RECONE KIT FOR LIX-215SB","","","","","",2,"ชุด",,"",0.00
"","","","038-20023","WHARFEDALE BASS DRIVER FOR LIX-12","","","","","",1,"ดอก",,"",0.00
"","","","038-20026","WHARFEDALE DIAPHRAM FOR TWIN 10","","","","","",2,"ตัว",,"",0.00
"","","","038-20027","WHARFEDALE DIAPHRAM FOR TWIN 12","","","","","",1,"ตัว",,"",0.00
"","","","038-20030","WHARFEDALE RECONE KIT FOR LIX-12M","","","","","",2,"ชุด",,"",0.00
"","","","038-20031","WHARFEDALE PROTECTION LAMP SK2 FOR EVP S","","","","","",5,"ดวง",,"",0.00
"","","","039-01006","NUMARK DISCO MIXER MATRIX 3","","","","","",1,"เครื่อง",,"",0.00
"","","","041-01001","EWI GUITAR CABLE PCS-2560","","","","","",7,"เมตร",,"",0.00,"         200","         600"
"","","","041-02001","EWI MIC CABLE 2 CONDUCT.PCB-1560","","","","","",25,"เมตร",,"",0.00
"","","","041-04021","EWI CABLE SMR-0.5 15CM (6 PCS)","","","","","",1,"ชุด",,"",0.00
"","","","041-04029","EWI CABLE SMR-1.0 30CM (6 PCS)หัวงอ","","","","","",6,"ชุด",,"",0.00
"","","","041-04030","EWI CABLE SMR-1.5 45CM (6 PCS)หัวงอ","","","","","",2,"ชุด",,"",0.00
"","","","041-04031","EWI CABLE SMR-2.0 60CM (6 PCS)หัวงอ","","","","","",1,"ชุด",,"",0.00
"","","","041-04033","EWI CABLE LCIT-10 INSERT 10 FEET","","","","","",1,"เส้น",,"",0.00
"","","","041-08002","EWI CABLE TESTER BUG CATCHER","","","","","",1,"ตัว",,"",0.00
"","","","041-10001","EWI XLR MALE ES3M-CR","","","","","",10,"ตัว",,"",0.00
"","","","041-10002","EWI XLR FEMALE ES3F-CR","","","","","",4,"ตัว",,"",0.00
"","","","041-10005","EWI 1/4 PHONE PLUG PS-502 (GOLD)","","","","","",14,"ตัว",,"",0.00
"","","","041-10011","EWI XLR MALE SOCKET EP-3MS2","","","","","",82,"ตัว",,"",0.00
"","","","041-10012","EWI XLR FEMALE SOCKET EP-3FS2","","","","","",80,"ตัว",,"",0.00
"","","","043-01026-2EB","GIBSON ROBOT LES PAUL STUDIO EBONY","","","","","",1,"ตัว",,"",0.00
"","","","043-01217-2SV","GIBSON '70 TRIBUTE SATIN VINT. SUNBURST CH HDWE","","","","","",1,"ตัว",,"",0.00,"","           1"
"","","","043-01262-1HB","GIBSON LP TRAD 2015 HONEY BURST","","","","","",1,"ตัว",,"",0.00,"","           3"
"","","","043-01271-2AW","GIBSON LP STUDIO 2016 T ALPINE WHITE","","","","","",1,"ตัว",,"",0.00,"           2","          14"
"","","","043-01278-1WC","GB LP FADED 2017 WORN CHERRY","","","","","",1,"ตัว",,"",0.00,"          88","          56"
"","หจก.ห้างดนตรีเบ๊เงียบเส็ง                                ","หน้า   :       15"
"","สินค้าคงเหลือ แยกตามคลังสินค้า    ","ณ วันที่  20 มิ.ย. 2569"
"","รหัสสินค้าจาก","001-01005-000     ","ถึง","เงินมัดจำลูกค","วันที่ : 20/06/2569"
"","คลัง","","รหัสสินค้า","ชื่อสินค้า","","","","","","  จำนวน","","ราคาต่อหน่วย","","มูลค่าคงเหลือ","ยอดค้างรับ","ยอดค้างส่ง"
"","","","043-01294-WR","GIBSON LP CLSC PLAYER PLUS WINE RED","","","","","",1,"ตัว",,"",0.00,"           1","           8"
"","","","043-01328-2WC","GIBSON SG FADED 2016 T WORN CHERRY","","","","","",1,"ตัว",,"",0.00,"","          14"
"","","","043-01329-1WB","GIBSON SG FADED T 2017 WORN BROWN","","","","","",1,"ตัว",,"",0.00,"          28","          34"
"","","","043-01329-1WC","GIBSON SG FADED T 2017 WORN CHERRY","","","","","",1,"ตัว",,"",0.00,"          47","          44"
"","","","043-01333-SC","GB SG SPECIAL 2018 SATIN CHERRY","","","","","",1,"ตัว",,"",0.00,"           3","          31"
"","","","043-01337-TL","GB SG STD '61 STOP BAR TRANSLUCENT TEAL","","","","","",1,"ตัว",,"",0.00,"           2","           1"
"","","","043-01338-VC","GB SG STANDARD '61 SIDEWAY VIBROLA VINT CHERRY","","","","","",1,"ตัว",,"",0.00,"           6","          20"
"","","","043-01340-EB","GB SG STANDARD EBONY","","","","","",1,"ตัว",,"",0.00,"          20","          25"
"","","","043-01340-PBB","GIBSON SG STANDARD PELHAM BLUE BURST","","","","","",1,"ตัว",,"",0.00,"           2","           2"
"","","","043-01341-VC","GB SG SPCL VINT CHERRY","","","","","",1,"ตัว",,"",0.00,"           1"
"","","","043-01342-VC","GIBSON SG TRIBUTE VINT CHERRY SATIN","","","","","",1,"ตัว",,"",0.00,"           9","          39"
"","","","043-01403-EB","GIBSON LP STUDIO EBONY","","","","","",1,"ตัว",,"",0.00,"           1","           3"
"","","","043-01405-HS","GIBSON LP CLASSIC HER. CHERRY SUNBURST","","","","","",1,"ตัว",,"",0.00,"           4","          19"
"","","","043-01406-BL","GIBSON LP STD '50S FIGURED TOP BLUEBERRY BURST","","","","","",1,"ตัว",,"",0.00,"           2","           1"
"","","","043-01406-OB","GIBSON LP STD 50'S FIGURED TOP OCEAN BLUE","","","","","",1,"ตัว",,"",0.00,"           2","           9"
"","","","043-01408-VC","GIBSON LP SPECIAL VINT CHERRY","","","","","",1,"ตัว",,"",0.00,"           2","           4"
"","","","043-01409-AP","GIBSON SLASH LES PAUL APPETITE BURST","","","","","",1,"ตัว",,"",0.00,"          14","          22"
"","","","043-01418-WR","GIBSON LES PAUL 70S DELUXE WINE RED","","","","","",1,"ตัว",,"",0.00,"           1","           1"
"","","","043-01419-TB","GB LP STD 50S P-90 TOBACCO BURST","","","","","",2,"ตัว",,"",0.00,"           2","           2"
"","","","043-01420-GB","GB KIRK HAMMETT "GREENY" LES PAUL STANDARD","","","","","",1,"ตัว",,"",0.00,"          11","           8"
"","","","043-01422-IG","GB LP STD 60S PLAIN TOP INVERNESS GREEN TOP","","","","","",1,"ตัว",,"",0.00
"","","","043-01424-TEB","GB LP MODERN SUPREME TRANS EBONY BURST","","","","","",1,"ตัว",,"",0.00,"           1","           1"
"","","","043-01425-WW","GB LP MODERN STUDIO WORN WHITE","","","","","",1,"ตัว",,"",0.00,"           1","           1"
"","","","043-01431-VTB","GB LP STD 50S DOUBLE TROUBLE VINT TOBACCO BURST GL","","","","","",1,"ตัว",,"",0.00,"           1"
"","","","043-01432-VCB","GB LP STD 60S DOUBLE TROUBLE VINT CHERRY SUNBURST","","","","","",1,"ตัว",,"",0.00,"           1"
"","","","043-01435-TS","GB LP CUSTOM 70S TOBACCO SUNBURST","","","","","",1,"ตัว",,"",0.00,"           2","           1"
"","","","043-01538-AN","GB 70S EXPLORER ANTIQUE NATURAL","","","","","",1,"ตัว",,"",0.00,"           2","           1"
"","","","043-01603-HC","GB SG STD BASS 2019 HER.CHERRY","","","","","",1,"ตัว",,"",0.00,"           1","          22"
"","","","043-01604-HC","GB THUNDERBIRD BASS 2019 HER.CHERRY BURST","","","","","",1,"ตัว",,"",0.00,"","           4"
"","","","043-02123-2EB","GB ES-339 STUDIO EBONY","","","","","",1,"ตัว",,"",0.00,"","           3"
"","","","043-02139-SC","GB ES-335 60'S CHERRY","","","","","",1,"ตัว",,"",0.00,"           1","           2"
"","","","043-02153-AQ","GIBSON ES-330 SATIN AQUAMARINE NICKLE HDWE","","","","","",1,"ตัว",,"",0.00
"","","","043-02159-CH","GIBSON ES-339 CHERRY","","","","","",1,"ตัว",,"",0.00,"           4","           8"
"","","","043-02167-TB","GB ES-330 TOBACCO SUNBURST","","","","","",1,"ตัว",,"",0.00,"           1","           1"
"","","","043-03003-3EB","GIBSON LES PAUL CUSTOM EBONY","","","","","",1,"ตัว",,"",0.00,"           6","          12"
"","หจก.ห้างดนตรีเบ๊เงียบเส็ง                                ","หน้า   :       16"
"","สินค้าคงเหลือ แยกตามคลังสินค้า    ","ณ วันที่  20 มิ.ย. 2569"
"","รหัสสินค้าจาก","001-01005-000     ","ถึง","เงินมัดจำลูกค","วันที่ : 20/06/2569"
"","คลัง","","รหัสสินค้า","ชื่อสินค้า","","","","","","  จำนวน","","ราคาต่อหน่วย","","มูลค่าคงเหลือ","ยอดค้างรับ","ยอดค้างส่ง"
"","","","043-03194-PW","GB 60 TH ANNI. 1961 SG LP CSTM VOS POLARIS WHT","","","","","",1,"ตัว",,"",0.00,"           2","           5"
"","","","043-03195-OB","GB 57 LP STD W/GROVERS OPAQUE BLUE","","","","","",1,"ตัว",,"",0.00
"","","","043-03213-NAT2","GB 1958 KORINA EXPLORER NATURAL WHT PG","","","","","",1,"ตัว",,"",0.00,"           1","           1"
"","","","043-03228-GRB","GB 59 LP STD KIRK HAMMETT"GREENY" INDIAN  RW GB","","","","","",1,"ตัว",,"",0.00,"           5","           3"
"","","","043-03236-DG","GB 1954 LP STD ALL GOLD MURPHY LAB LIGHT AGED NH","","","","","",1,"ตัว",,"",0.00,"           1","           1"
"","","","043-03237-EB","GB EB-0 BASS GENE SIMMONS EBONY GLOSS CH","","","","","",1,"ตัว",,"",0.00,"           1","           1"
"","","","043-03241-EB","GB 1957 LP STD EBONY NO ANTIQUE GLOSS NH","","","","","",1,"ตัว",,"",0.00,"           1","           1"
"","","","043-03242-WR","GB '59 ES-335 WATERMELON RED STOP BAR MURPHY ULTRA","","","","","",1,"ตัว",,"",0.00,"           1","           1"
"","","","043-04314-VS","GIBSON AJ VINTAGE SUNBURST","","","","","",1,"ตัว",,"",0.00
"","","","043-04328-AN","GB SJ-200 ORIGINAL ANT NATURAL W/ CASE","","","","","",1,"ตัว",,"",0.00,"           3","           4"
"","","","043-04330-VS","GB SOUTHERN JUMBO ORIGINAL VINT SUNBURST W/CASE","","","","","",1,"ตัว",,"",0.00,"           2","           4"
"","","","043-04337-RB","GB J-45 STUDIO RW ROSEWOOD BURST","","","","","",1,"ตัว",,"",0.00,"           5","           4"
"","","","043-04338-VS","GIBSON J-185 ORIGINAL VINT. SUNBURST","","","","","",1,"ตัว",,"",0.00,"           3","           2"
"","","","043-04340-VS","GIBSON 1942 BANNER J-45 VINT SUNBURST","","","","","",1,"ตัว",,"",0.00,"           4","           3"
"","","","043-04341-NA","GIBSON G-45 NATURAL","","","","","",2,"ตัว",,"",0.00,"          27","          24"
"","","","043-04343-NA","GIBSON G-200 EC NATURAL","","","","","",1,"ตัว",,"",0.00,"           7","           7"
"","","","043-04350-AN","GB J-35 FADED 30'S ANT.NATURAL","","","","","",1,"ตัว",,"",0.00,"           2","           2"
"","","","043-04351-VS","GB J-45 FADED 50'S VINT SUNBURST","","","","","",1,"ตัว",,"",0.00,"           2","           1"
"","","","043-04357-VS","GB 1942 BANNER SOUTHERN JUMBO VINT SUNBURST","","","","","",1,"ตัว",,"",0.00,"           1","           1"
"","","","043-04363-VCB","GIBSON HUMMINGIBRD STD V.CHERRY SUNBURST","","","","","",1,"ตัว",,"",0.00,"           2","           2"
"","","","043-04372-AN","GB J-45 STUDIO ROSEWOOD NATURAL SATIN BACK/SIDE","","","","","",1,"ตัว",,"",0.00,"           1"
"","","","043-04379-TB","GB J-45 STD TRI-BURST GLOSS","","","","","",1,"ตัว",,"",0.00,"           1","           1"
"","","","043-05007-2VS","EPIPHONE LP-100 V.SUNBURST","","","","","",1,"ตัว",,"",0.00,"          27","          65"
"","","","043-05008-2VS","EPIPHONE LP SPECIAL II V.SUNBURST","","","","","",1,"ตัว",,"",0.00,"          34","          69"
"","","","043-05022-2EB","EPIPHONE SG G-310 EBONY","","","","","",2,"ตัว",,"",0.00,"          28","          59"
"","","","043-05032-2VS","EPIPHONE DOT ES-335 VINTAGE SUNBURST","","","","","",2,"ตัว",,"",0.00,"          37","          38"
"","","","043-05062-SB","EPIPHONE BASS THUNDERBIRD PRO IV SUNBURST","","","","","",1,"ตัว",,"",0.00,"           4","           5"
"","","","043-05066-SBU","EP JACK CASADY BASS SPARKLING BURGUNDY","","","","","",1,"ตัว",,"",0.00,"           1","          13"
"","","","043-05067-3WR","EPIPHONE BROADWAY WINE RED W/GIG BAG","","","","","",1,"ตัว",,"",0.00,"           4","          29"
"","","","043-05074","EPIPHONE CASE 940-EGCS G310 / G400","","","","","",2,"ใบ",,"",0.00,"          27","          14"
"","","","043-05077","EPIPHONE CASE 940-EEMCS JOE PASS EMPEROR II","","","","","",3,"ใบ",,"",0.00,"          10","          11"
"","","","043-05078","EPIPHONE CASE 940-EDREAD A. DREADNOUGHT","","","","","",3,"ใบ",,"",0.00,"          29","          24"
"","","","043-05079","EPIPHONE CASE 940-EJUMBO ACOUSTIC JUMBO","","","","","",1,"ใบ",,"",0.00,"          49","          93"
"","","","043-05080","EP. GIG BAG 940-EPIGIG PREMIUM ELECTRIC GUITAR","","","","","",3,"ใบ",,"",0.00,"          46","          13"
"","","","043-05081","EP. GIG BAG 940-XEGIG ELECTRIC GUITAR ( แบบบาง )","","","","","",4,"ใบ",292.06,"",1168.22,"           5","           6"
"","หจก.ห้างดนตรีเบ๊เงียบเส็ง                                ","หน้า   :       17"
"","สินค้าคงเหลือ แยกตามคลังสินค้า    ","ณ วันที่  20 มิ.ย. 2569"
"","รหัสสินค้าจาก","001-01005-000     ","ถึง","เงินมัดจำลูกค","วันที่ : 20/06/2569"
"","คลัง","","รหัสสินค้า","ชื่อสินค้า","","","","","","  จำนวน","","ราคาต่อหน่วย","","มูลค่าคงเหลือ","ยอดค้างรับ","ยอดค้างส่ง"
"","","","043-05083","EPIPHONE CASE 940-ETBCS EPI T-BIRD BASS","","","","","",1,"ใบ",,"",0.00,"           7","           7"
"","","","043-05086","EPIPHONE CASE VIOLA BASS (EVBCS)","","","","","",1,"ใบ",,"",0.00,"           3","           2"
"","","","043-05087","EPIPHONE CASE EL00 (EL0CS)","","","","","",1,"ใบ",,"",0.00,"","           1"
"","","","043-05089","EPIPHONE CASE ZENITH BASS HC (TRBCS)","","","","","",1,"อัน",,"",0.00,"","           2"
"","","","043-05090","TOBY PREMIUM GIGBAG","","","","","",1,"ใบ",,"",0.00,"           5","           4"
"","","","043-05093-FCB","EPIPHONE HUMMINGBIRD STUDIO FADED CHERRY BURST","","","","","",2,"ตัว",,"",0.00,"          57","          30"
"","","","043-05093-TEB","EPIPHONE HUMMINGBIRD STUDIO TRANS EBONY BURST","","","","","",1,"ตัว",,"",0.00,"           3","           6"
"","","","043-05098","EPIPHONE CASE EB-3 BASS (EB3CS)","","","","","",1,"ตัว",,"",0.00,"           1","           2"
"","","","043-05099","EPIPHONE CASE ES-339","","","","","",2,"ใบ",,"",0.00,"          23","          20"
"","","","043-05114-EB","EPIPHONE A. DR-100 EBONY (EA10EBCH1)","","","","","",1,"ตัว",,"",0.00,"         208","         301"
"","","","043-05114-NA","EPIPHONE A. DR-100 NATURAL (EA10NACH1)","","","","","",2,"ตัว",,"",0.00,"         486","         641"
"","","","043-05114-VS","EPIPHONE ACOUSTIC DR-100 VINT.SUNBURST","","","","","",1,"ตัว",,"",0.00,"         368","         468"
"","","","043-05116-NA","EPIPHONE A. AJ-500M NATURAL GLOSS","","","","","",1,"ตัว",,"",0.00
"","","","043-05121-VBS","EPIPHONE DOVE STUDIO VINT BROWN SUNBURST","","","","","",1,"ตัว",,"",0.00,"          48","          27"
"","","","043-05123-3AN","EPIPHONE SST CLASSIC 1.75 ANT. NATURAL","","","","","",1,"ตัว",,"",0.00,"           3","          19"
"","","","043-05125-NA","EPIPHONE PRO-1 ACOUSTIC NATURAL","","","","","",2,"ตัว",,"",0.00,"         937","         309"
"","","","043-05134-VS","EP ES-339 VINT SUNBURST","","","","","",1,"ตัว",,"",0.00,"          13","          33"
"","","","043-05136-2VS","EP CASINO V.SUNBURST W/ GIGBAG","","","","","",1,"ตัว",,"",0.00,"           6","          18"
"","","","043-05140-PB","EP DAVE GROHL DG-335 W/HARD CASE","","","","","",1,"ตัว",,"",0.00,"           6","          19"
"","","","043-05142-3AW","EP LP CUSTOM ALPHINE WHITE W/HARD CASE","","","","","",1,"อัน",,"",0.00,"           9","          27"
"","","","043-05202-2EB","EPIPHONE BASS EB-3 EBONY (2 PICKUP)","","","","","",2,"ตัว",,"",0.00,"           3","          16"
"","","","043-05207-5EB","EPIPHONE/ TOBIAS TOBY DELUXE V BASS EBONY","","","","","",1,"ตัว",,"",0.00,"","          35"
"","","","043-05207-5VS","EPIPHONE/ TOBIAS TOBY DELUXE V BASS VIN. SUNBURST","","","","","",1,"ตัว",,"",0.00,"           1","          31"
"","","","043-05210-WR","EP LTD 20TH ANN JACK BASS CASADY WINE RED","","","","","",1,"ตัว",,"",0.00,"","           5"
"","","","043-05212-PB","EPIPHONE NEWPORT BASS PACIFIC BLUE","","","","","",1,"ตัว",,"",0.00,"           2","           1"
"","","","043-05310-PACK","EPIPHONE SLASH "AFD" LP SPECIAL II PERFORMANCE PAC","","","","","",1,"ชุด",,"",0.00,"         195","         172"
"","","","043-05316-1IG","EP LTD ED 2015 JOE BONAMASSA LP INVERNESS GREEN","","","","","",1,"ตัว",,"",0.00,"           1","          20"
"","","","043-05317-3WL","EP LEE MALIA SIGN.LP CUSTOM WALNUT GOLD HDWE","","","","","",1,"ตัว",,"",0.00,"          25","          81"
"","","","043-05322-2PG","EP LTD ED 2016 JOE BONAMASSA FIREBIRD-I-PG","","","","","",1,"ตัว",,"",0.00,"           1","          50"
"","","","043-05331-HS","EP SG SPECIAL VE HER. CHERRY","","","","","",1,"ตัว",,"",0.00,"          60","          77"
"","","","043-05336-SY","EPIPHONE LES PAUL SL SUNSET YELLOW","","","","","",1,"ตัว",,"",0.00,"          62","          89"
"","","","043-05337-HS","EPIPHONE LP SPECIAL VE HER CHERRYBURST","","","","","",1,"ตัว",,"",0.00,"          43","          33"
"","","","043-05344-RBM","EP LES PAUL MUSE RADIO BLUE METTALIC","","","","","",1,"ตัว",,"",0.00,"          11","          22"
"","","","043-05344-WGM","EP LES PAUL MUSE WANDERLUST GREEN METTALIC","","","","","",1,"ตัว",,"",0.00,"           2","          43"
"","","","043-05345-RBM","EP SG MUSE PEARL RADIO BLUE METTALIC","","","","","",1,"ตัว",,"",0.00,"           8","          25"
"","หจก.ห้างดนตรีเบ๊เงียบเส็ง                                ","หน้า   :       18"
"","สินค้าคงเหลือ แยกตามคลังสินค้า    ","ณ วันที่  20 มิ.ย. 2569"
"","รหัสสินค้าจาก","001-01005-000     ","ถึง","เงินมัดจำลูกค","วันที่ : 20/06/2569"
"","คลัง","","รหัสสินค้า","ชื่อสินค้า","","","","","","  จำนวน","","ราคาต่อหน่วย","","มูลค่าคงเหลือ","ยอดค้างรับ","ยอดค้างส่ง"
"","","","043-05347-TBF","EP SG MODERN FIGURED TRANS BLACK FADED","","","","","",2,"ตัว",,"",0.00,"          13","          23"
"","","","043-05348-HS","EP LES PAUL STANDARD 50'S HER.CHERRY SUNBURST","","","","","",1,"ตัว",,"",0.00,"          43","          21"
"","","","043-05348-MG","EPIPHONE LP STANDARD 50'S METTALIC GOLD","","","","","",1,"ตัว",,"",0.00,"          11","           3"
"","","","043-05349-EB","EP LES PAUL STANDARD 60'S EBONY","","","","","",1,"ตัว",,"",0.00,"          17","          24"
"","","","043-05362-AN","EP MASTERBILT EXCELLENTE ANT.NATURAL","","","","","",1,"ตัว",,"",0.00,"          27","          22"
"","","","043-05363-IT","EP MASTERBILT FRONTIER ICE TEA","","","","","",1,"ตัว",,"",0.00,"          20","          12"
"","","","043-05364-AN","EP MASTERBILT TEXAN ANT.NATURAL","","","","","",1,"ตัว",,"",0.00,"          13","          30"
"","","","043-05364-FC","EP MASTERBILT TEXAN FADED CHERRY AGED GLOSS","","","","","",1,"ตัว",,"",0.00,"           7","          14"
"","","","043-05365-NA","EPIPHONE J-15 EC NATURAL","","","","","",2,"ตัว",,"",0.00,"          21","          59"
"","","","043-05366-TE","EPIPHONE J-200EC STUDIO TRANS EBONY","","","","","",1,"ตัว",,"",0.00,"           7","          17"
"","","","043-05367-CH","EPIPHONE SG SPECIAL SATIN E1 CHERRY","","","","","",1,"ตัว",,"",0.00,"          92","          34"
"","","","043-05367-WL","EPIPHONE SG SPECIAL SATIN E1 WALNUT","","","","","",1,"ตัว",,"",0.00,"          11","          15"
"","","","043-05371-VS","EPIPHONE EJ-45EC STUDIO VINT SUNBURST","","","","","",1,"ตัว",,"",0.00,"          27","          20"
"","","","043-05372-NV","EPIPHONE SLASH J-45 NOVEMBER BURST","","","","","",1,"ตัว",,"",0.00,"           9","          17"
"","","","043-05373-APN","EP SLASH LP STD APPETITE BURST","","","","","",1,"ตัว",,"",0.00,"          12","          15"
"","","","043-05373-NVN","EP SLASH LP STD NOVEMBER BURST","","","","","",1,"ตัว",,"",0.00,"           9","           9"
"","","","043-05377-BTA","EP SG PROPHECY BLUE TIGER AGED GLOSS","","","","","",1,"ตัว",,"",0.00,"           3","          25"
"","","","043-05378-HPP","EP STARLING HOT PINK PEARL","","","","","",1,"ตัว",,"",0.00,"           7","          21"
"","","","043-05378-SLB","EP STARLING STARLING BLUE","","","","","",1,"ตัว",,"",0.00,"           8","          20"
"","","","043-05379-NA","EP J-15 EC DELUXE NATURAL","","","","","",1,"ตัว",,"",0.00,"           8","          35"
"","","","043-05384-AVS","EP MASTERBILT J-45 EC AGED VINT SB GLOSS","","","","","",3,"ตัว",,"",0.00,"          14","          14"
"","","","043-05386-RTB","EPIPHONE ES-335 FIGURED RASBERRY TEA BURST","","","","","",2,"ตัว",,"",0.00,"          11","           4"
"","","","043-05389-CBF","EP LP MODERN FIGURED CARIBBEAN BLUE FADED","","","","","",1,"ตัว",,"",0.00,"           8","           9"
"","","","043-05391-RT","EP RIVERA (FREQUENSATOR TAILPIECE) ROYAL TAN","","","","","",1,"ตัว",,"",0.00,"           8","           3"
"","","","043-05392-VN","EP J-200EC STUDIO PARLOR VINT NATURAL","","","","","",1,"ตัว",,"",0.00,"          11","          26"
"","","","043-05394-VS","EP LP JUNIOR VINTAGE SUNBURST","","","","","",1,"ตัว",,"",0.00,"           2","           1"
"","","","043-05395-ACH","EP 1961 LP SG STD AGED 60S CHERRY","","","","","",1,"ตัว",,"",0.00,"          15","          40"
"","","","043-05395-ACW","EP 1961 LP SG STD AGED 60S CLASSIC WHT","","","","","",1,"ตัว",,"",0.00,"           9","          23"
"","","","043-05398-PA","EP LP MELODY MAKER E1 PACIFIC BLUE","","","","","",1,"ตัว",,"",0.00,"","           5"
"","","","043-05398-SY","EP LP MELODY MAKER E1 SUNSET YELLOW","","","","","",1,"ตัว",,"",0.00,"           4","           2"
"","","","043-05400-BW","EP JERRY CANTRELL PROPHECY LP CSTM BONE WHT","","","","","",1,"ตัว",,"",0.00,"           2","           1"
"","","","043-05401-ACW","EP JOAN JETT OLYMPIC SPCL AGED CLASSIC WHT","","","","","",1,"ตัว",,"",0.00,"           2","           1"
"","","","043-05402-NA","EP SONGMAKER DR-212 (12-STRING) NATURAL","","","","","",2,"ตัว",,"",0.00,"           6","           5"
"","","","043-05404-TS","EP THUNDERBIRD 60S BASS TOBACCO SUNBURST","","","","","",1,"ตัว",,"",0.00,"           4","           4"
"","","","043-05409-WI","EP SG CLASSIC P-90S WORN INVERNESS GREEN","","","","","",1,"ตัว",,"",0.00,"           3","           5"
"","หจก.ห้างดนตรีเบ๊เงียบเส็ง                                ","หน้า   :       19"
"","สินค้าคงเหลือ แยกตามคลังสินค้า    ","ณ วันที่  20 มิ.ย. 2569"
"","รหัสสินค้าจาก","001-01005-000     ","ถึง","เงินมัดจำลูกค","วันที่ : 20/06/2569"
"","คลัง","","รหัสสินค้า","ชื่อสินค้า","","","","","","  จำนวน","","ราคาต่อหน่วย","","มูลค่าคงเหลือ","ยอดค้างรับ","ยอดค้างส่ง"
"","","","043-05410-DM","EP POWER PLAYER LP DARK MATTER W/ GIGBAG CBL, PICK","","","","","",1,"ตัว",,"",0.00,"          20","          16"
"","","","043-05411-IB","EP POWER PLYR SG ICE BLUE W/ GIGBAG","","","","","",1,"ตัว",,"",0.00,"          14","          16"
"","","","043-05414-ANA","EP E1 CAPITAN J-200 STUDIO BASS AGED VINT.NATURAL","","","","","",1,"ตัว",,"",0.00,"           3","          10"
"","","","043-05416-ANA","EP 1958 KORINA EXPLORER AGED NATURAL","","","","","",1,"ตัว",,"",0.00,"           5","           4"
"","","","043-05417-ANA","EP 1958 KORINA FLYING V AGED NATURAL","","","","","",1,"ตัว",,"",0.00,"           3","           6"
"","","","043-05420-WN","EP JIM JAMES ES-335 70'S WALNUT W/HARDCASE","","","","","",1,"ตัว",,"",0.00,"           1","           1"
"","","","043-05421-BM","EP DAVE MUSTAINE FLYING V CSTM BLK METTALIC","","","","","",1,"ตัว",,"",0.00,"","           6"
"","","","043-05426-PM","EP KIRK HAMMETT 1979 FLYING V PURPLE W/CASE","","","","","",1,"ตัว",,"",0.00,"           3","           2"
"","","","043-05430-PB","EP JARED JAMES NICHOLS"BLUES POWER'LP CSTM AGED PB","","","","","",1,"ตัว",,"",0.00,"           1","           1"
"","","","043-05431-AG","EP KIRK HAMMET "GREENY" 1959 LP TSD AGED GREENY","","","","","",1,"ตัว",,"",0.00,"           3","           7"
"","","","043-05433-ASB","EP ADAM JONES LP CSTM ART-MARK RYDEN'S QUEEN BEE A","","","","","",1,"ตัว",,"",0.00,"           2","           2"
"","","","043-05434-LR","EP LP TRIBUTE E1 LAVA RED","","","","","",1,"ตัว",,"",0.00,"           4","           8"
"","","","043-05435-EB","EP SG TRIBUTE E1 EBONY","","","","","",1,"ตัว",,"",0.00,"           9","           3"
"","","","043-05437-CW","EP 1963 SG CSTM W MAESTRO VIBROLA CLASSIC WHT","","","","","",1,"ตัว",,"",0.00,"           1","           3"
"","","","043-05439-EB","EP LP CSTM EBONY WHITE GOLD HDWE W/CASE","","","","","",1,"ตัว",,"",0.00,"          10","          10"
"","","","043-05442-EB","EP JIMI HENDRIX "LOVE DROPS"FLYING V EBONY","","","","","",1,"ตัว",,"",0.00,"           8","           5"
"","","","043-05449-IG","EP-ES-335 TRAD PRO INVERNESS GREEN","","","","","",1,"ตัว",,"",0.00,"           1","           1"
"","","","043-05453-DCB","EP 1959 LP STD REISSU DEEP CHERRY SUNBURST","","","","","",1,"ตัว",,"",0.00,"           1","           4"
"","","","043-05454-AW","EP LTD ED DOVE PRO ALPHINE WHITE","","","","","",1,"ตัว",,"",0.00,"           1","           7"
"","","","043-05457-ER","EP-THUNDERBURST '64 EMBER RED W/GIGBAG","","","","","",1,"ตัว",,"",0.00,"           1","           4"
"","","","043-05462-NA","EP HUMMINGBRID DLX EC NATURAL W/CASE","","","","","",1,"ตัว",,"",0.00,"           2"
"","","","043-05463-HCS","EP 1960 HUMMINGBRID REISSUE HER CHERRY SB W/CASE","","","","","",1,"ตัว",,"",0.00,"           2","           1"
"","","","043-05464-AN","EP 1957 SJ-200 REISSUE ANTIQUE NATURAL W/CASE","","","","","",1,"ตัว",,"",0.00,"           3","           4"
"","","","043-05465-OX","EPIPHONE 1954 LP JEFF BECK OXBLOOD W/ HARD CASE","","","","","",1,"ตัว",,"",0.00,"           1","           1"
"","","","043-05468-TY","EP SG STD TV YELLOW W/GIGBAG","","","","","",1,"ตัว",,"",0.00,"           3","           8"
"","","","043-05469-MB","EP LP MODERN FIGURED MOJAVE BURST W/GIGBAG","","","","","",1,"ตัว",,"",0.00,"           1","           1"
"","","","043-05475-CH","EP SG STANDARD CHERRY W/GIGBAG","","","","","",1,"ตัว",,"",0.00,"           5","          21"
"","","","043-05475-EB","EP SG STANDARD EBONY W/GIGBAG","","","","","",1,"ตัว",,"",0.00,"           3","          16"
"","","","043-05476-SC","EP 1962 ES-335 REISSUE SIXTIES CHERRY","","","","","",1,"ตัว",,"",0.00,"           1","           1"
"","","","043-05478-PB","EP SG MODERN FIGURED PURPLE BURST W/GIGBAG","","","","","",1,"ตัว",,"",0.00,"           1","           1"
"","","","043-05479-AEB","EP JOE BONAMASSA 59 LP CSTM ANT. EBONY BIGSBY","","","","","",1,"ตัว",,"",0.00,"           2","           2"
"","","","043-05481-EB","EP-J-180 LS EBONY W/HARD CASE","","","","","",1,"ตัว",,"",0.00,"           1","           1"
"","","","043-20002","GIBSON STRING SEG-700UL BRITE WIRES 09/42","","","","","",2,"ชุด",,"",0.00,"       5,680","      13,748"
"","","","043-20003","GIBSON STRING SEG-700L BRITE WIRES 10/46","","","","","",1,"ชุด",,"",0.00,"         982","       7,123"
"","","","043-20004","GIBSON STRING SEG-700ML BRITE WIRES 11/50","","","","","",44,"ชุด",,"",0.00,"          40","         144"
"","หจก.ห้างดนตรีเบ๊เงียบเส็ง                                ","หน้า   :       20"
"","สินค้าคงเหลือ แยกตามคลังสินค้า    ","ณ วันที่  20 มิ.ย. 2569"
"","รหัสสินค้าจาก","001-01005-000     ","ถึง","เงินมัดจำลูกค","วันที่ : 20/06/2569"
"","คลัง","","รหัสสินค้า","ชื่อสินค้า","","","","","","  จำนวน","","ราคาต่อหน่วย","","มูลค่าคงเหลือ","ยอดค้างรับ","ยอดค้างส่ง"
"","","","043-20011","GIBSON STRING SEG-900ML NICKLE PLUS .011","","","","","",1,"ชุด",,"",0.00,"","          10"
"","","","043-20012","GIBSON STRING SEG-900M NICKEL PLUS 12/56","","","","","",1,"ชุด",,"",0.00,"          10","           6"
"","","","043-20051","GIBSON STRING SAG-MB10 MASTERBUILT 10-47","","","","","",18,"ชุด",,"",0.00,"      10,954","      39,323"
"","","","043-20052","GIBSON STRING SAG-MB11 MASTERBUILT 11-52","","","","","",38,"ชุด",,"",0.00,"       1,244","       6,864"
"","","","043-20053","GIBSON STRING SAG-MB12 MASTERBUILT 12-52","","","","","",16,"ชุด",,"",0.00,"         160","       1,382"
"","","","043-20054","GIBSON STRING SAG-MB13 MASTERBUILT 013-0","","","","","",13,"ชุด",,"",0.00,"          10","         120"
"","","","043-21008","GIBSON PLAIN STEEL STRING .008","","","","","",10,"เส้น",,"",0.00
"","","","043-21012","GIBSON PLAIN STEEL STRING .012","","","","","",25,"เส้น",,"",0.00,"","          60"
"","","","043-21013","GIBSON PLAIN STEEL STRING .013","","","","","",112,"เส้น",,"",0.00,"          84","          96"
"","","","043-21016","GIBSON PLAIN STEEL STRING .016","","","","","",125,"เส้น",,"",0.00
"","","","043-21017","GIBSON PLAIN STEEL STRING .017","","","","","",42,"เส้น",,"",0.00,"          84"
"","","","043-21020","GIBSON NICKEL PLATED STEEL WOUND .020","","","","","",260,"เส้น",,"",0.00
"","","","043-21022","GIBSON NICKEL PLATED STEEL WOUND .022","","","","","",41,"เส้น",,"",0.00,"","          96"
"","","","043-21026","GIBSON NICKEL PLATED STEEL WOUND .026","","","","","",49,"เส้น",,"",0.00
"","","","043-21028","GIBSON NICKEL PLATED STEEL WOUND .028","","","","","",142,"เส้น",,"",0.00
"","","","043-21032","GIBSON NICKEL PLATED STEEL WOUND .032","","","","","",179,"เส้น",,"",0.00
"","","","043-21036","GIBSON NICKEL PLATED STEEL WOUND .036","","","","","",72,"เส้น",,"",0.00
"","","","043-21042","GIBSON NICKEL PLATED STEEL WOUND .042","","","","","",44,"เส้น",,"",0.00
"","","","043-21046","GIBSON NICKEL PLATER STEEL WOUND .046","","","","","",12,"เส้น",,"",0.00
"","","","043-21048","GIBSON NICKEL PLATED STEEL WOUND .048","","","","","",73,"เส้น",,"",0.00
"","","","043-94008-163","GIBSON LES PAUL CASE","","","","","",1,"ใบ",,"",0.00,"           2","          12"
"","","","043-94008-374","GIBSON SG CASE","","","","","",1,"ใบ",,"",0.00,"           2","           8"
"","","","043-9AIGG-910","GIBSON GUITAR POLISH PUMP","","","","","",6,"ขวด",,"",0.00,"       1,899","       1,873"
"","","","043-9AIGG-925","GIBSON STANDARD POLISH CLOTH","","","","","",4,"ผืน",,"",0.00,"         228","         389"
"","","","043-9AIGG-PPC","GB PREMIUM POLISH CLOTH","","","","","",5,"ผืน",,"",0.00,"          44","         108"
"","","","043-9AIGG-RK1","GIBSON V.REISSUE GUITAR RESTORATION KIT","","","","","",3,"ชุด",,"",0.00,"         145","         289"
"","","","043-9AILC-975","GB LUTHIER'S CHOICE TRIPLE PACK","","","","","",4,"ชุด",,"",0.00,"         123","         536"
"","","","043-9APRG-74H","GIBSON 1/2 GLOSS STANDARD STYLE HEAVY","","","","","",2,"ห่อ",,"",0.00,"          15","          26"
"","","","043-9ASAU-BRN","GIBSON THE AUSTIN PREMIUM COMFORT STRAP","","","","","",1,"เส้น",,"",0.00,"","           5"
"","","","043-9ASGG-600","GIBSON STRAP WOVEN GOLD LOGO ASGG-600 RED","","","","","",1,"เส้น",,"",0.00,"         235","         196"
"","","","043-9ASGG-BL020","GIBSON BRUSHED LEATHER STRAP BROWN COGNAC","","","","","",1,"เส้น",,"",0.00,"           1","           2"
"","","","043-9ASGS-B10","GIBSON REGULAR STYLE 2" STRAP JET BLACK","","","","","",4,"เส้น",,"",0.00,"         232","         201"
"","","","043-9ASGSB-10","GIBSON THE SEATBELT STRAP BLACK","","","","","",2,"อัน",,"",0.00,"          97","          37"
"","","","043-9ASGSB-L20","GB LIGHTNING BOLT STYLE 2'' STRAP FERRAR","","","","","",3,"เส้น",,"",0.00,"         164","         115"
"","","","043-9ASLPCASE","GIBSON CASE GUITAR FOR LP","","","","","",1,"ใบ",,"",0.00,"           8","           7"
"","หจก.ห้างดนตรีเบ๊เงียบเส็ง                                ","หน้า   :       21"
"","สินค้าคงเหลือ แยกตามคลังสินค้า    ","ณ วันที่  20 มิ.ย. 2569"
"","รหัสสินค้าจาก","001-01005-000     ","ถึง","เงินมัดจำลูกค","วันที่ : 20/06/2569"
"","คลัง","","รหัสสินค้า","ชื่อสินค้า","","","","","","  จำนวน","","ราคาต่อหน่วย","","มูลค่าคงเหลือ","ยอดค้างรับ","ยอดค้างส่ง"
"","","","043-9ASSS-BLK","GIBSON SLINGSHOT BLK TOP LEATHER W/ ELASTIC PULL","","","","","",3,"เส้น",,"",0.00,"           9","          14"
"","","","043-9ASTD-MG","GIBSON HANDCRAFTED MAHOGANY GUITAR STAND","","","","","",2,"อัน",,"",0.00,"          16","          10"
"","","","043-9ASTD-MG2","GB HANDCRAFTED WOODEN GTR STAND","","","","","",1,"ตัว",,"",0.00,"           5","           4"
"","","","043-9ASTR-BRN","GIBSON TROUBADOR BROWN STRAP","","","","","",1,"เส้น",,"",0.00,"           7","          11"
"","","","043-9ASVS-EMB","GB THE EMBER STRAP","","","","","",1,"เส้น",,"",0.00,"          11","           8"
"","","","043-9ASVS-GAR","GB THE GARDEN STRAP","","","","","",1,"เส้น",,"",0.00,"          29","          24"
"","","","043-9ASVS-PRM","GB THE PRIMROSE STRAP","","","","","",1,"เส้น",,"",0.00,"          11","           8"
"","","","043-9ATMT-01","GIBSON MULTI TOOL","","","","","",1,"ชุด",,"",0.00,"          70","          79"
"","","","043-9ATSC-01","GIBSON STRING CHANGE KIT","","","","","",1,"ชุด",,"",0.00,"           6","          30"
"","","","043-9ATTK-01","GIBSON MOBILE TECH TOOL KIT","","","","","",1,"ชุด",,"",0.00,"          15","          13"
"","","","043-9BLKT-MD","GIBSON LOGO T-SHIRT MEDIUM BLACK","","","","","",1,"ตัว",,"",0.00,"           7","          10"
"","","","043-9BLKT-SM","GIBSON LOGO T-SHIRT SMALL BLACK","","","","","",2,"ตัว",,"",0.00,"           4","           3"
"","","","043-9CARE-KIT","GIBSON CLEAR BUCKET CARE KIT (กระป๋อง)","","","","","",2,"ชุด",,"",0.00,"          65","         173"
"","","","043-9CASETSGHB1","GB HARD SHELL CASE SG HISTORIC BROWN","","","","","",1,"ตัว",,"",0.00,"","           1"
"","","","043-9GA-CLK1","GIBSON VINT LIGHTED WALL CLOCK , KALAMAZOO","","","","","",1,"เรือน",,"",0.00,"           3","           3"
"","","","043-9GA-CLK3","GB VINT LIGHTED WALL CLOCK, GIBSON INC.","","","","","",1,"อัน",,"",0.00,"           2","           2"
"","","","043-9GC-R05","GIBSON GC-R05 MEMORY CABLE 16FT","","","","","",2,"เส้น",,"",0.00,"","           3"
"","","","043-9IM00-TDB","GIBSON PICK UP 500T DOUBLE BLACK","","","","","",2,"ตัว",,"",0.00,"           3","           6"
"","","","043-9IM00-TZB","GIBSON PICKUP 500T ZEBRA","","","","","",2,"ตัว",,"",0.00,"           3","           7"
"","","","043-9IM57-BDB","GIBSON PICKUP BURSTBUCKER TYPE 2 DBL BLACK","","","","","",1,"ตัว",,"",0.00,"","           4"
"","","","043-9IM57-R4P","GB 57 CLASSIC NICKEL 4 CONDUCTOR POTEED","","","","","",2,"ตัว",,"",0.00,"           2","           3"
"","","","043-9IM57-RGH","GIBSON PICKUP 57 CLASSIC GOLD","","","","","",1,"ตัว",,"",0.00,"","           8"
"","","","043-9IM90-RDB","GIBSON PICKUP 490R CLASSIC DBL BLK NECK","","","","","",1,"ตัว",,"",0.00,"","           3"
"","","","043-9IM90-RNH","GIBSON PICKUP 490R NICKEL","","","","","",2,"ตัว",,"",0.00,"           7","          12"
"","","","043-9IMD-FDB","GIBSON PICKUP DIRTY FINGER DBL BLACK","","","","","",1,"ตัว",,"",0.00,"           3","           4"
"","","","043-9PBBR-015","GIBSON ABR-1 NICKEL W/FULL ASSEMBLY","","","","","",1,"ชุด",,"",0.00,"           3","           4"
"","","","043-9PBBR-030","GB NASHVILLE TUNE-O-MATIC BRIDGE CHROME","","","","","",1,"ชุด",,"",0.00,"          21","          30"
"","","","043-9PBBR-045","GB NASHVILLE TUNE-O-MATIC BRIDGE NICKEL","","","","","",2,"ชุด",,"",0.00,"          24","          16"
"","","","043-9PBBR-059","GIBSON HISTORIC NON WIRE ABR-1 BRIDGE NICKEL","","","","","",1,"ชุด",,"",0.00,"           9","           7"
"","","","043-9PBBR-065","GIBSON HISTORIC NON WIRE ABR-1 BRIDGE GOLD","","","","","",2,"ชุด",,"",0.00,"           2","           2"
"","","","043-9PMMH-010","GIBSON PEARLOID MACHINE HEADS NICKE","","","","","",1,"ชุด",,"",0.00,"          22","          57"
"","","","043-9PMMH-015","GIBSON MODERN NICKEL MACHINE HEADS METAL","","","","","",1,"ชุด",,"",0.00,"          16","          23"
"","","","043-9PMMH-020","GIBSON VINTAGE GOLD MACHINE HEADS PEARLO","","","","","",1,"ชุด",,"",0.00,"          12","          22"
"","","","043-9PMMH-025","GIBSON MODERN GOLD MACHINE HEADS METAL","","","","","",1,"ชุด",,"",0.00,"           9","          14"
"","","","043-9PMMH-040","GIBSON VINTAGE LP CLASSIC MACHINE HEAD","","","","","",1,"ชุด",,"",0.00,"          22","          18"
"","หจก.ห้างดนตรีเบ๊เงียบเส็ง                                ","หน้า   :       22"
"","สินค้าคงเหลือ แยกตามคลังสินค้า    ","ณ วันที่  20 มิ.ย. 2569"
"","รหัสสินค้าจาก","001-01005-000     ","ถึง","เงินมัดจำลูกค","วันที่ : 20/06/2569"
"","คลัง","","รหัสสินค้า","ชื่อสินค้า","","","","","","  จำนวน","","ราคาต่อหน่วย","","มูลค่าคงเหลือ","ยอดค้างรับ","ยอดค้างส่ง"
"","","","043-9PPAT-300","GIBSON 300K OHM LINEAR TAPER LONG SHAFT","","","","","",1,"ตัว",,"",0.00,"          31","         289"
"","","","043-9PPAT-500","GIBSON 500K OHM AUDIO TAPER LONG SHAFT","","","","","",5,"ตัว",,"",0.00,"         352","         472"
"","","","043-9PPAT-510","GIBSON 500K OHM AUDIO TAPER SHORT SHAFT","","","","","",4,"ตัว",,"",0.00,"         216","         414"
"","","","043-9PPAT-520","GIBSON 500K OHM AUDIO TAPER PUSH PULL SHORT","","","","","",4,"ตัว",,"",0.00,"          14","          12"
"","","","043-9PRBS-030","GIBSON NASHVILLE T.O.M.SADDLE (CHROME)","","","","","",1,"ชุด",,"",0.00,"           6","           9"
"","","","043-9PRBS-040","GIBSON NASHVILLE T.O.M.SADDLE (GOLD)","","","","","",1,"ชุด",,"",0.00,"","           3"
"","","","043-9PRCP-010","GIBSON CONTROL PLATE BLACK","","","","","",1,"ชุด",,"",0.00,"           4","           5"
"","","","043-9PRCP-030","GIBSON SG CONTROL PLATE BLACK","","","","","",2,"ชุด",,"",0.00,"           3","           2"
"","","","043-9PRHK-010","GIBSON TOP HAT KNOBS BLACK","","","","","",3,"ชุด",,"",0.00,"          24","          30"
"","","","043-9PRHK-020","GIBSON TOP HAT KNOBS GOLD","","","","","",4,"ชุด",,"",0.00,"          63","          79"
"","","","043-9PRHK-030","GIBSON TOP HAT KNOBS V.AMBER","","","","","",2,"ชุด",,"",0.00,"          56","          61"
"","","","043-9PRJP-020","GIBSON JACK PLATE GOLD","","","","","",1,"ชุด",,"",0.00,"          17","          19"
"","","","043-9PRJP-040","GIBSON JACK PLATE NICKEL","","","","","",1,"ชุด",,"",0.00,"          13","          42"
"","","","043-9PRJP-050","GIBSON JACK PLATE EXPLORER CHROME","","","","","",1,"ชุด",,"",0.00,"           6","           1"
"","","","043-9PRKP-060","GB HISTORIC SPEC KNOB POINTERS GOLD(4)","","","","","",1,"ชุด",,"",0.00,"           7","           9"
"","","","043-9PRMK-010","GB TOP HAT STYLE BLACK W/SILVER METAL INSERT","","","","","",1,"ชุด",,"",0.00,"          64","          93"
"","","","043-9PRMK-020","GB TOP HAT STYLE BLACK W/GOLD METAL INSE","","","","","",3,"ชุด",,"",0.00,"          48","          66"
"","","","043-9PRMK-030","GB TOP HAT STYLE GOLD W/GOLD METAL INSER","","","","","",1,"ชุด",,"",0.00,"          50","          46"
"","","","043-9PRPB-010","GIBSON PICKGUARD BRACKET GOLD","","","","","",1,"ชุด",,"",0.00,"          15","          12"
"","","","043-9PRPB-030","GIBSON PICKGUARD BRACKET NICKEL","","","","","",1,"ชุด",,"",0.00,"          30","          26"
"","","","043-9PRPC-010","GIBSON NECK POSITION HUM.COVER CHROME","","","","","",3,"ตัว",,"",0.00,"          24","          21"
"","","","043-9PRPC-015","GIBSON BRIDGE POSITION HUM.COVER CHROME","","","","","",2,"ตัว",,"",0.00,"          10","          13"
"","","","043-9PRPC-020","GIBSON NECK POSITION HUM.COVER GOLD","","","","","",7,"ตัว",,"",0.00,"          15","          19"
"","","","043-9PRPC-025","GIBSON BRIDGE POSITION HUM.COVER GOLD","","","","","",4,"ตัว",,"",0.00,"           7","          14"
"","","","043-9PRPC-030","GIBSON NECK POSITION HUM.COVER NICKEL","","","","","",3,"ตัว",,"",0.00,"          28","          29"
"","","","043-9PRPC-035","GIBSON BRIDGE POSITION HUM.COVER NICKEL","","","","","",2,"ตัว",,"",0.00,"          16","          16"
"","","","043-9PRPC-055","GB P-90/P-100 PICKUP "SOAPBAR" COVER CREME","","","","","",4,"ตัว",,"",0.00,"           2","           2"
"","","","043-9PRPG-010","GIBSON LP STUDIO PICKGUARD BLACK","","","","","",2,"ชุด",,"",0.00,"           6","          15"
"","","","043-9PRPG-020","GIBSON LP CUSTOM PICKGUARD BLACK","","","","","",1,"ชุด",,"",0.00,"          21","          23"
"","","","043-9PRPG-030","GIBSON LP STANDARD PICKGUARD CREME","","","","","",1,"ชุด",,"",0.00,"          33","          36"
"","","","043-9PRPG-050","GIBSON HISTORIC 59 CREME PICKGUARD","","","","","",1,"ชุด",,"",0.00,"           7","           8"
"","","","043-9PRPR-015","GIBSON PICKUP MTG.RING 1/8" NECK CREME","","","","","",2,"ชุด",,"",0.00,"          55","          71"
"","","","043-9PRPR-020","GIBSON PICKUP MTG.RING 3/8" BRIDGE BLACK","","","","","",1,"ชุด",,"",0.00,"          32","          81"
"","","","043-9PRPR-035","GIBSON HISTORIC CREME NECK&BRIDGE PICKUP RING SET","","","","","",1,"ชุด",,"",0.00,"          12","          14"
"","","","043-9PRSK-020","GIBSON SPEED KNOBS GOLD","","","","","",2,"ชุด",,"",0.00,"          55","          61"
"","หจก.ห้างดนตรีเบ๊เงียบเส็ง                                ","หน้า   :       23"
"","สินค้าคงเหลือ แยกตามคลังสินค้า    ","ณ วันที่  20 มิ.ย. 2569"
"","รหัสสินค้าจาก","001-01005-000     ","ถึง","เงินมัดจำลูกค","วันที่ : 20/06/2569"
"","คลัง","","รหัสสินค้า","ชื่อสินค้า","","","","","","  จำนวน","","ราคาต่อหน่วย","","มูลค่าคงเหลือ","ยอดค้างรับ","ยอดค้างส่ง"
"","","","043-9PRSP-010","GIBSON LP SWITCHPLATE COVER BLACK","","","","","",2,"ชุด",,"",0.00,"          23","          20"
"","","","043-9PRTK-010","GIBSON TOGGLE SWITCH CAP BLACK","","","","","",2,"ตัว",,"",0.00,"          48","          74"
"","","","043-9PRTK-020","GIBSON TOGGLE SWITCH CAP WHITE","","","","","",1,"ตัว",,"",0.00,"          64","          71"
"","","","043-9PRTR-010","GIBSON TRUSS ROD COVER BLACK","","","","","",2,"ชุด",,"",0.00,"          38","          44"
"","","","043-9PRTR-020","GIBSON TRUSS ROD COVER LES PAUL CUSTOM","","","","","",2,"ชุด",,"",0.00,"          20","          20"
"","","","043-9PRTR-030","GIBSON TRUSS ROD COVER LP STANDARD","","","","","",1,"ชุด",,"",0.00,"          20","          26"
"","","","043-9PRTR-040","GIBSON TRUSS ROD COVER LP STUDIO","","","","","",3,"ชุด",,"",0.00,"          15","           7"
"","","","043-9PRTR-061","GIBSON HISTORIC SPEC TRUSS ROD COVER '61 LP","","","","","",1,"ชุด",,"",0.00,"          13","          10"
"","","","043-9PRWA-010","GIBSON SWITCHWASHER BLACK GOLD IMPRINT","","","","","",2,"อัน",,"",0.00,"          48","          50"
"","","","043-9PRWA-020","GIBSON SWITCHWASHER BLACK / WHITE IMPRIN","","","","","",1,"อัน",,"",0.00,"          14","          38"
"","","","043-9PRWA-030","GIBSON SWITCHWASHER CREME GOLD IMPRINT","","","","","",1,"อัน",,"",0.00,"          62","         107"
"","","","043-9PSTS-010","GB TOGGLE SWITCH L-TYPE W/CREAM SWITCH C","","","","","",1,"ตัว",,"",0.00,"          38","          87"
"","","","043-9PSTS-020","GIBSON STRAIGHT TYPE W/CREAM SWITCH CAP","","","","","",2,"ตัว",,"",0.00,"          59","          75"
"","","","043-9PTTP-010","GIBSON STOP BAR CHROME","","","","","",2,"ชุด",,"",0.00,"          16","           9"
"","","","043-9PTTP-020","GIBSON GOLD STOP BAR WITH STUDS & INSERT","","","","","",1,"ชุด",,"",0.00,"          13","          10"
"","","","043-9PTTP-050","GIBSON BLACK CHROME STOP BAR WITH STUDS INSERT","","","","","",1,"ชุด",,"",0.00,"","           1"
"","","","043-9PTTP-070","GB LIGHTENING BAR WRAPAROUND COMPENSATING","","","","","",1,"ชุด",,"",0.00
"","","","043-9PTTP-080","GB HISTORIC LIGHTWEIGHT TAILPIECE (GOLD)","","","","","",1,"อัน",,"",0.00,"           1","           1"
"","","","043-9SAG-BRW11","GB BRITE 80/20 BRONZE ACOUSTIC GTR STRING #BRW11","","","","","",17,"ชุด",,"",0.00,"       6,354","         476"
"","","","043-9SAG-BRW12","GB BRITE 80/20 BRONZE ACOUSTIC GTR STRING #BRW12","","","","","",7,"ชุด",,"",0.00,"       1,550","         276"
"","","","043-9SAG-CPB11","GB COATED PHOSPHOR BRONZE ACOUSTIC #11","","","","","",3,"ชุด",,"",0.00,"       4,093","       1,503"
"","","","043-9SAG-PB11","GB PHOSPHOR BRONZE ACOUSTIC GTR STRING ULTRA LIGHT","","","","","",4,"ชุด",,"",0.00,"       1,740","         210"
"","","","043-9SAG-PB12","GB PHOSPHOR BRONZE ACOUSTIC GTR STRING LIGHT","","","","","",1,"ชุด",,"",0.00,"         450","         130"
"","","","043-9SEG-BWR10","GB BRITE WIRE REINFORCE  ELEC. GTR STRING #10","","","","","",9,"ชุด",,"",0.00,"       3,335","         867"
"","","","043-9SEG-BWR11","GB BRITES REINFORCE ELECTRIC GTR STRING #11","","","","","",7,"ชุด",,"",0.00,"          80","          30"
"","","","043-9SEG-BWR9","GB BRITE WIRE REINFORCE  ELEC. GTR STRING #9","","","","","",20,"ชุด",,"",0.00,"       5,194","         787"
"","","","043-9SEG-HVR10","GB VINT REISSUE ELEC GUITAR STRING LIGHT #10","","","","","",2,"ชุด",,"",0.00,"         370","         235"
"","","","043-9SEG-HVR11","GB VINT REISSUE ELEC GUITAR STRING MEDIUM #11","","","","","",11,"ชุด",,"",0.00,"         190","          80"
"","","","043-9XXGIG","EPIPHONE LP/SG EXPRESS GUITAR GIGBAG","","","","","",1,"ใบ",,"",0.00,"           1","           1"
"","","","043-APRB12-74H","GB STANDARD PICK (12) HEAVY","","","","","",1,"",,"",0.00,"           4","           4"
"","","","043-APRB12-74M","GB STANDARD PICK (12) MEDIUM","","","","","",3,"",,"",0.00,"           9","           4"
"","","","043-APRB12-74XH","GB STANDARD PICK (12) EXTRA HEAVY","","","","","",2,"",,"",0.00,"           2","           2"
"","","","043-APRG50-74M","GIBSON PICK TIN/PACK MEDIUM","","","","","",2,"อัน",,"",0.00,"          19","          40"
"","","","043-APRGG-73H","GIBSON WEDGE PICK BLK HEAVY PACK (72 PCS)","","","","","",1,"",,"",0.00,"           1","           1"
"","","","043-APRGG-73M","GIBSON WEDGE PICK BLK MEDIUM PACK (72 PCS)","","","","","",1,"",,"",0.00,"           1","           1"
"","หจก.ห้างดนตรีเบ๊เงียบเส็ง                                ","หน้า   :       24"
"","สินค้าคงเหลือ แยกตามคลังสินค้า    ","ณ วันที่  20 มิ.ย. 2569"
"","รหัสสินค้าจาก","001-01005-000     ","ถึง","เงินมัดจำลูกค","วันที่ : 20/06/2569"
"","คลัง","","รหัสสินค้า","ชื่อสินค้า","","","","","","  จำนวน","","ราคาต่อหน่วย","","มูลค่าคงเหลือ","ยอดค้างรับ","ยอดค้างส่ง"
"","","","043-APRGG-73T","GIBSON WEDGE PICK BLK THIN PACK (72 PCS)","","","","","",1,"",,"",0.00,"           1","           1"
"","","","043-APRT12-74H","GIBSON TORTOISE PICK , 12 PACKS HEAVY","","","","","",2,"ห่อ",,"",0.00,"           3","          12"
"","","","043-APRT12-74M","GIBSON TORTOISE PICK , 12 PACKS MEDIUM","","","","","",2,"ห่อ",,"",0.00,"           6","          29"
"","","","043-APRW12-74H","GIBSON PEARLOID WHITE PICKS, 12 PACK HEAVY","","","","","",2,"ห่อ",,"",0.00,"           5","          16"
"","","","043-APRW12-74M","GIBSON PEARLOID WHITE PICKS, 12 PACK MEDIUM","","","","","",2,"ห่อ",,"",0.00,"          15","          35"
"","","","043-ASBELT-BLK","GB THE SEATBELT BLACK STRAP","","","","","",1,"เส้น",,"",0.00,"           1","           1"
"","","","043-ASBELT-RED","GB THE SEATBELT RED STRAP","","","","","",1,"เส้น",,"",0.00,"           1","           1"
"","","","043-ASBELT-WHT","GB THE SEATBELT WHITE STRAP","","","","","",1,"เส้น",,"",0.00,"           5","           2"
"","","","043-ASBOLT-BLK","GB LIGHTNING BOLD SEATBEL GTR STRAP BLK","","","","","",2,"เส้น",,"",0.00,"          57","          37"
"","","","043-ASBOLT-RED","GB THE SEATBELT STRAP RED","","","","","",1,"เส้น",,"",0.00,"          16","           2"
"","","","043-ASBOLT-WHT","GB THE SEATBELT WHITE STRAP","","","","","",3,"เส้น",,"",0.00,"          15","           4"
"","","","043-ASPGIG-DN","GB PREMIUM GIGBAG DREADNOUGHT/SQUARE SHOULDER","","","","","",1,"ตัว",,"",0.00,"           8","           9"
"","","","043-ASPGIG-LPSG","GB PREMIUM GIGBAG LES PAUL & SG","","","","","",1,"ใบ",,"",0.00,"          11","           5"
"","","","043-ASPIN-FVW","GB FLYING V PIN","","","","","",1,"ตัว",,"",0.00,"           3","           3"
"","","","043-ASPIN-GP","GB GUITAR PICK PIN","","","","","",1,"ตัว",,"",0.00,"           3","           3"
"","","","043-ASPIN-HMB","GB HUMMINGBIRD PIN","","","","","",1,"ตัว",,"",0.00,"           3","           1"
"","","","043-ASPIN-LPC","GB LES PAUL CUSTOM PIN","","","","","",1,"ตัว",,"",0.00,"           5","           5"
"","","","043-ASPRCASE-LP","GB DLX PROTECTOR CASE LES PAUL","","","","","",1,"ตัว",,"",0.00,"           6","           4"
"","","","043-ASSLSH-GLD","GB SLASH PREMIUM LEATHER GTR STRAP BLACK","","","","","",1,"เส้น",,"",0.00,"           3","           2"
"","","","043-CLOCK","EPIPHONE EUROPE ROHS RED WALL CLOCK","","","","","",3,"เรือน",,"",0.00,"","           1"
"","","","043-FLOOR MAT","EPIPHONE FLOOR MAT ARTWORK ( พรม )","","","","","",3,"ผืน",,"",0.00,"","           3"
"","","","043-G-BEANIE","GIBSONBEANIE BLK W/WHITE LOGO (หมวก)","","","","","",1,"ด้าม",,"",0.00,"","           1"
"","","","043-GA-BKMC","GIBSON BLACK TRUCKER SNAPBACK","","","","","",2,"ใบ",,"",0.00,"          24","          20"
"","","","043-GA-BLMUM","GIBSON LOGO MEN'S MUSCLE MEDIUM SIZE","","","","","",1,"ตัว",,"",0.00,"           3","           3"
"","","","043-GA-CNVSTRHT","GIBSON CANVAS TRUCKER","","","","","",1,"ใบ",,"",0.00,"           3","           3"
"","","","043-GA-GBSNBBHT","THE GIBSON BASEBALL HAT","","","","","",1,"ใบ",,"",0.00,"           2","           1"
"","","","043-GA-GFBBMMD","GB FIREBIRD T (BLK) MEDIUM","","","","","",1,"ตัว",,"",0.00,"           6","           6"
"","","","043-GA-GGTTH","GIBSON TRISTAN TRUCKER","","","","","",1,"ใบ",,"",0.00,"           6","           6"
"","","","043-GA-LCBNRTMD","GB T-SHIRT BANNER LOGO TEE MEDIUM","","","","","",1,"ตัว",,"",0.00,"           6","           3"
"","","","043-GA-LCFLRTMD","GB FLORAL LOGO TEE, MEDIUM","","","","","",1,"ตัว",,"",0.00,"           2","           1"
"","","","043-GA-LCTGLTMD","GB T-SHIRT THE GIBSON LOGO TEE MEDIUM","","","","","",2,"ตัว",,"",0.00,"           4","           1"
"","","","043-GA-PBRMSM","GB PLAYED BY THE GREAT VINT T-SHIRT SMALL","","","","","",1,"ตัว",,"",0.00
"","","","043-GA-SLSHBBHT","GB SLASH "SKULLY" BASEBALL HAT","","","","","",1,"ใบ",,"",0.00,"           6","           5"
"","","","043-GASLSHTRHTB","GB SLASH SKULLY TRUCKER HAT, BLK/BLK","","","","","",1,"ตัว",,"",0.00,"           1"
"","","","043-GFORCE","GIBSON G-FORCE BATTERY","","","","","",2,"อัน",,"",0.00,"","           1"
"","หจก.ห้างดนตรีเบ๊เงียบเส็ง                                ","หน้า   :       25"
"","สินค้าคงเหลือ แยกตามคลังสินค้า    ","ณ วันที่  20 มิ.ย. 2569"
"","รหัสสินค้าจาก","001-01005-000     ","ถึง","เงินมัดจำลูกค","วันที่ : 20/06/2569"
"","คลัง","","รหัสสินค้า","ชื่อสินค้า","","","","","","  จำนวน","","ราคาต่อหน่วย","","มูลค่าคงเหลือ","ยอดค้างรับ","ยอดค้างส่ง"
"","","","043-GPBKBK-HS","GIBSON PEN HEADSTOCK","","","","","",1,"ด้าม",,"",0.00,"","           6"
"","","","043-GS-LGMBW","GIBSON STANDARD MUG. 14 OZ GLASS","","","","","",1,"ใบ",,"",0.00,"           2","          12"
"","","","043-GS-LGMOA","GIBSON ORIGINAL MUG. 12 OZ GLASS","","","","","",1,"ใบ",,"",0.00,"           3","           7"
"","","","043-PU490RDB4","GB PU 490R -"MODERN CLASSI" (RHYTH,DOUBLE BLK)","","","","","",1,"อัน",,"",0.00,"           3","           1"
"","","","043-PU57+DBGC2","GB 57 CLASSIC PLUS (DOUBLE,BLK,GOLD COVER)","","","","","",1,"ตัว",,"",0.00,"           4","           3"
"","","","043-PUBBPRDBNC2","GB BURSTBUCKER PRO (RHYTHM,DOUBLE BLK, NICKEL)","","","","","",1,"ตัว",,"",0.00,"           3","           2"
"","","","043-PUCB+DBNC2","GB CSTMBUCKER PLUS(DB BLK, NIVKRL COVER, UNPOTTED)","","","","","",1,"ชุด",,"",0.00,"           4","           2"
"","","","043-PUCBDBGC2","GB CSTMBUCKER (DOUBLE BLK,TRUE HISTORIC GOLD)","","","","","",1,"ชุด",,"",0.00,"           2","           4"
"","","","043-PUCBDBNC2","GB CSTMBUCKER (DOUBLE BLK,TRUE HISTORIC NICKEL)","","","","","",3,"ชุด",,"",0.00,"           5","           6"
"","","","043-PUCBUDB2","GB CSTM BUCKER UNDERWOOD HUMB PU DBL BLK","","","","","",1,"อัน",,"",0.00,"           1","           2"
"","","","043-PUCBUDBNC2","GB CSTM BUCKER UNDERWOOD HUMB DBL BLK NICKLE COVER","","","","","",1,"อัน",,"",0.00,"           4","           4"
"","","","043-PUCBUZB2","GB CSTM BUCKER UNDERWOOD HUMB PU ZEBRA","","","","","",1,"อัน",,"",0.00,"           1","           2"
"","","","043-PUTIHBCC4","GB TONY IOMMI SIG. HUMBUCKER(CH COVER,4-CONDUCTOR)","","","","","",1,"ชุด",,"",0.00,"           1","           1"
"","","","043-STOOL","EPIPHONE STOOL ( เก้าอี้ )","","","","","",4,"ตัว",,"",0.00,"","           2"
"","","","043-STOOL-24","GIBSON LOGO 24" BARSTOOL","","","","","",1,"ตัว",,"",0.00,"           2","          13"
"","","","044-01013","DIGITECH JIMI HENDRIX EXPERIENCE","","","","","",1,"ตัว",,"",0.00
"","","","044-01016","DIGITECH EXPRESSION EX-7 FACTORY","","","","","",1,"ตัว",,"",0.00
"","","","044-01025","DIGITECH JAMMAN LOOPER/PHRASE SAMPLER","","","","","",2,"เครื่อง",,"",0.00
"","","","044-01026","DIGITECH HARMNYMAN","","","","","",1,"เครื่อง",,"",0.00
"","","","044-01029","DIGITECH TIME BENDER","","","","","",2,"เครื่อง",,"",0.00
"","","","044-01036","DIGITECH ISTOMP","","","","","",1,"ตัว",,"",0.00
"","","","044-02011","DIGITECH FOOT CONTROL FOR GSP PRODUCTS/CONTROL 2","","","","","",1,"เครื่อง",,"",0.00
"","","","044-03004","DIGITECH VOCALIST LIVE PRO","","","","","",1,"ตัว",,"",0.00
"","","","044-03006","DIGITECH VOCALIST VL3D","","","","","",2,"เครื่อง",,"",0.00
"","","","044-03008","DIGITECH VOCALIST LIVE 5","","","","","",1,"เครื่อง",,"",0.00,"","           1"
"","","","044-31005","DIGITECH HARDWIRE STEREO REVERB RV-7","","","","","",1,"ตัว",,"",0.00
"","","","044-31006","DIGITECH HARDWIRE DELAY LOOPER DL-8","","","","","",2,"ตัว",,"",0.00,"","           3"
"","","","044-31008","DIGITECH HARDWIRE STEREO TREMOLO/ROTARY TR-7","","","","","",1,"ตัว",,"",0.00
"","","","044-31010","DIGITECH HARDWIRE POLYPHONIC TUNER HT-6","","","","","",1,"ตัว",,"",0.00,"","           5"
"","","","044-31011","HARDWIRE PEDAL COUPLERS PC-2 หัวแจ๊กพ่วง","","","","","",1,"กล่อง",,"",0.00,"","           4"
"","","","046-01004-MDR","STERLING JP60 JOHN PETRUCCI MYSTIC DREAM","","","","","",1,"ตัว",,"",0.00,"          26","          33"
"","","","046-01014-RRD","STERLING JP150 FLAME MAPLE ROYAL RED","","","","","",1,"ตัว",,"",0.00,"           7","           4"
"","","","046-01017-BKM","STERLING JP160 DBL LOCKING TREM. BKM","","","","","",1,"ตัว",,"",0.00,"           1","          12"
"","","","046-01025-CFR","STERLING CUTLASS CT-30 SSS CHARCOAL FROST","","","","","",1,"ตัว",,"",0.00,"          43","          26"
"","","","046-01026-VC","STERLING CUTLASS CT-30 HSS VINT CREAM","","","","","",3,"ตัว",,"",0.00,"          60","          34"
"","หจก.ห้างดนตรีเบ๊เงียบเส็ง                                ","หน้า   :       26"
"","สินค้าคงเหลือ แยกตามคลังสินค้า    ","ณ วันที่  20 มิ.ย. 2569"
"","รหัสสินค้าจาก","001-01005-000     ","ถึง","เงินมัดจำลูกค","วันที่ : 20/06/2569"
"","คลัง","","รหัสสินค้า","ชื่อสินค้า","","","","","","  จำนวน","","ราคาต่อหน่วย","","มูลค่าคงเหลือ","ยอดค้างรับ","ยอดค้างส่ง"
"","","","046-01029-NBL","STERLING AX-3FM MN NEPTUNE BLUE","","","","","",1,"ตัว",,"",0.00,"          11","          12"
"","","","046-01033-DCP","STERLING CUTLASS HSS (CT50) IN DROOPPED COPPER","","","","","",1,"ตัว",,"",0.00,"           5","           5"
"","","","046-01033-PBP","STERLING CUTLASS HSS (CT50) IN PUEBLO PINK SATIN","","","","","",1,"ตัว",,"",0.00,"           2","           5"
"","","","046-01034-CPD","STERLING JP150 DIMARZIO CERULEAN PARADISE","","","","","",1,"ตัว",,"",0.00,"           6","           3"
"","","","046-01034-PNB","STERLING JP150 FLAME PURPLE NEBULA W/CASE","","","","","",1,"ตัว",,"",0.00,"           5","           4"
"","","","046-01035-TLB","STERLING CUTLASS CT-50 SSS TOLUCA LAKE BLUE","","","","","",1,"ตัว",,"",0.00,"           3","           6"
"","","","046-01036-PBP","STERLING MARIPOSA IN PUEBLO PINK","","","","","",1,"ตัว",,"",0.00,"           3","           3"
"","","","046-01039-BOB","STERLING MAJESTY MAJ200XSM BLOOD ORANGE BRUST","","","","","",1,"ตัว",,"",0.00,"           1","           1"
"","","","046-01041-SBK","STERLING JP60 STEALTH  BLACK NO GIGBAG","","","","","",1,"ตัว",,"",0.00,"           6","          13"
"","","","046-01043-STM","STERLING CUTLASS PLUS CT-50X HSS SHOWTIME","","","","","",1,"ตัว",,"",0.00,"           1"
"","","","046-01044-DBB","STERLING SABRE IN DEEP BLUE BURST","","","","","",1,"ตัว",,"",0.00,"           1","           5"
"","","","046-01051-FMPS","STERLING KAIZE IN FIREMIST PURPLE SATIN","","","","","",1,"ตัว",,"",0.00,"           3","           2"
"","","","046-01053-HP","STERLING AXIS IN HONEY POT","","","","","",1,"ตัว",,"",0.00,"           1","           1"
"","","","046-01054-HCB","STERLING LUKE-100 HSS HER. CHERRY BURST","","","","","",1,"ตัว",,"",0.00,"           2","           1"
"","","","046-02003-VC","STERLING SUB RAY4 VINT CREAM","","","","","",2,"ตัว",,"",0.00,"           7","           4"
"","","","046-02004-CHB","STERLING SUB RAY 5 CHOPPER BLUE","","","","","",1,"ตัว",,"",0.00,"           2","           2"
"","","","046-02011-PSK","STERLING SHORT SCALE BASS PURPLE SPARKLE","","","","","",1,"ตัว",,"",0.00,"           1","           1"
"","","","046-02012-LBM","STERLING RAY 4 HH LAKE BLUE METTALIC","","","","","",1,"ตัว",,"",0.00,"           5","           7"
"","","","046-02012-SBK","STERLING RAY 4 HH STEALTH BLACK","","","","","",1,"ตัว",,"",0.00,"           2","           2"
"","","","046-02015-AM","STERLING RAY 34 HH IN AMBER W/POPLAR BURL TOP","","","","","",1,"ตัว",,"",0.00,"           1","           1"
"","","","046-02016-ELB","STERLING STINGRAY RAY2 ELECTRIC BLUE","","","","","",1,"ตัว",,"",0.00,"           7","           1"
"","","","046-02016-MTG","STERLING STINGRAY RAY2 MYSTIC GREEN","","","","","",1,"ตัว",,"",0.00,"           7","           1"
"","","","046-02017-FPS","STERLING BONGO IN FIREMIST PURPLE SATIN","","","","","",1,"ตัว",,"",0.00,"           1","           1"
"","","","046-99998","STERLING JP60 TREMOLO ARM TOOL SET","","","","","",1,"ชุด",,"",0.00
"","","","046-BAG-BASS","STERLING BASS GIGBAG","","","","","",1,"ใบ",,"",0.00,"","           7"
"","","","046-RP001","STERLING BATTERY 9V CASE","","","","","",2,"อัน",,"",0.00,"","           1"
"","","","046-RP008","STERLING PRE-AMP BOOSTER FOR ELEC. GUITAR","","","","","",1,"อัน",,"",0.00
"","","","046-RP072","STERLING A-PROLINE FL086 A500K SPLITSHAFT POT","","","","","",2,"อัน",,"",0.00
"","","","046-RP073","STERLING A-PROLINE FL085 A250K SPLITSHAFT POT","","","","","",1,"อัน",,"",0.00
"","","","046-RP078.2","STERLING 3-WAY TOGGLE SWITCH","","","","","",1,"อัน",,"",0.00
"","","","050-00000","MISCELLEANOUS","","","","","",5250,"อัน",,"",0.00,"          89","       1,098"
"","","","050-00002","FENDER FRONTLINE","","","","","",5,"เล่ม",,"",0.00
"","","","050-00003","ALLEN WRENCH HOLDER","","","","","",17,"อัน",,"",0.00
"","","","050-00004","EVH TUNER KEY EVH PEARL MO5173","","","","","",9,"ตัว",,"",0.00
"","","","050-01002","GUITAR STAND ACOUSTIC","","","","","",1,"ตัว",200.00,"",200.00,"          20"
"","หจก.ห้างดนตรีเบ๊เงียบเส็ง                                ","หน้า   :       27"
"","สินค้าคงเหลือ แยกตามคลังสินค้า    ","ณ วันที่  20 มิ.ย. 2569"
"","รหัสสินค้าจาก","001-01005-000     ","ถึง","เงินมัดจำลูกค","วันที่ : 20/06/2569"
"","คลัง","","รหัสสินค้า","ชื่อสินค้า","","","","","","  จำนวน","","ราคาต่อหน่วย","","มูลค่าคงเหลือ","ยอดค้างรับ","ยอดค้างส่ง"
"","","","050-01008","GUITAR STRAP","","","","","",13,"เส้น",,"",0.00
"","","","050-01009-3M","สายแจ็คไทย 3 เมตร","","","","","",7,"เส้น",55.00,"",385.00
"","","","050-01014","ADAPTOR 9V.DC AX-3000G","","","","","",2,"อัน",130.00,"",260.00,"","           1"
"","","","050-01015","ADAPTOR 9V.AC ALESIS,DIGITECH บางรุ่น","","","","","",6,"อัน",180.00,"",1080.00,"","          11"
"","","","050-01017","ADAPTOR 12V. VOX DA5,TONELAB ST","","","","","",3,"อัน",93.33,"",280.00
"","","","050-01024","ADAPTOR 9 V2 A","","","","","",11,"อัน",,"",0.00,"          43","          27"
"","","","050-01025","ADAPTOR KROME/M-50/KING KORG","","","","","",7,"ตัว",,"",0.00,"          12","           7"
"","","","050-01025-01","ADAPTER 12V 3.3A (FOR KORG B2)","","","","","",6,"ตัว",,"",0.00,"           9","           7"
"","","","050-01026","ADAPTOR KORG SP-250","","","","","",6,"อัน",,"",0.00,"           2","           2"
"","","","050-01026-01","ADAPTOR 19.5V 4.74A (FOR LP380)","","","","","",1,"ตัว",,"",0.00,"           8","           5"
"","","","050-04003","GUITAR BAG ACOUSTIC GUITAR JUMBO","","","","","",16,"ใบ",380.00,"",6080.00,"","           2"
"","","","050-04004","GUITAR BAG ACOUSTIC MALIBU,EJ-200CE","","","","","",2,"ใบ",500.00,"",1000.00,"","           2"
"","","","050-04009","GUITAR BAG ELECTRIC MINI (VIP)","","","","","",1,"ใบ",600.00,"",600.00
"","","","050-04012","THAI CYMBAL BAG","","","","","",2,"ใบ",600.00,"",1200.00
"","","","050-04022","KEYBOARD BAG X-50/KROSS 61 KEYS","","","","","",9,"ใบ",700.00,"",6300.00,"","          10"
"","","","050-04023-73","KEYBOARD BAG M-50 73 KEYS","","","","","",5,"ใบ",,"",0.00,"","           2"
"","","","050-04025","THAI JAZZ GUITAR ES-335, 339, DOT","","","","","",10,"ใบ",500.00,"",5000.00,"","           2"
"","","","050-04026","UKULELE BAG CONCERT","","","","","",2,"ใบ",150.00,"",300.00
"","","","050-04027","UKULELE BAG SOPRANO","","","","","",7,"ใบ",150.00,"",1050.00
"","","","050-04029","THAI GUITAR BAG VIP ELECTRIC GUITAR","","","","","",25,"ใบ",650.00,"",16250.00,"           1","          58"
"","","","050-04030","THAI GUITAR BAG BASS VIP","","","","","",10,"ใบ",650.00,"",6500.00,"","          55"
"","","","050-04031","THAI GUITAR BAG BASS THUNDERBIRD","","","","","",2,"ใบ",450.00,"",900.00,"","           1"
"","","","050-04032","THAI SNARE BAG","","","","","",3,"ใบ",700.00,"",2100.00
"","","","050-04034","THAI GUITAR BAG FOR JAZZMASTER/JAGUAR","","","","","",10,"ตัว",650.00,"",6500.00,"","           9"
"","","","050-04035","THAI GIGBAG FOR KROME 61 KEY","","","","","",3,"ใบ",700.00,"",2100.00,"","          10"
"","","","050-04036","THAI ACOUSTIC BAG FOR T-BUCKET/KINGMAN","","","","","",3,"ใบ",500.00,"",1500.00
"","","","050-04038","ADAPTOR FOR KORG B1/EK-50","","","","","",2,"อัน",765.00,"",1530.00
"","","","050-11011","DURACELL ALKALINE BATTERY 9V","","","","","",4,"ก้อน",100.00,"",400.00
"","","","050-11012","ขั้วถ่าน 9V","","","","","",8,"ชุด",,"",0.00
"","","","050-11015","PANASONIC AAA","","","","","",6,"คู่",31.03,"",186.16
"","","","050-11016","แบตเตอรี่ PANASONIC AA (4)","","","","","",3,"",54.67,"",164.01
"","","","050-11018","PANASONIC LITHIUM BATTERY CR2032","","","","","",8,"อัน",25.80,"",206.40
"","","","050-6960111000","FENDER NEWPORT LOUDSPEAKER BLUETOOTH","","","","","",1,"ตู้",,"",0.00,"","           2"
"","","","050-ALLPOT","ALL PART POT 250 KB","","","","","",4,"อัน",160.00,"",640.00
"","","","050-B161-1","I&O VCT CABLE 1.5 M BLACK 3 ขา","","","","","",24,"เส้น",,"",0.00,"          10","          20"
"","หจก.ห้างดนตรีเบ๊เงียบเส็ง                                ","หน้า   :       28"
"","สินค้าคงเหลือ แยกตามคลังสินค้า    ","ณ วันที่  20 มิ.ย. 2569"
"","รหัสสินค้าจาก","001-01005-000     ","ถึง","เงินมัดจำลูกค","วันที่ : 20/06/2569"
"","คลัง","","รหัสสินค้า","ชื่อสินค้า","","","","","","  จำนวน","","ราคาต่อหน่วย","","มูลค่าคงเหลือ","ยอดค้างรับ","ยอดค้างส่ง"
"","","","050-BCABLE-BLK3","THAI CABLE 3 M BNS BLACK","","","","","",3,"เส้น",85.00,"",255.00,"","           3"
"","","","050-BNS-W-L","BNS T SHIRT WHITE SIZE L","","","","","",3,"ตัว",130.00,"",390.00
"","","","050-BTOTE-BAG","BNS TOTE BAG","","","","","",35,"ใบ",,"",0.00,"","           1"
"","","","050-CR2032","LITHIUM BATTERY CR2032","","","","","",1,"อัน",24.00,"",24.00
"","","","050-DP181","DIMARZIO PICKUP DP-181","","","","","",1,"อัน",,"",0.00
"","","","050-DP186","DIMARZIO PICKUP DP-186","","","","","",1,"อัน",,"",0.00
"","","","050-DP187","DIMARZIO PICKUP DP-187","","","","","",1,"อัน",,"",0.00
"","","","050-DT801","STABLE DT-801","","","","","",1,"ตัว",2100.00,"",2100.00
"","","","050-F2016","FENDER FRONTLINE 2016","","","","","",12,"เล่ม",,"",0.00,"","           1"
"","","","050-HR","HEADRUSH GIG BAG กระเป๋าใส่ EFFECT","","","","","",1,"ใบ",,"",0.00,"","           1"
"","","","050-ICE50ASX2","MAINBOARD ICE50ASX2-BTL","","","","","",2,"อัน",4250.00,"",8500.00
"","","","050-KLM3119","KORG KROME KLM-3119 ASSY","","","","","",4,"เครื่อง",8385.86,"",33543.44
"","","","050-PAISTE-L","PAISTE SHIRT BLACK SIZE L","","","","","",2,"ตัว",130.00,"",260.00
"","","","050-PDDT-700","PDP DRUM CHAIR PDDT-700","","","","","",2,"ตัว",1920.00,"",3840.00
"","","","050-PDDT-820X","PDP DRUM CHAIR PDDT-820X","","","","","",1,"ตัว",3200.00,"",3200.00
"","","","050-PEARL-D930","PEARL DRUM CHAIR D930","","","","","",1,"อัน",3000.00,"",3000.00,"","           1"
"","","","050-PM-KEYCHAIN","PROMARK FIREGRAIN KEY CHAIN","","","","","",10,"อัน",,"",0.00
"","","","050-STM32F103RC","ST MICROELECTRONIC 32 BIT CORTEX M3","","","","","",7,"อัน",,"",0.00
"","","","050-STRAP-BNS","THAI STRAP BNS","","","","","",36,"เส้น",68.00,"",2448.00,"","           2"
"","","","050-SWITHCRAFTZ11","SWITHCRAFT Z11 JACK MONO","","","","","",9,"อัน",120.00,"",1080.00
"","","","050-WSC-GST3","WSC GUITAR PART TELE 3-WAY SWITCH","","","","","",5,"อัน",200.00,"",1000.00
"","","","050-WSC-LP2","WSC GUITAR SWITCH FOR LP/SG","","","","","",6,"อัน",200.00,"",1200.00
"","","","050-WSC-UST5","WSC SWITCH 5-WAY","","","","","",3,"อัน",200.00,"",600.00
"","","","050-X12240","KORG X-12240 KNOB I KOC-E30686-1","","","","","",5,"อัน",16.21,"",81.05
"","","","051-06003","ผ้าไมโครไฟเบอร์MUSIC CONCEPT(TB10-4040)","","","","","",7,"ชิ้น",,"",0.00,"         191","         252"
"","","","BS-BA101004","BLACKSTAR FS-11 FOOT CNTRL ID CORE 20/40","","","","","",2,"อัน",,"",0.00,"          67","          20"
"","","","BS-BA102010","BLACKSTAR FLY 103 EXT CABINET BLACK","","","","","",1,"ตัว",,"",0.00,"          27","          17"
"","","","BS-BA102012","BLACKSTAR FLY 3 COMBO MINI AMP BLK","","","","","",1,"ตัว",,"",0.00,"         116","          77"
"","","","BS-BA102018","BLACKSTAR FLY 3 BLUETOOTH MINI GTR AMP","","","","","",1,"ตู้",,"",0.00,"         206","         132"
"","","","BS-BA102019","BLACKSTAR FLY BASS 3W COMBO BASS MINI AMP-BLK","","","","","",1,"ตัว",,"",0.00,"          96","          84"
"","","","BS-BA102032","BLACKSTAR FLY 3 COMBO MINI AMP. VINTAGE","","","","","",1,"ตู้",,"",0.00,"          52","          26"
"","","","BS-BA102033","BLACKSTAR FLY 3 VINTAGE PACK MINI AMP","","","","","",1,"ตัว",,"",0.00,"           5","           8"
"","","","BS-BA102066","BLACKSTAR FLY3 ACOUSTIC","","","","","",2,"เครื่อง",,"",0.00,"          85","          29"
"","","","BS-BA102068","BLACKSTAR FLY 103 ACOUSTIC","","","","","",2,"เครื่อง",,"",0.00,"           8","          12"
"","","","BS-BA102070","BLACKSTAR FLY 3 ACOUSTIC PACK","","","","","",3,"เครื่อง",,"",0.00,"          10","          13"
"","หจก.ห้างดนตรีเบ๊เงียบเส็ง                                ","หน้า   :       29"
"","สินค้าคงเหลือ แยกตามคลังสินค้า    ","ณ วันที่  20 มิ.ย. 2569"
"","รหัสสินค้าจาก","001-01005-000     ","ถึง","เงินมัดจำลูกค","วันที่ : 20/06/2569"
"","คลัง","","รหัสสินค้า","ชื่อสินค้า","","","","","","  จำนวน","","ราคาต่อหน่วย","","มูลค่าคงเหลือ","ยอดค้างรับ","ยอดค้างส่ง"
"","","","BS-BA102090","BLACKSTAR FLY 3 PURPLE","","","","","",1,"ตู้",,"",0.00,"          21","           9"
"","","","BS-BA102105","BLACKSTAR FLY 3 BASS SHELL PINK","","","","","",1,"ตัว",,"",0.00,"           8","           3"
"","","","BS-BA102108","BLACKSTAR FLY 3 BABY BLUE UNION FLAG SPCL","","","","","",1,"ตู้",,"",0.00,"           7","           1"
"","","","BS-BA102111","BLACKSTAR FLY3 HIGH GRAIN","","","","","",1,"ตู้",,"",0.00,"           1","           1"
"","","","BS-BA102112","BLACKSTAR FLY 3 WHITE","","","","","",1,"ตัว",,"",0.00,"           1","           1"
"","","","BS-BA120000","BLACKSTAR CORE STEREO 100 V2 GTR AMP","","","","","",1,"ตัว",,"",0.00,"          27","          17"
"","","","BS-BA126002","BLACKSTAR HT-20H MK II HEAD","","","","","",1,"ตัว",,"",0.00,"           3","           4"
"","","","BS-BA126004","BLACKSTAR HT 5RH MKII VALVE HEAD","","","","","",1,"ตัว",,"",0.00,"           8","           8"
"","","","BS-BA126034","BLACKSTAR HT- 5R MKII SURF GREEN","","","","","",1,"ตัว",,"",0.00,"           3","           3"
"","","","BS-BA128025","BLACKSTAR FS-12 FOOT CNTRL ID CORE 100/150","","","","","",1,"อัน",,"",0.00,"           9","           5"
"","","","BS-BA128026","BLACKSTAR FS-14 FOOTSWITCH","","","","","",1,"อัน",,"",0.00,"           4","           4"
"","","","BS-BA129010","BLACKSTAR DEPT. 10 AMPED 3","","","","","",1,"เครื่อง",,"",0.00,"           4","           3"
"","","","BS-BA129012","BLACKSTAR DEPT. 10 AMPED 2","","","","","",1,"ตัว",,"",0.00,"           4","           3"
"","","","BS-BA134014","BLACKSTAR STUDIO 10 EL34","","","","","",1,"ตัว",,"",0.00,"           4","           9"
"","","","BS-BA144020-Z","BLACKSTAR SUPER FLY BLUETOOTH","","","","","",1,"ตู้",,"",0.00,"          21","          15"
"","","","BS-BA144026-E","BLACKSTAR SUPER FLY BLUETOOTH PACK","","","","","",1,"ตู้",,"",0.00,"           4","           4"
"","","","BS-BA144030-E","BLACKSTAR PSU-2 ( POWER SUPPLY )","","","","","",2,"อัน",,"",0.00,"          35","          18"
"","","","BS-BA144032","BLACKSTAR CB-1 SUPER FLY PADED GIGBAG","","","","","",1,"ใบ",,"",0.00,"           1","           4"
"","","","BS-BA152008","BLACKSTAR UNITY BASS 500","","","","","",1,"ตู้",,"",0.00,"          10","          10"
"","","","BS-BA152012","BLACKSTAR UNITY PRO BASS U700H ELITE","","","","","",1,"ตู้",,"",0.00,"           3","           4"
"","","","BS-BA152022","BLACKSTAR RA-1 RACK MOUNT ADAPTOR","","","","","",1,"ตัว",,"",0.00,"           1","           4"
"","","","BS-BA153004","BLACKSTAR SONNET 60 BLONDE","","","","","",1,"เครื่อง",,"",0.00,"          33","          14"
"","","","BS-BA153006","BLACKSTAR AMP SONNET 120 BLONDE","","","","","",2,"ตู้",,"",0.00,"           9","           9"
"","","","BS-BA153010","BLACKSTAR SONNET 60 BLACK","","","","","",1,"ตัว",,"",0.00,"          17","          15"
"","","","BS-BA153012","BLACKSTAR SONNET 120 BLACK","","","","","",1,"ตู้",,"",0.00,"          11","           9"
"","","","BS-BA154100","BLACKSTAR AMPLUG AP2-FLY GUITAR","","","","","",1,"ตัว",,"",0.00,"         169","          81"
"","","","BS-BA155010","BLACKSTAR ID CORE STEREO 10 V4","","","","","",1,"ตู้",,"",0.00,"         205","          66"
"","","","BS-BA155012","BLACKSTAR ID CORE STEREO 20 V4","","","","","",1,"ตู้",,"",0.00,"          71","          14"
"","","","BS-BA155014","BLACKSTAR ID CORE STEREO 40 V4","","","","","",1,"ตู้",,"",0.00,"          54","          24"
"","","","BS-BA171002","BLACKSTAR TV-10 B EL34 COMBO","","","","","",1,"อัน",,"",0.00,"           2","           1"
"","","","BS-BA173010","BLACKSTAR SILVERLINE STANDARD 20W","","","","","",1,"ตู้",,"",0.00,"           6","           5"
"","","","BS-BA173014","BLACKSTAR SILVERLINE DELUXE 100W","","","","","",1,"ตู้",,"",0.00,"           6","           8"
"","","","BS-BA174010","BLACKSTAR DEBUT BASS 15","","","","","",1,"ตู้",,"",0.00,"          17","           3"
"","","","BS-BA174014","BLACKSTAR DEBUT BASS 25 MARCO MENDOZA SIGN","","","","","",1,"ตู้",,"",0.00,"           1","           1"
"","","","BS-BA180010","BLACKSTAR ST. JAMES 50 EL34H - FAWN","","","","","",1,"ตู้",,"",0.00,"           1","           1"
"","หจก.ห้างดนตรีเบ๊เงียบเส็ง                                ","หน้า   :       30"
"","สินค้าคงเหลือ แยกตามคลังสินค้า    ","ณ วันที่  20 มิ.ย. 2569"
"","รหัสสินค้าจาก","001-01005-000     ","ถึง","เงินมัดจำลูกค","วันที่ : 20/06/2569"
"","คลัง","","รหัสสินค้า","ชื่อสินค้า","","","","","","  จำนวน","","ราคาต่อหน่วย","","มูลค่าคงเหลือ","ยอดค้างรับ","ยอดค้างส่ง"
"","","","BS-BA180012","BLACKSTAR ST. JAMES 50 EL34 - FAWN","","","","","",1,"ตู้",,"",0.00,"           2","           2"
"","","","BS-BA180020","BLACKSTAR ST. JAMES 212 VOC - BLACK","","","","","",1,"ตัว",,"",0.00,"           1"
"","","","BS-BA185010","BLACKSTAR DEPT. 10 AMPED 1","","","","","",1,"เครื่อง",,"",0.00,"           1","           6"
"","","","BS-BA187010","BLACKSTAR ACOUSTIC CORE 30","","","","","",1,"ตู้",,"",0.00,"          31","          23"
"","","","BS-BA195010","BLACKSTAR DEPT.10 DUAL DRIVE","","","","","",1,"เครื่อง",,"",0.00,"          10","          10"
"","","","BS-BA195016","BLACKSTAR DEPT. 10 BOOST","","","","","",1,"เครื่อง",,"",0.00,"           4","          13"
"","","","BS-BA198022","BLACKSTAR DEBUT 10E BLACK","","","","","",1,"ตัว",,"",0.00,"         173","          80"
"","","","BS-BA198024","BLACKSTAR DEBUT 15E BLACK","","","","","",1,"ตู้",,"",0.00,"         110","          56"
"","","","BS-BA206010","BLACKSTAR BEAM HEADPHONE AMP","","","","","",1,"อัน",,"",0.00,"           7","           1"
"","","","BS-BA220010","BLACKSTAR FLY3 CHARGE","","","","","",2,"ตู้",,"",0.00,"          74","          43"
"","","","BS-BA226019","BLACKSTAR CARRY-ON GTR ST TIDEPOOL BLUE","","","","","",1,"ตัว",,"",0.00,"           6","           1"
"","","","BS-BA227014","BLACKSTAR CARRY-ON BASS ST VINT WHITE","","","","","",1,"ตัว",,"",0.00,"          18","           8"
"","","","BS-BA227018","BLACKSTAR CARRY-ON BASS LIGHT BLUE SPCL","","","","","",1,"ตัว",,"",0.00,"           2","           1"
"","","","BS-BA231020","BLACKSTAR STD CABLE 3M S/S SINGLE PACKED","","","","","",2,"เส้น",,"",0.00,"          43","          28"
"","","","BS-BA231022","BLACKSTAR STD CABLE 6M S/S SINGLE PACKED","","","","","",1,"เส้น",,"",0.00,"          23","          17"
"","","","BS-BA231024","BLACKSTAR STD  CABLE 3M S/A SINGLE PACKED","","","","","",2,"เส้น",,"",0.00,"          24","          21"
"","","","BS-BA231026","BLACKSTAR STD CABLE 6M S/A","","","","","",3,"เส้น",,"",0.00,"           3","           3"
"","","","BS-BA231034","BLACKSTAR PROF INST CABLE 6M S/S SINGLE PACKED","","","","","",1,"เส้น",,"",0.00,"           5","           4"
"","","","BS-BA231036","BLACKSTAR PROFESSIONAL INSTRUMENT CABLE 3M S/A","","","","","",1,"อัน",,"",0.00,"           6","           6"
"","","","BS-BA231038","BLACKSTAR PROFESSIONAL INSTRUMENT CABLE 6M S/A","","","","","",1,"อัน",,"",0.00,"           6","           6"
"","","","BS-BA231042","BLACKSTAR XLR CABLE 6M  F/M","","","","","",1,"เส้น",,"",0.00,"          10","          14"
"","","","BS-BA256020","BS FLOOR 1 MULTI-FX UNIT FS MODEL W/EXPRESSION PED","","","","","",1,"ตัว",,"",0.00,"           6","          12"
"","","","BS-BA256022","BS FLOOR 2 MULTI-FX UNIT FS MODEL W/EXPRESSION PED","","","","","",1,"ตัว",,"",0.00,"          10","          26"
"","","","BS-BA256024","BS FLOOR 3 MULTI-FX UNIT FS MODEL W/EXPRESSION PED","","","","","",1,"ตัว",,"",0.00,"          17","          34"
"","","","BS-BA261010","BLACKSTAR IDX:50","","","","","",1,"ตู้",,"",0.00,"           5","           4"
"","","","BS-BA261012","BLACKSTAR IDX:100","","","","","",1,"ตู้",,"",0.00,"           4","           3"
"","","","BS-BA274012","BLACKSTAR DEBUT 30E BLACK","","","","","",1,"ตู้",,"",0.00,"          11","           1"
"","","","BS-BA278010","BLACKSTAR AIRWIRE I58-WIRELESS GTR SYSTEM","","","","","",1,"ตัว",,"",0.00,"           9","           4"
"","","","BS-BA280010","BLACKSTAR BEAM MINI","","","","","",4,"ตัว",,"",0.00,"          26","          15"
"","","","BS-BA282010","BLACKSTAR ARTIST FR STD 50W","","","","","",1,"ตู้",,"",0.00,"           7","           1"
"","","","BS-BA282012","BLACKSTAR ARTIST FR SPECIAL 100W","","","","","",1,"ตู้",,"",0.00,"           3","           1"
"","","","BS-BA288010","BLACKSTAR POLAR GO MOBILE AUDIO INTERFACE","","","","","",1,"เครื่อง",,"",0.00,"           6","           6"
"","","","BS-BA900517","BLACKSTAR SA-2 METAL STAND ADAPTOR","","","","","",1,"ตัว",,"",0.00,"           1","           3"
"","","","BS-BA900613VA","BLACKSTAR FLY PSU-1 (POWER SUPPLY)","","","","","",1,"ตู้",,"",0.00,"         112","         108"
"","","","BS-BA901007","BLACKSTAR FS-16 2 WAY FOOTCONTROLLER","","","","","",2,"ตัว",,"",0.00,"           3","           2"
"","หจก.ห้างดนตรีเบ๊เงียบเส็ง                                ","หน้า   :       31"
"","สินค้าคงเหลือ แยกตามคลังสินค้า    ","ณ วันที่  20 มิ.ย. 2569"
"","รหัสสินค้าจาก","001-01005-000     ","ถึง","เงินมัดจำลูกค","วันที่ : 20/06/2569"
"","คลัง","","รหัสสินค้า","ชื่อสินค้า","","","","","","  จำนวน","","ราคาต่อหน่วย","","มูลค่าคงเหลือ","ยอดค้างรับ","ยอดค้างส่ง"
"","","","BS-BA901008","BLACKSTAR FOOTSWITCH FS-17 2 BUTTON","","","","","",1,"อัน",,"",0.00,"           3","           4"
"","","","BS-BARSTOOL","BLACKSTAR BARSTOOL W/ SERIES ONE DESIGN","","","","","",1,"อัน",,"",0.00,"           1","           1"
"","","","BS-CUK0037Z","BLACKSTAR T-SHIRT KHAKI SIZE M","","","","","",1,"ตัว",,"",0.00,"           3","           2"
"","","","BS-CUK0041Z","BLACKSTAR T-SHIRT BLACK TSIYH SIZE M","","","","","",1,"ตัว",,"",0.00,"           2","           2"
"","","","BS-CUK0045Z","BLACKSTAR T-SHIRT BLACK RAMONES SIZE M","","","","","",1,"ตัว",,"",0.00,"           4","           2"
"","","","CR-APHP5","CRUSH APHP5 AP HARDWARE PACK 5 PCS","","","","","",3,"ชุด",,"",0.00,"          28","           2"
"","","","CR-C2A10X7203","CRUSH E2 CHAME. ASH 10X7 TOM SATIN GREEN","","","","","",2,"ชุด",,"",0.00,"          11","           4"
"","","","CR-C2A10X7204","CHAMELEON E2 ASH 10X7 TOM SATIN ORANGE","","","","","",2,"ใบ",,"",0.00,"           4"
"","","","CR-C2A20X18203","CRUSH E2 CHAME. ASH 20X18 BASS DRUM SATIN GREEN","","","","","",1,"ใบ",,"",0.00,"           1","           1"
"","","","CR-C2A20x18206","CRUSH E2 ASH 20x18BASS DRUM SATIN dark red","","","","","",1,"ใบ",,"",0.00,"           1","           1"
"","","","CR-C2A508203","CRUSH E2 CHAME. ASH 5PC 20, 10, 12, 16, 13S GREEN","","","","","",2,"ชุด",,"",0.00,"           4","           3"
"","","","CR-C2B10X7900","CRUSH CHAMELEON BIRCH 10X7 RACK TOM BLACK/BLACK","","","","","",2,"ใบ",,"",0.00,"           6","           1"
"","","","CR-C2B10X7901","CRUSH CHAMELEON BIRCH 10X7 RACK TOM WHITE/WHITE","","","","","",1,"ใบ",,"",0.00,"           5","           1"
"","","","CR-C2B500900","CRUSH CHAMELEON BIRCH 5PC 20,10,12,16,13S BLACK","","","","","",1,"ชุด",,"",0.00,"           3","           1"
"","","","CR-CA10x7204","CR CAMERON ASH 10x7 RACK TOM T.ORANGE","","","","","",1,"ใบ",,"",0.00,"           4","           2"
"","","","CR-CA14X13204","CRUSH CHAMELEON ASH 14 X 13 FLOOR TOM SATIN ORANGE","","","","","",1,"ใบ",,"",0.00,"           3"
"","","","CR-CA8X6204","CRUSH CHAMELEON ASH 8X6 TOM SATIN ORANGE","","","","","",2,"ใบ",,"",0.00,"           2","           2"
"","","","CR-CCB22X20900","CR CHAMELEON COMPLETE BIRCH 22X20 BASS DRUM BLK","","","","","",1,"ชุด",,"",0.00,"           1","           1"
"","","","CR-CCB22X20914","CR COMPLETE BIRCH 22X20 LIGHT BL SPKL/WH","","","","","",1,"ใบ",,"",0.00
"","","","CR-CIB","CRUSH LUG COLOR INCERT BLACK","","","","","",39,"อัน",,"",0.00,"           4","          50"
"","","","CR-CIR","CRUSH LUG COLOR INCERT RED","","","","","",42,"อัน",,"",0.00
"","","","CR-CIW","CRUSH LUG COLOR INCERT WHITE","","","","","",12,"อัน",,"",0.00,"           6","           6"
"","","","CR-CIY","CRUSH LUG COLOR INCERT YELLOW","","","","","",12,"อัน",,"",0.00
"","","","CR-EB08x6707","EMINENT BIRCH 8x6 TOM BL/SILVER SPKL FADE","","","","","",1,"ใบ",,"",0.00,"           1","           1"
"","","","CR-M1BDP","CRUSH M1 BASS DRUM PEDAL SINGLE (W/CASE)","","","","","",1,"ชุด",,"",0.00,"           3"
"","","","CR-M4HH","CRUSH M4 HI HAT STAND","","","","","",1,"ชุด",,"",0.00,"           7","           5"
"","","","CR-M4HP5","CRUSH M4 HARDWARE PACK 5 PC","","","","","",3,"ชุด",,"",0.00,"          46","           9"
"","","","CR-M4PARTSDC","CR M4 DOUBLE CHAIN FOR BASS DRUM PEDAL","","","","","",10,"เส้น",,"",0.00,"           2","           7"
"","","","CR-S3M10X7607","CRUSH SL E3 MAPLE 10X7 TOM WHITE/LIME SPKL STRIPE","","","","","",1,"ใบ",,"",0.00,"           1"
"","","","CR-S3M10X7608","CRUSH SL E3 MAPLE 10X7 TOM BLUE SPARKLE BLACK BASE","","","","","",1,"ใบ",,"",0.00,"           1","           1"
"","","","CR-S3M10X7611","CRUSH SL E3 MAPLE 10X7 TOM WHITE SPARKLE","","","","","",1,"ใบ",,"",0.00,"           1"
"","","","CR-S3M10X7701","CR SUBLIME E3 MAPLE 10X7 TOM COPPER SPARKLE FADED","","","","","",1,"ใบ",,"",0.00,"           3","           2"
"","","","CR-S3M14X13608","CR SL E3 MAPLE 14X13 FL TOM BLUE SPARKLE","","","","","",1,"ใบ",,"",0.00,"           1","           1"
"","","","CR-S3MS13X7611","CR SL E3 MAPLE 13x7 SNARE WHITE SPARKLE","","","","","",1,"ใบ",,"",0.00,"           2"
"","","","CR-S3MS13X7704","CR SL E3 MAPLE 13x7 SNARE ORANGE SPARKLE RED FADE","","","","","",1,"ใบ",,"",0.00,"           4","           2"
"","หจก.ห้างดนตรีเบ๊เงียบเส็ง                                ","หน้า   :       32"
"","สินค้าคงเหลือ แยกตามคลังสินค้า    ","ณ วันที่  20 มิ.ย. 2569"
"","รหัสสินค้าจาก","001-01005-000     ","ถึง","เงินมัดจำลูกค","วันที่ : 20/06/2569"
"","คลัง","","รหัสสินค้า","ชื่อสินค้า","","","","","","  จำนวน","","ราคาต่อหน่วย","","มูลค่าคงเหลือ","ยอดค้างรับ","ยอดค้างส่ง"
"","","","CR-SB13X7201","CRUSH SL BUBINGA 13X7 SNARE SATIN T.BLACK","","","","","",1,"ใบ",,"",0.00
"","","","CR-SB13X7606","CRUSH SL BUBINGA 13X7 SNARE DARK PURPLE","","","","","",1,"ใบ",,"",0.00,"           1"
"","","","CR-SM10X7701","CRUSH SL MAPLE 10X7 TOM BLACK TO COPPER SPKL","","","","","",1,"ใบ",,"",0.00,"           1","           1"
"","","","CR-SMT10X7975","CR SL MAPLE TOUR 10x7 BRUSHED METALLIC BLUE WRAP","","","","","",1,"ใบ",,"",0.00,"           2","           2"
"","","","CR-XMOUNT10","CR 4-POINT SUSPENSION MOUNT 10"","","","","","",4,"อัน",,"",0.00
"","","","CR-XMOUNT12","CR 4-POINT SUSPENSION MOUNT 12"","","","","","",4,"อัน",,"",0.00
"","","","CR-XMOUNT8","CR 4-POINT SUSPENSION MOUNT 8"","","","","","",10,"อัน",,"",0.00
"","","","CT-FL9L","9 LED CRUZTOOL FLASHLIGHT","","","","","",1,"ชุด",,"",0.00,"","           1"
"","","","CT-GTMLT1","GROOVE TECH GTR/BASS MULTI TOOL","","","","","",1,"ชุด",,"",0.00,"          23","          47"
"","","","DD-CGT10NYXL0942","DD NYXL SUPER LIGHT#9-42-PW CLSSC INSTR 10"","","","","","",1,"ชุด",,"",0.00,"           8","           8"
"","","","DD-CGT10NYXL1046","DD NYXL SUPER LIGHT#10-46-PW CLSSC INSTR 10"","","","","","",1,"ชุด",,"",0.00,"          16","          12"
"","","","DD-ECG24","DD SET GTR CHROME FLAT WOUND JAZZ LITE 11-50","","","","","",12,"ชุด",,"",0.00,"          50","          31"
"","","","DD-EJ10","DD ACOUSTIC WOUND X-LIGHT #10-47","","","","","",11,"ชุด",,"",0.00,"       5,392","       1,835"
"","","","DD-EJ10-E","DD ACOUSTIC GTR 80/20 BRZ X-LITE + ESTRING","","","","","",5,"ชุด",,"",0.00,"           2","           2"
"","","","DD-EJ11","DD ACOUSTIC WOUND LIGHT #12-53","","","","","",13,"ชุด",,"",0.00,"         880","         401"
"","","","DD-EJ12","DD ACOUSTIC WOUND MED LIGHT #13-56","","","","","",4,"ชุด",,"",0.00,"          90","          31"
"","","","DD-EJ15","DD ACOUS PHOS BRZ X-LIGHT #10-47","","","","","",6,"ชุด",,"",0.00,"       5,180","       2,931"
"","","","DD-EJ21","DD ELEC GUITAR XL JAZZ LITE","","","","","",8,"ชุด",,"",0.00,"          30","          32"
"","","","DD-EJ27H","DD CLASSIC STUDENT NYLON HARD TENSION","","","","","",14,"ชุด",,"",0.00,"       1,305","         657"
"","","","DD-EJ27N","DD CLASSIC STUDENT NYLON NORMAL TENSION","","","","","",7,"ชุด",,"",0.00,"       3,283","       1,890"
"","","","DD-EJ41","DD ACOUS PHOS BRZ 12 STRING X-LIGHT#9","","","","","",7,"ชุด",,"",0.00,"          81","          60"
"","","","DD-EJ45","DD PRO-ARTE NYLON NORMAL TENSION","","","","","",5,"ชุด",,"",0.00,"       1,118","         774"
"","","","DD-EJ46","DD PRO-ARTE NYLON HARD TENSION","","","","","",8,"ชุด",,"",0.00,"         427","         223"
"","","","DD-EJ46LP","DD PRO-ARTE LIGHTLY POLISHED COMPOSITE HARD TENSIO","","","","","",4,"ชุด",,"",0.00,"          65","          28"
"","","","DD-EJ49","DD PRO-ARTE BLACK NYLON NORMAL TENSION","","","","","",2,"ชุด",,"",0.00,"         156","         160"
"","","","DD-EJ65C","D'ADDARIO UKULELE CONCERT CLEAR NYLON","","","","","",7,"ตัว",,"",0.00,"         220","         177"
"","","","DD-EJ65S","D'ADDARIO UKULELE SOPRANO CLEAR NYLON","","","","","",3,"ตัว",,"",0.00,"         167","          91"
"","","","DD-EPS170","DD PRO-STEELS BASS, LIGHT 45-100 LONG SCALE","","","","","",7,"ชุด",,"",0.00,"          95","          56"
"","","","DD-EPS170-5","DD PRO-STEELS 5-BASS, LIGHT 45-130 LONG SCALE","","","","","",1,"ชุด",,"",0.00,"         193","         139"
"","","","DD-EXL110","DD NCKL WOUND, REGULAR LIGHT #10-46","","","","","",5,"ชุด",,"",0.00,"      30,945","      12,895"
"","","","DD-EXL110-7","DD NCKL WOUND,7-STRING REGULAR LIGHT #10-59","","","","","",6,"ชุด",,"",0.00,"         175","         276"
"","","","DD-EXL110BT","DD NCKL WOUND REG BALANCE 10-46","","","","","",4,"ชุด",,"",0.00,"          25"
"","","","DD-EXL115","DD NCKL WOUND, MED/BLUES/JAZZ ROCK #11-49","","","","","",6,"ชุด",,"",0.00,"       1,181","       1,202"
"","","","DD-EXL115BT","DD NICKEL WOUND MED BALANCE 11-50","","","","","",10,"ชุด",,"",0.00
"","","","DD-EXL117","DD NICKEL MEDIUM TOP X-HEAVY BTM #11-56","","","","","",5,"ตัว",,"",0.00,"         303","         235"
"","หจก.ห้างดนตรีเบ๊เงียบเส็ง                                ","หน้า   :       33"
"","สินค้าคงเหลือ แยกตามคลังสินค้า    ","ณ วันที่  20 มิ.ย. 2569"
"","รหัสสินค้าจาก","001-01005-000     ","ถึง","เงินมัดจำลูกค","วันที่ : 20/06/2569"
"","คลัง","","รหัสสินค้า","ชื่อสินค้า","","","","","","  จำนวน","","ราคาต่อหน่วย","","มูลค่าคงเหลือ","ยอดค้างรับ","ยอดค้างส่ง"
"","","","DD-EXL120+","DD NCKL , SUPER LIGHT PLUS EXL120+ #9.5-44","","","","","",3,"ชุด",,"",0.00,"         883","       1,001"
"","","","DD-EXL120-7","DD NCKL WOUND,7-STRING SUPER LIGHT #9-54","","","","","",2,"ชุด",,"",0.00,"         110","          75"
"","","","DD-EXL120BT","DD NICKEL WOUND SUPER LIGHT BALANCE 9-40","","","","","",5,"ชุด",,"",0.00
"","","","DD-EXL125","DD NCKL WOUND, SUPER LIGHT TOP/REGULAR BOTTOM","","","","","",4,"ชุด",,"",0.00,"         350","         134"
"","","","DD-EXL130","DD NCKL WOUND, X-SUPER LIGHT #8-38","","","","","",5,"ชุด",,"",0.00,"         146","         111"
"","","","DD-EXL150","DD NCKL WOUND,12-STRING REGULAR LIGHT #10-46","","","","","",17,"ชุด",,"",0.00,"          60","          40"
"","","","DD-EXL157","DD NICKEL WOUND BARITONE XL MED #14-68","","","","","",7,"ชุด",,"",0.00,"          21","          10"
"","","","DD-EXL170","DD NCKL WOUND BASS LIGHT #45-100 LONG SCALE","","","","","",3,"ชุด",,"",0.00,"       1,339","       1,065"
"","","","DD-EXL170-5","DD NCKL WOUND 5-BASS LIGHT #45-130 LONG SCALE","","","","","",5,"ชุด",,"",0.00,"       1,115","         717"
"","","","DD-EXL230","DD NCKL WOUND BASS HEAVY #55-110 LONG SCALE","","","","","",8,"ชุด",,"",0.00,"          39","          23"
"","","","DD-EXP115","DD COATED NCKL WOUND MED/BLUES/JAZZ #11-49","","","","","",4,"ชุด",,"",0.00,"          48","          40"
"","","","DD-EXP125","DD COATED NCKL W. SUPER LIGHTTOP/REG BOTTOM #9-46","","","","","",15,"ชุด",,"",0.00,"          45","          53"
"","","","DD-EXP140","DD COATED NCKL WOUND LIGHT TOP/HVY BOTTOM#10","","","","","",6,"ชุด",,"",0.00,"          70","          32"
"","","","DD-EXP17","DD COATED A. EXP17 PHOS BRZ MED 13/56","","","","","",6,"ชุด",,"",0.00,"          50","           8"
"","","","DD-EXP170","DD COATED NCKL WOUND BASS LIGHT 45-100 LONG SCALE","","","","","",2,"ชุด",,"",0.00,"          25","          39"
"","","","DD-EZ890","DD ACOUS 85/15 BRONZE SUPER LIGHT #9-45","","","","","",3,"ชุด",,"",0.00,"      12,385","       4,311"
"","","","DD-EZ900","DD ACOUS 85/15 BRONZE X-LIGHT #10-50","","","","","",28,"ชุด",,"",0.00,"      51,539","      13,743"
"","","","DD-EZ910","DD ACOUS 85/15 BRONZE LIGHT #11-52","","","","","",16,"ชุด",,"",0.00,"      17,864","       4,979"
"","","","DD-EZ920","DD ACOUS 85/15 BRONZE MED-LIGHT #12-54","","","","","",8,"ชุด",,"",0.00,"       5,241","       3,075"
"","","","DD-NW030","DD NICKLE WOUND ELEC. STRING #030","","","","","",10,"เส้น",,"",0.00,"          35","          13"
"","","","DD-NW032","DD NICKLE WOUND ELEC. STRING #032","","","","","",3,"เส้น",,"",0.00,"          40","          15"
"","","","DD-NW036","DD NICKLE WOUND ELEC. STRING #036","","","","","",1,"เส้น",,"",0.00,"          50","          61"
"","","","DD-NW042","DD NICKLE WOUND ELEC. STRING #042","","","","","",8,"เส้น",,"",0.00,"          15","          28"
"","","","DD-NW046","DD NICKLE WOUND ELEC. STRING #046","","","","","",1,"เส้น",,"",0.00,"          40","          56"
"","","","DD-NW052","DD NICKLE WOUND ELEC. STRING #052","","","","","",12,"เส้น",,"",0.00,"          35","          57"
"","","","DD-NW054","DD NICKLE WOUND ELEC. STRING #054","","","","","",8,"เส้น",,"",0.00,"          40","          33"
"","","","DD-NYXL1052","DD NYXL LIGHT TOP/HVY BOTTOM #10-52","","","","","",4,"ชุด",,"",0.00,"         105","         158"
"","","","DD-NYXL1149","DD NYXL MEDIUM #11-49","","","","","",4,"ชุด",,"",0.00,"          80","          69"
"","","","DD-NYXL1156","DD NYXL1156 LIGHT MED X-HVY BTM #11-56","","","","","",13,"ตัว",,"",0.00,"          30","          46"
"","","","DD-NYXL45100","DD NYXL SET LONG SCALE REG LIGHT 45/100","","","","","",5,"ชุด",,"",0.00,"          35","          46"
"","","","DD-PL008","DD PLAIN STEEL SINGLE #08","","","","","",25,"เส้น",,"",0.00,"          80","         117"
"","","","DD-PL009","DD PLAIN STEEL SINGLE #09","","","","","",22,"เส้น",,"",0.00,"       2,410","       2,195"
"","","","DD-PL010","DD PLAIN STEEL SINGLE #010","","","","","",4,"เส้น",,"",0.00,"       4,065","       5,978"
"","","","DD-PL011","DD PLAIN STEEL SINGLE #011","","","","","",4,"เส้น",,"",0.00,"       1,909","       1,595"
"","","","DD-PL012","DD PLAIN STEEL SINGLE #012","","","","","",7,"เส้น",,"",0.00,"         130","         405"
"","หจก.ห้างดนตรีเบ๊เงียบเส็ง                                ","หน้า   :       34"
"","สินค้าคงเหลือ แยกตามคลังสินค้า    ","ณ วันที่  20 มิ.ย. 2569"
"","รหัสสินค้าจาก","001-01005-000     ","ถึง","เงินมัดจำลูกค","วันที่ : 20/06/2569"
"","คลัง","","รหัสสินค้า","ชื่อสินค้า","","","","","","  จำนวน","","ราคาต่อหน่วย","","มูลค่าคงเหลือ","ยอดค้างรับ","ยอดค้างส่ง"
"","","","DD-PL013","DD PLAIN STEEL SINGLE #013","","","","","",2,"เส้น",,"",0.00,"         967","       1,502"
"","","","DD-PL014","DD PLAIN STEEL SINGLE #014","","","","","",135,"เส้น",,"",0.00,"       1,150","         528"
"","","","DD-PL016","DD PLAIN STEEL SINGLE #016","","","","","",2,"เส้น",,"",0.00,"         541","         594"
"","","","DD-PWSAL402","DADDARIO AUTO LOCK POLYPRO STRAP BLUE","","","","","",2,"เส้น",,"",0.00,"          40","          53"
"","","","DD-XSAPB1047","DD SET ACOUSTIC XS PB X-LIGHT","","","","","",6,"ชุด",,"",0.00,"       1,685","         589"
"","","","DD-XSAPB1152","DD SET ACOUSTIC XS PB CSTM LIGHT","","","","","",2,"ชุด",,"",0.00,"       1,240","       1,062"
"","","","DD-XSE0942","DD XSE COATED SUPER LIGHT 9-42","","","","","",12,"ชุด",,"",0.00,"         705","         340"
"","","","DD-XSE0946","DD XSE COATED SUPER LIGHT TOP/REGULAR BOTTOM 9-46","","","","","",23,"ชุด",,"",0.00,"         155","          70"
"","","","DD-XSE1046","DD XSE COATED REGULAR LIGHT 10-46","","","","","",7,"ชุด",,"",0.00,"       1,010","         736"
"","","","DD-XSE1149","DD XSE COATED MEDIUM 11-49","","","","","",8,"ชุด",,"",0.00,"         130","          45"
"","","","DD-XTABR1047","DD ACOUSTIC STRING XT 80-20 X-LIGHT","","","","","",2,"ชุด",,"",0.00,"         895","         391"
"","","","DD-XTABR1152","DD ACOUSTIC STRING XT 80/20 CST LIGHT","","","","","",2,"ชุด",,"",0.00,"         690","         231"
"","","","DD-XTABR1253","DD ACOUSTIC STRING XT 80/20 LIGHT","","","","","",8,"ชุด",,"",0.00,"         310","          71"
"","","","DD-XTAPB1047","DD ACOUSTIC STRING XT PHOS BRZ LIGHT 10-47","","","","","",5,"ชุด",,"",0.00,"         590","         188"
"","","","DD-XTAPB1152","DD ACOUSTIC STRING XT PHOS BRZ CSTM LIGHT 11-52","","","","","",3,"ชุด",,"",0.00,"         486","         277"
"","","","DD-XTAPB1253","DD ACOUSTIC STRING XT PHOS BRZ LIGHT 12-53","","","","","",3,"ชุด",,"",0.00,"         400","         245"
"","","","DD-XTAPB1356","DD ACOUSTIC STRING XT PHOS BRZ MED 13/56","","","","","",4,"ชุด",,"",0.00,"          25","          11"
"","","","DD-XTB45130","DD SET BASS XT NKL 45-130","","","","","",1,"ชุด",,"",0.00,"         285","         464"
"","","","DD-XTE0942","DD NICKLE PLATED SUPER LIGHT 09-42","","","","","",7,"ชุด",,"",0.00,"         490","         231"
"","","","DD-XTE0946","DD NICKLE PLATED SUPER LIGHT TOP REGULAR 09/46","","","","","",8,"ชุด",,"",0.00,"         351","         155"
"","","","DD-XTE1052","DD NICKLE PLATED LIGHT TOP HVY BOTTOM 10/52","","","","","",4,"ชุด",,"",0.00,"         457","         232"
"","","","DD-XTE1149","DD NICKLE PLATED MEDIUM 11-49","","","","","",7,"ชุด",,"",0.00,"         145","         227"
"","","","EB-01008","ERNIE BALL GUITAR STRING .008","","","","","",46,"เส้น",,"",0.00,"         288","       1,346"
"","","","EB-01009","ERNIE BALL GUITAR STRING .009","","","","","",119,"เส้น",,"",0.00,"      10,551","      13,615"
"","","","EB-01010","ERNIE BALL GUITAR STRING .010","","","","","",127,"เส้น",,"",0.00,"      16,584","      31,265"
"","","","EB-01011","ERNIE BALL GUITAR STRING .011","","","","","",18,"เส้น",,"",0.00,"       6,904","      14,706"
"","","","EB-01013","ERNIE BALL GUITAR STRING .013","","","","","",71,"เส้น",,"",0.00,"       3,853","      10,423"
"","","","EB-01014","ERNIE BALL GUITAR STRING .014","","","","","",10,"เส้น",,"",0.00,"       2,178","       6,669"
"","","","EB-01016","ERNIE BALL GUITAR STRING .016","","","","","",9,"เส้น",,"",0.00,"       3,722","      14,808"
"","","","EB-01017","ERNIE BALL GUITAR STRING .017","","","","","",74,"เส้น",,"",0.00,"       1,968","       9,998"
"","","","EB-01024","ERNIE BALL GUITAR STRING .024 PLAIN","","","","","",13,"เส้น",,"",0.00,"          36","       1,811"
"","","","EB-01122","ERNIE BALL GUITAR STRING .022 PLAIN","","","","","",33,"เส้น",,"",0.00,"         264","       5,748"
"","","","EB-01124","ERNIE BALL GUITAR STRING .024 WOUND","","","","","",54,"เส้น",,"",0.00,"       1,566","       6,706"
"","","","EB-01126","ERNIE BALL GUITAR STRING .026","","","","","",48,"เส้น",,"",0.00,"       1,410","       3,070"
"","","","EB-01130","ERNIE BALL GUITAR STRING .030","","","","","",1,"เส้น",,"",0.00
"","หจก.ห้างดนตรีเบ๊เงียบเส็ง                                ","หน้า   :       35"
"","สินค้าคงเหลือ แยกตามคลังสินค้า    ","ณ วันที่  20 มิ.ย. 2569"
"","รหัสสินค้าจาก","001-01005-000     ","ถึง","เงินมัดจำลูกค","วันที่ : 20/06/2569"
"","คลัง","","รหัสสินค้า","ชื่อสินค้า","","","","","","  จำนวน","","ราคาต่อหน่วย","","มูลค่าคงเหลือ","ยอดค้างรับ","ยอดค้างส่ง"
"","","","EB-01136","ERNIE BALL GUITAR STRING .036","","","","","",84,"เส้น",,"",0.00,"         396","       2,112"
"","","","EB-01142","ERNIE BALL GUITAR STRING .042","","","","","",2,"เส้น",,"",0.00,"         444","       1,770"
"","","","EB-01146","ERNIE BALL GUITAR STRING .046","","","","","",26,"เส้น",,"",0.00,"         348","       1,359"
"","","","EB-01420","ERNIE BALL STRING EARTHWOOD .020","","","","","",18,"เส้น",,"",0.00,"         558","         546"
"","","","EB-01422","ERNIE BALL STRING EARTHWOOD .022","","","","","",4,"เส้น",,"",0.00,"       2,358","       8,010"
"","","","EB-01452","ERNIE BALL STRING EARTHWOOD 0.52","","","","","",2,"อัน",,"",0.00
"","","","EB-02003","ERNIE BALL EARTHWOOD MEDIUM LIGHT 12/54","","","","","",10,"ชุด",,"",0.00,"       1,649","       2,193"
"","","","EB-02004","ERNIE BALL STRING EARTHWOOD LIGHT 011/05","","","","","",23,"ชุด",,"",0.00,"      10,552","       9,965"
"","","","EB-02006","ERNIE BALL STRING EARTHWOOD EXTRA 010/05","","","","","",41,"ชุด",,"",0.00,"      26,632","      24,635"
"","","","EB-02015","EB PARADIGMN SKN-T HEAVY BUTTOM 010/052","","","","","",10,"ชุด",,"",0.00,"         163","         172"
"","","","EB-02016","EB BURLY SLINKY PARADIGM ELECTRIC 11-52","","","","","",10,"ชุด",,"",0.00,"          24","          12"
"","","","EB-02017"," EB ULTRA SLNKY PARADIGM ELEC 10/48","","","","","",6,"ชุด",,"",0.00,"           6","           6"
"","","","EB-02018","EB PRIMO SLINKY PARAGIDM ELEC 9.5/44","","","","","",11,"ชุด",,"",0.00,"          24","          12"
"","","","EB-02020","ERNIE BALL STRING PARADIGMN POWER SLINKY","","","","","",7,"ชุด",,"",0.00,"          60","          83"
"","","","EB-02021","ERNIE BALL STRING PARADIGMN REGULAR SLINKY #10","","","","","",2,"ชุด",,"",0.00,"         283","         564"
"","","","EB-02022","ERNIE BALL STRING PARADIGMN HYBRID SLINKY #9","","","","","",6,"ชุด",,"",0.00,"          96","         341"
"","","","EB-02023","ERNIE BALL STRING PARADIGMN SUPER SLINKY #9","","","","","",2,"ชุด",,"",0.00,"         222","         353"
"","","","EB-02028","EB PARADIGMN 7 STRING REGULAR 010/056","","","","","",2,"ชุด",,"",0.00,"          30","          60"
"","","","EB-02076","ERNIE BALL STRING PARADIGMN PHOS MED LIGHT SLINKY","","","","","",5,"ชุด",,"",0.00,"          42","         167"
"","","","EB-02078","ERNIE BALL STRING PARADIGMN PHOS LIGHT SLINKY","","","","","",5,"ชุด",,"",0.00,"          60","         102"
"","","","EB-02080","EB PARADIGM PHOS EXTRA LIGHT","","","","","",5,"ชุด",,"",0.00,"          71","          82"
"","","","EB-02088","EB PARADIGMN 80/20 BRONZE ACOUSTIC LIGHT #11","","","","","",1,"ชุด",,"",0.00,"           8","           9"
"","","","EB-02145","EB EARTHWOOD CSTM LIGHT PHOS BRONZE","","","","","",10,"ชุด",,"",0.00,"          36","          15"
"","","","EB-02200","EB SLASH SIGN ELEC GTR STRING 11-48","","","","","",12,"ชุด",,"",0.00,"          12","          12"
"","","","EB-02201","EB PAPA HETS HARDWIRED MASTER CORES SIGN 11-50","","","","","",9,"ชุด",,"",0.00,"          12","          12"
"","","","EB-02211","ERNIE BALL MONDO SLINKY 10.5/52","","","","","",8,"ชุด",,"",0.00,"         300","         165"
"","","","EB-02214","ERNIE BALL MAMMOTH SLINKY 12/68","","","","","",2,"ชุด",,"",0.00,"         276","         139"
"","","","EB-02215","ERNIE BALL STRING TOP HEAVY BOTTOM 10/52","","","","","",8,"ชุด",,"",0.00,"       2,083","       3,054"
"","","","EB-02216","EB SKINNY TOP BEEFY BOTTOM 10/54","","","","","",4,"ชุด",,"",0.00,"       1,110","         568"
"","","","EB-02218","EB JOHN MAYER SILER SLINKY NICKEL GTR 10.5/47","","","","","",8,"ชุด",,"",0.00,"         209","          66"
"","","","EB-02220","ERNIE BALL STRING POWER SLINKY 011/048","","","","","",20,"ชุด",,"",0.00,"       4,493","       5,588"
"","","","EB-02221","ERNIE BALL STRING REGULAR SLINKY 010/046","","","","","",6,"ชุด",,"",0.00,"      69,473","      56,168"
"","","","EB-02222","ERNIE BALL STRING HYBRID SLINKY 009/046","","","","","",83,"ชุด",,"",0.00,"       6,803","       8,947"
"","","","EB-02223","ERNIE BALL STRING SUPER SLINKY 009/042","","","","","",1,"ชุด",,"",0.00,"      52,503","      39,999"
"","","","EB-02224","ERNIE BALL TURBO SLINKY 9.5/46","","","","","",12,"ชุด",,"",0.00,"         614","         627"
"","หจก.ห้างดนตรีเบ๊เงียบเส็ง                                ","หน้า   :       36"
"","สินค้าคงเหลือ แยกตามคลังสินค้า    ","ณ วันที่  20 มิ.ย. 2569"
"","รหัสสินค้าจาก","001-01005-000     ","ถึง","เงินมัดจำลูกค","วันที่ : 20/06/2569"
"","คลัง","","รหัสสินค้า","ชื่อสินค้า","","","","","","  จำนวน","","ราคาต่อหน่วย","","มูลค่าคงเหลือ","ยอดค้างรับ","ยอดค้างส่ง"
"","","","EB-02225","ERNIE BALL STRING EXTRA SLINKY 008/038","","","","","",24,"ชุด",,"",0.00,"       1,253","       3,360"
"","","","EB-02239","ERNIE BALL STRING RPS 9 SLINKY 009/042","","","","","",13,"ชุด",,"",0.00,"         645","         636"
"","","","EB-02240","ERNIE BALL STRING RPS 10 SLINKY 010/046","","","","","",9,"ชุด",,"",0.00,"         384","         797"
"","","","EB-02242","ERNIE BALL STRING RPS 11 POWER 011/048","","","","","",19,"ชุด",,"",0.00,"         205","         132"
"","","","EB-02344","EB MED EARTWOOD BELL BRONZE ACST GTR 13-56","","","","","",12,"ชุด",,"",0.00,"          18","          12"
"","","","EB-02346","EB MED LIGHT EARTWOOD BELL BRONZE 12-54","","","","","",2,"ชุด",,"",0.00,"          60","          15"
"","","","EB-02348","EB LIGHT EARTHWOOD BELL BRONZE 11-52","","","","","",4,"ชุด",,"",0.00,"          60","          12"
"","","","EB-02350","EB EXTRA LIGHT EARTHWOOD BELL BRONZE 10-50","","","","","",10,"ชุด",,"",0.00,"          54"
"","","","EB-02403","ERNIE BALL GUITAR STRING NYLON PALLA","","","","","",6,"ชุด",,"",0.00,"         595","       1,954"
"","","","EB-02580","EB LGHT STEEL FLATWOUND ELEC. GTR STRING 11/50","","","","","",13,"ชุด",,"",0.00,"          49","          26"
"","","","EB-02582","EB MED-LGHT STEEL FLATWOUND ELEC. GTR STRING 12/52","","","","","",9,"ชุด",,"",0.00,"          26","          22"
"","","","EB-02590","EB POWER SLINKY FLATBOUND ELEC GTR STRING 11/48","","","","","",4,"ชุด",,"",0.00,"          12","          15"
"","","","EB-02591","EB REGULAR SLINKY FLATBOUND ELEC GTR STRING 10/46","","","","","",6,"ชุด",,"",0.00,"          37","          28"
"","","","EB-02593","EB SUPER SLINKY FLATBOUND ELEC GTR STRING 9/42","","","","","",6,"ชุด",,"",0.00,"          24","          15"
"","","","EB-02621","ERNIE BALL 7 STRING REGULAR SLINKY 010/056","","","","","",8,"ชุด",,"",0.00,"         365","         445"
"","","","EB-02623","ERNIE BALL 7 STRING SUPER SLINKY 009/052","","","","","",10,"ชุด",,"",0.00,"         249","         228"
"","","","EB-02624","ERNIE BALL 8-STRING TOP HEAVY BUTTON 09/80","","","","","",12,"ชุด",,"",0.00,"          86","          43"
"","","","EB-02625","ERNIE BALL NICKEL 8-STRING 010/074","","","","","",11,"ชุด",,"",0.00,"          54","          91"
"","","","EB-02626","ERNIE BALL STRING NOT EVEN SLINKY 12/56","","","","","",18,"ชุด",,"",0.00,"         530","         761"
"","","","EB-02627","ERNIE BALL STRING BEEFY 11/54","","","","","",18,"ชุด",,"",0.00,"         266","         192"
"","","","EB-02629","EB REGULAR SLINKY 8 STRING #10/74","","","","","",12,"ชุด",,"",0.00,"          30","          21"
"","","","EB-02721","ERNIE BALL COBALT REGULAR SLINKY 10/46","","","","","",11,"ชุด",,"",0.00,"         180","       1,557"
"","","","EB-02722","ERNIE BALL COBALT HYBRID SLINKY 09/46","","","","","",1,"ชุด",,"",0.00,"          24","         337"
"","","","EB-02723","ERNIE BALL COBALT SUPER SLINKY 09/42","","","","","",1,"ชุด",,"",0.00,"         132","       1,191"
"","","","EB-02748","EB EXTRA LIGHT PINO PAL SMOOTHIES FLAT BASS 38-98","","","","","",5,"ชุด",,"",0.00,"           6"
"","","","EB-02749","EB MED PINO PAL SMOOTHIES FLAT BASS 43-108","","","","","",5,"ชุด",,"",0.00,"          12"
"","","","EB-02806","ERNIE BALL BASS FLAT WOUND III 045/100 S","","","","","",6,"ชุด",,"",0.00,"          51","          74"
"","","","EB-02817","EB POWER SLINKY FLATWOUND SHORT SCALE BASS 50-110","","","","","",2,"ชุด",,"",0.00,"          12","          13"
"","","","EB-02818","EB REGULAR SLINKY FLATWOUND SHORT SCALE BASS 45-10","","","","","",2,"ชุด",,"",0.00,"          36","          20"
"","","","EB-02821","ERNIE BALL BASS 5 STRING POWER 50/135 SET","","","","","",3,"ชุด",,"",0.00,"         111","          72"
"","","","EB-02831","ERNIE BALL BASS POWER SLINKY 055/110 SET","","","","","",5,"ชุด",,"",0.00,"         105","          86"
"","","","EB-02834","ERNIE BALL BASS SUPER SLINKY 045/100 SET","","","","","",7,"ชุด",,"",0.00,"       3,148","       4,838"
"","","","EB-02836","ERNIE BALL BASS 5 STRING 045/130 SET","","","","","",6,"ชุด",,"",0.00,"       3,077","       3,801"
"","","","EB-02838","EB NICKEL WOUND LONG SCALE BASS 6 STR 32-130","","","","","",6,"ชุด",,"",0.00,"          30","           6"
"","","","EB-02920","ERNIE BALL M STEEL POWER SLINKY 011/048","","","","","",1,"ชุด",,"",0.00,"          18","          30"
"","หจก.ห้างดนตรีเบ๊เงียบเส็ง                                ","หน้า   :       37"
"","สินค้าคงเหลือ แยกตามคลังสินค้า    ","ณ วันที่  20 มิ.ย. 2569"
"","รหัสสินค้าจาก","001-01005-000     ","ถึง","เงินมัดจำลูกค","วันที่ : 20/06/2569"
"","คลัง","","รหัสสินค้า","ชื่อสินค้า","","","","","","  จำนวน","","ราคาต่อหน่วย","","มูลค่าคงเหลือ","ยอดค้างรับ","ยอดค้างส่ง"
"","","","EB-02921","ERNIE BALL M STEEL REGULAR SLINKY 010/046","","","","","",1,"ชุด",,"",0.00,"          18","         142"
"","","","EB-02923","ERNIE BALL M STEEL SUPER SLINKY 009/042","","","","","",1,"ชุด",,"",0.00,"          24","         128"
"","","","EB-03006","EB EARTHWOOD EXTRA LIGHT 3 PKG","","","","","",12,"",,"",0.00,"          51","           7"
"","","","EB-03120","ERNIE BALL COATED POWER SLINKY 11/48","","","","","",9,"ชุด",,"",0.00,"          61","          68"
"","","","EB-03121","ERNIE BALL COATED REGULAR SLINKY 10/46","","","","","",5,"ชุด",,"",0.00,"         104","         839"
"","","","EB-03150","ERNIE BALL COATED PHOS EXTRA-LIGHT 10-50","","","","","",1,"ชุด",,"",0.00,"          24","         268"
"","","","EB-03213","EB MEGA SLINKY NCKL 10.5/48 3 PKG","","","","","",5,"",,"",0.00,"          81","          38"
"","","","EB-03224","EB TURBO SLINKY NCKL 9.5/46 3 PKG","","","","","",4,"",,"",0.00,"          64","          51"
"","","","EB-03226","EB BURLY SLINKY NCKL 11/52 3 PKG","","","","","",5,"",,"",0.00,"          39","          26"
"","","","EB-03723","EB SUPER SLINKY COBALT ELECTRIC 9-42 (3 PACK)","","","","","",6,"ชุด",,"",0.00,"           6","           8"
"","","","EB-03820","EB SLASH SIG STRING 11-48 (3 PK TIN)","","","","","",2,"",,"",0.00,"          57","          18"
"","","","EB-03826","EB TIM HENSON SLINKY COBALT 9.5-46","","","","","",8,"ชุด",,"",0.00,"         108","          25"
"","","","EB-03829","EB TIM HENSON CLASSIC GUITAR STRINGS","","","","","",12,"ชุด",,"",0.00,"          53","           1"
"","","","EB-04004","EB COFFEE MUG 150Z VINTAGE ELECTRIC","","","","","",1,"ใบ",,"",0.00,"           1","           2"
"","","","EB-04005","EB COFFEE MUG 150Z MUSIC MAN GUYS","","","","","",1,"ใบ",,"",0.00,"","           2"
"","","","EB-04037","ERNIE BALL STRAP BLACK","","","","","",3,"เส้น",,"",0.00,"         669","         697"
"","","","EB-04039","EB PICKHOLDER GUITAR/ BASS STRAP BLK","","","","","",2,"เส้น",,"",0.00,"          16","          33"
"","","","EB-04040","ERNIE BALL STRAP RED","","","","","",1,"เส้น",,"",0.00,"         197","         139"
"","","","EB-04044","ERNIE BALL STRAP RAINBOW","","","","","",1,"เส้น",,"",0.00,"         612","         182"
"","","","EB-04045","ERNIE BALL STRAP PURPLE","","","","","",1,"เส้น",,"",0.00,"         183","          94"
"","","","EB-04046","ERNIE BALL STRAP GRAY","","","","","",2,"เส้น",,"",0.00,"         166","         111"
"","","","EB-04049","ERNIE BALL STRAP NAVY","","","","","",1,"เส้น",,"",0.00,"         170","         209"
"","","","EB-04050","ERNIE BALL STRAP FOREST GREEN","","","","","",1,"เส้น",,"",0.00,"         196","          69"
"","","","EB-04090","EB SANTA FE JACQUARD GUITAR STRAP","","","","","",1,"เส้น",,"",0.00,"          55","          64"
"","","","EB-04094","EB VINTAGE WEAVE JACGUARD GUITAR STRAP","","","","","",2,"เส้น",,"",0.00,"          12","          18"
"","","","EB-04108","EB MIDNIGHT BLOSSOM JACQUARD GTR STRAP","","","","","",1,"เส้น",,"",0.00,"           3","          16"
"","","","EB-04114","ERNIE BALL MUSICIAN'S TOOL KITS","","","","","",1,"ชุด",,"",0.00,"          49","          31"
"","","","EB-04119","ERNIE BALL PEGWINDER","","","","","",7,"อัน",,"",0.00,"         272","         174"
"","","","EB-04142","EB RED ROSE JACQUARD GUITAR STRAP","","","","","",1,"เล่ม",,"",0.00,"          60","          89"
"","","","EB-04143","EB COMFORT STRETCH STRAP BLACK","","","","","",1,"เส้น",,"",0.00,"           5","           1"
"","","","EB-04145","EB COMFORT POLY LOCK STRAP REG. NEOPRENE","","","","","",1,"เส้น",,"",0.00,"           8","           2"
"","","","EB-04149","EB COLASSIC JACQUAR STRAP BLK/WHT CHECKERS","","","","","",1,"เส้น",,"",0.00,"           3","           1"
"","","","EB-04219","EB ULTRA PLUSH MICROFIBER POLISH CLOTH 12"X12"","","","","","",2,"ผืน",,"",0.00,"          21","          36"
"","","","EB-04220","ERNIE BALL POLISH CLOTH","","","","","",6,"ผืน",,"",0.00,"         725","         637"
"","","","EB-04222","EB INSTRUMENT POLISH W/ CLOTH","","","","","",4,"ชุด",,"",0.00,"          35","          10"
"","หจก.ห้างดนตรีเบ๊เงียบเส็ง                                ","หน้า   :       38"
"","สินค้าคงเหลือ แยกตามคลังสินค้า    ","ณ วันที่  20 มิ.ย. 2569"
"","รหัสสินค้าจาก","001-01005-000     ","ถึง","เงินมัดจำลูกค","วันที่ : 20/06/2569"
"","คลัง","","รหัสสินค้า","ชื่อสินค้า","","","","","","  จำนวน","","ราคาต่อหน่วย","","มูลค่าคงเหลือ","ยอดค้างรับ","ยอดค้างส่ง"
"","","","EB-04225","EB INSRUMENT POLISH W/CLOTH 20 OZ-3PK","","","","","",4,"",,"",0.00,"          28","           7"
"","","","EB-04227","ERNIE BALL GLASS GTR SLIDE SMALL","","","","","",2,"อัน",,"",0.00,"          14","           7"
"","","","EB-04228","ERNIE BALL GLASS GTR SLIDE MEDIUM","","","","","",1,"อัน",,"",0.00,"          21","          21"
"","","","EB-04229","ERNIE BALL GLASS GTR SLIDE LARGE","","","","","",1,"อัน",,"",0.00,"           6","           5"
"","","","EB-04236","EB POLY PRO PICKHOLDER STRAP NAVY","","","","","",2,"เส้น",,"",0.00,"          11","           7"
"","","","EB-04259","EB POLY PRO PICKHOLDER STRAP WHITE","","","","","",2,"เส้น",,"",0.00,"           6","           4"
"","","","EB-04276","ERNIE BALL FRETBOARD CONDITIONER (PACK 6)","","","","","",3,"กล่อง",,"",0.00,"         105","         280"
"","","","EB-04277","ERNIE BALL STRING CLEANER (PACK 6)","","","","","",3,"กล่อง",,"",0.00,"         156","         186"
"","","","EB-04278","ERNIE BALL BODY POLISH (PACK 6)","","","","","",2,"กล่อง",,"",0.00,"         119","         129"
"","","","EB-04279","EB WONDER WIPES MULTI PACK","","","","","",2,"ชุด",,"",0.00,"           7","           2"
"","","","EB-04288","EB COMFORT SLIDE MEDIUM","","","","","",1,"อัน",,"",0.00,"          27","          10"
"","","","EB-04600","ERNIE BALL STRAP LOCK NICKLE","","","","","",2,"ชุด",,"",0.00,"          69","         111"
"","","","EB-04602","ERNIE BALL STRAP LOCK GOLD","","","","","",1,"ชุด",,"",0.00,"          27","          40"
"","","","EB-04603","ERNIE BALL STRAP BLOCK 4 PK RED AND BLACK","","","","","",1,"",,"",0.00,"         391","         140"
"","","","EB-04609","ERNIE BALL STRAP ALBUQUERQUE BLUE","","","","","",1,"เส้น",,"",0.00,"          48","          12"
"","","","EB-04613","ERNIE BALL STRAP PEACE LOVE DOVE","","","","","",1,"เส้น",,"",0.00,"          66","          23"
"","","","EB-04659","ERNIE BALL STRAP KALEIDOSCOPE BLUE","","","","","",1,"เส้น",,"",0.00,"          14","          13"
"","","","EB-04669","ERNIE BALL STRAP BLACKJACK RED","","","","","",1,"เส้น",,"",0.00,"           2","           2"
"","","","EB-04674","EB KASHMIR SUNSET JACQUARD STRAP","","","","","",1,"เส้น",,"",0.00,"          11","           3"
"","","","EB-04695","ERNIE BALL RED TELLI STRAP","","","","","",1,"เส้น",,"",0.00,"          11","           5"
"","","","EB-04696","ERNIE BALL MIDNIGHT PAISLEY STRAP","","","","","",1,"เส้น",,"",0.00,"          13","           7"
"","","","EB-04697","ERNIE BALL CASINO COUNTURE STRAP","","","","","",1,"เส้น",,"",0.00,"          19","          11"
"","","","EB-04698","ERNIE BALL PEACH LOVE DOVE RED/BLUE STRAP","","","","","",1,"เส้น",,"",0.00,"          10","           9"
"","","","EB-04905","ERNIE BALL GREEN SLINKY YOUTH MASK","","","","","",2,"อัน",,"",0.00
"","","","EB-04911","EB FOREVER SLINKY BANDANA","","","","","",1,"ชุด",,"",0.00,"           1"
"","","","EB-04921","ERNIE BALL WONDER WIPES FISH","","","","","",6,"ชุด",,"",0.00,"           8","         510"
"","","","EB-05320","ERNIE BALL NEON GREEN STRAP","","","","","",2,"เส้น",,"",0.00,"          25","          21"
"","","","EB-05322","ERNIE BALL RISTA RED STRAP","","","","","",1,"เส้น",,"",0.00,"           9","           5"
"","","","EB-05323","ERNIE BALL ALBUQUERQUE NOON STRAP","","","","","",1,"เส้น",,"",0.00,"          11","           7"
"","","","EB-05325","ERNIE BALL SOUTHWEST TURQUOISE STRAP","","","","","",1,"เส้น",,"",0.00,"          20","          10"
"","","","EB-05326","ERNIE BALL SEDONA BLUE STRAP","","","","","",1,"เส้น",,"",0.00,"          12","           9"
"","","","EB-05328","EB STRETCH COMFORT RACER YELLOW STRAP","","","","","",1,"เส้น",,"",0.00,"          19","           9"
"","","","EB-05329","EB STRETCH COMFORT RACER RED STRAP","","","","","",1,"เส้น",,"",0.00,"          18","           8"
"","","","EB-05330","EB ROYAL FLUSH RED JACQUARD STRAP","","","","","",1,"เส้น",,"",0.00,"           3","           1"
"","","","EB-05331","EB PURPLE BIRD LUPIN JACQUARD STRAP","","","","","",1,"เส้น",,"",0.00,"          21","          10"
"","หจก.ห้างดนตรีเบ๊เงียบเส็ง                                ","หน้า   :       39"
"","สินค้าคงเหลือ แยกตามคลังสินค้า    ","ณ วันที่  20 มิ.ย. 2569"
"","รหัสสินค้าจาก","001-01005-000     ","ถึง","เงินมัดจำลูกค","วันที่ : 20/06/2569"
"","คลัง","","รหัสสินค้า","ชื่อสินค้า","","","","","","  จำนวน","","ราคาต่อหน่วย","","มูลค่าคงเหลือ","ยอดค้างรับ","ยอดค้างส่ง"
"","","","EB-05336","EB BLUE CRUZ JACQUARD STRAP","","","","","",1,"เส้น",,"",0.00,"           7","           2"
"","","","EB-05337","EB CLASSIC JACQUARD STRAP CINNAMON NEEDLEPOINT","","","","","",1,"เส้น",,"",0.00,"           2","           1"
"","","","EB-05338","EB CLASSIC JACQUARD STRAP CANDY SUN","","","","","",1,"เส้น",,"",0.00,"           2","           1"
"","","","EB-05360","EB CLASSIC JACQUARD STRAP PLEASNAT PHEASNT","","","","","",1,"เส้น",,"",0.00,"          16","          14"
"","","","EB-05366","EB POLYPRO ACOUSTIC GUITAR STRAP BROWN","","","","","",1,"เส้น",,"",0.00,"          38","           9"
"","","","EB-05367","EB POLYPRO ACOUSTIC GUITAR STRAP BURGUNDY","","","","","",2,"เส้น",,"",0.00,"          13","           5"
"","","","EB-05368","EB POLYPRO ACOUSTIC GUITAR STRAP CREAM","","","","","",1,"เส้น",,"",0.00,"          15","           6"
"","","","EB-05370","EB CLASSIC JACQUARD GTR/BASS STRAP ELEC. DIAMOND","","","","","",1,"เส้น",,"",0.00,"           2","           2"
"","","","EB-05378","EB GUITAR/BASS STRAP PURPLE SUNSET","","","","","",1,"เส้น",,"",0.00,"           7","           5"
"","","","EB-05380","EB CLASSIC JACQUARD GTR/BASS STRAP NOBLE ROSE","","","","","",1,"เส้น",,"",0.00,"           4","           2"
"","","","EB-05398","EB PREMIUM GTR/BASS STRAP HOLE LOTTA METAL GOLD","","","","","",1,"เส้น",,"",0.00,"          12"
"","","","EB-05399","EB PREMIUM GTR/BASS STRAP WHT LIGHTNING","","","","","",1,"เส้น",,"",0.00,"          25","           2"
"","","","EB-05618","EB STRAP BLOCKS 4 PK PURPLE","","","","","",5,"",,"",0.00,"          97","          99"
"","","","EB-05619","EB STRAP BLOCKS 4 PK BLUE","","","","","",2,"",,"",0.00,"         104","         113"
"","","","EB-05620","EB STRAP BLOCKS 4 PK RED","","","","","",3,"",,"",0.00,"          99","         115"
"","","","EB-05621","EB STRAP BLOCKS 4 PK ORANGE","","","","","",3,"",,"",0.00,"          94","         101"
"","","","EB-05622","EB STRAP BLOCKS 4 PK GREEN","","","","","",5,"",,"",0.00,"          97","          90"
"","","","EB-05623","EB STRAP BLOCKS 4 PK PINK","","","","","",5,"",,"",0.00,"          74","         136"
"","","","EB-05624","EB STRAP BLOCKS 4 PK CREAM","","","","","",2,"",,"",0.00,"          66","         152"
"","","","EB-06044","EB COIL INSTRUMENT CABLE 30FT S/S BLACK","","","","","",1,"เส้น",,"",0.00,"          11","          43"
"","","","EB-06045","EB COIL INSTRUMENT CABLE 30FT S/A WHITE","","","","","",1,"เล่ม",,"",0.00,"          23","          28"
"","","","EB-06071","EB SPEAKER CABLE 3FT S/SBLACK","","","","","",1,"เส้น",,"",0.00,"          44","          74"
"","","","EB-06072","EB SPEAKER CABLE 6FT S/SBLACK","","","","","",6,"เส้น",,"",0.00,"          36","          75"
"","","","EB-06077","EB 10FT BRAIDED S/A INST CABLE BLK GREEN","","","","","",1,"เส้น",,"",0.00,"         436","         270"
"","","","EB-06078","EB 10FT BRAIDED S/A INST CABLE NEON PINK","","","","","",1,"เส้น",,"",0.00,"         570","         369"
"","","","EB-06081","EB 10FT BRAIDED S/A INST CABLE BLACK","","","","","",1,"เส้น",,"",0.00,"         444","         376"
"","","","EB-06082","ERNIE BALL 18 FT BRAIDED S/A INST CABLE BLK/GREEN","","","","","",1,"เส้น",,"",0.00,"         270","         211"
"","","","EB-06084","ERNIE BALL 18 FT BRAIDED S/A INST NEON ORANGE","","","","","",1,"เส้น",,"",0.00,"         294","         104"
"","","","EB-06086","ERNIE BALL 18 FT BRAIDED S/A INST BLACK","","","","","",1,"เส้น",,"",0.00,"         251","         216"
"","","","EB-06110","EB VOLUME PEDAL JR MONO 40TH ANNIVERSARY","","","","","",1,"อัน",,"",0.00,"           7","          12"
"","","","EB-06157","ERNIE BALL CORD/SPRING KIT VP #6157","","","","","",4,"เส้น",,"",0.00,"          23","          66"
"","","","EB-06162","ERNIE BALL VOLUME POT 500K STEREO VP #6162","","","","","",7,"ตัว",,"",0.00,"           2","          10"
"","","","EB-06166","ERNIE BALL MONO VOLUME PEDAL #6166","","","","","",2,"ตัว",,"",0.00,"           1","           9"
"","","","EB-06172","ERNIE BALL CORD/SPRING KIT VP JR #6172","","","","","",2,"เส้น",,"",0.00,"          18","          83"
"","","","EB-06174","ERNIE BALL POT 250K VP JR MONO #6175","","","","","",2,"ตัว",,"",0.00,"           2","           7"
"","หจก.ห้างดนตรีเบ๊เงียบเส็ง                                ","หน้า   :       40"
"","สินค้าคงเหลือ แยกตามคลังสินค้า    ","ณ วันที่  20 มิ.ย. 2569"
"","รหัสสินค้าจาก","001-01005-000     ","ถึง","เงินมัดจำลูกค","วันที่ : 20/06/2569"
"","คลัง","","รหัสสินค้า","ชื่อสินค้า","","","","","","  จำนวน","","ราคาต่อหน่วย","","มูลค่าคงเหลือ","ยอดค้างรับ","ยอดค้างส่ง"
"","","","EB-06180","ERNIE BALL VOLUME PEDAL 6180 JR","","","","","",1,"ตัว",,"",0.00,"          19","          40"
"","","","EB-06181","ERNIE BALL VOLUME PEDAL 6181 JR 25K","","","","","",1,"ตัว",,"",0.00,"           6","          28"
"","","","EB-06183","ERNIE BALL EFF PEDAL EXPRESSION OVERDRIVE #6183","","","","","",2,"ตัว",,"",0.00,"","           1"
"","","","EB-06184","ERNIE BALL EFF VOLUME PEDAL AMBIENT DELAY #6184","","","","","",1,"ตัว",,"",0.00,"","           1"
"","","","EB-06185","ERNIE BALL WAH PEDAL","","","","","",1,"ตัว",,"",0.00
"","","","EB-06186","ERNIE BALL TAP TEMPO MINI","","","","","",1,"ตัว",,"",0.00,"           5","           6"
"","","","EB-06188","ERNIE BALL EXPRESSION TREMOLO PEDAL","","","","","",1,"ตัว",,"",0.00
"","","","EB-06191","ERNIE BALL VOLT POWER BRICK","","","","","",1,"ตัว",,"",0.00,"          38","          21"
"","","","EB-06201","ERNIE BALL VP JR TUNER CLEAR ANODIZED","","","","","",2,"ตัว",,"",0.00,"           3","           3"
"","","","EB-06220","EB FLAT RIBBON PATCH CABLE 3" BLK 3 PACK","","","","","",1,"เส้น",,"",0.00,"         207","         164"
"","","","EB-06222","EB FLAT RIBBON PATCH CABLE 12" BLK 3 PACK","","","","","",5,"เส้น",,"",0.00,"         145","         113"
"","","","EB-06226","EB SINGLE FLAT RIBBON PATCH CABLE 6" BLK","","","","","",1,"เส้น",,"",0.00,"         221","         110"
"","","","EB-06227","EB SINGLE FLAT RIBBON PATCH CABLE 12" BLK","","","","","",6,"เส้น",,"",0.00,"         153","         109"
"","","","EB-06228","EB SINGLE FLAT RIBBON PATCH CABLE 24" BLK","","","","","",6,"เส้น",,"",0.00,"         108","          89"
"","","","EB-06324","ERNIE BALL MONO JACK","","","","","",31,"ตัว",,"",0.00,"         241","       1,055"
"","","","EB-06331","ERNIE BALL STEREO AND PIN JACK","","","","","",2,"ตัว",,"",0.00,"          37","          12"
"","","","EB-06382","EB POTENTIOMETER 250K SHAFT","","","","","",4,"ตัว",,"",0.00,"           7","           7"
"","","","EB-06385","EB 6"FLAT RIBBON PATCH CABLE WHT 3 PKG","","","","","",1,"ชุด",,"",0.00,"          82","          65"
"","","","EB-06389","EB 20FM MALE FEMALE XLR MICROPHONE CABLE WHT","","","","","",1,"เส้น",,"",0.00,"           3","           4"
"","","","EB-06390","EB 5FT BRAIDED MALE FEMALE XLR MIC BABLE BLK","","","","","",1,"เส้น",,"",0.00,"          34","           9"
"","","","EB-06391","EB 15FT BRAIDED MALE FEMALE XLR MIC BABLE BLK","","","","","",11,"เส้น",,"",0.00,"          60","          69"
"","","","EB-06392","EB 20FT BRAIDED MALE FEMALE XLR MIC BABLE BLK","","","","","",15,"เส้น",,"",0.00,"          60","          56"
"","","","EB-06394","EB 10FT BRAIDED STRAIGHT INST CABLE RED BLK","","","","","",10,"เส้น",,"",0.00,"         104","         120"
"","","","EB-06395","EB 18FT BRAIDED STRAIGHT INST CABLE PURPLE BLK","","","","","",1,"เส้น",,"",0.00,"          47","          72"
"","","","EB-06396","EB 18FT BRAIDED STRAIGHT INST CABLE RED BLK","","","","","",10,"เส้น",,"",0.00,"          70","          65"
"","","","EB-06413","EB FLEX INST.CABLE S/S 10FT PINK","","","","","",10,"เส้น",,"",0.00,"         159","          24"
"","","","EB-06417","EB FLEX INST.CABLE S/S 20FT BLUE","","","","","",5,"เส้น",,"",0.00,"          98","          36"
"","","","EB-06418","EB FLEX INST.CABLE S/S 20FT PINK","","","","","",5,"เส้น",,"",0.00,"         108","          44"
"","","","EB-06419","EB FLEX INST.CABLE S/S 20FT GREEN","","","","","",5,"เส้น",,"",0.00,"         103","          21"
"","","","EB-06420","EB FLEX INST.CABLE S/S 20FT PURPLE","","","","","",10,"เส้น",,"",0.00,"         104","          38"
"","","","EB-06421","EB FLEX INST.CABLE S/S 20FT ORANGE","","","","","",5,"เส้น",,"",0.00,"          73","          41"
"","","","EB-06426","EB BRAIDED INSTR. CABLE S/ST 10FT EMERALD ARGYLE","","","","","",1,"เส้น",,"",0.00,"           1","           1"
"","","","EB-06430","EB BRAIDED INSTR. CABLE S/ST 18FT EMERALD ARGYLE","","","","","",1,"เส้น",,"",0.00,"           2","           1"
"","","","EB-06431","EB BRAIDED INSTR. CABLE S/ST 18FT PURPLE PYTHON","","","","","",1,"เส้น",,"",0.00,"           1","           1"
"","","","EB-06433","EB BRAIDED INSTR. CABLE S/ST 18FT SILVER FOX","","","","","",1,"เส้น",,"",0.00,"           1","           1"
"","หจก.ห้างดนตรีเบ๊เงียบเส็ง                                ","หน้า   :       41"
"","สินค้าคงเหลือ แยกตามคลังสินค้า    ","ณ วันที่  20 มิ.ย. 2569"
"","รหัสสินค้าจาก","001-01005-000     ","ถึง","เงินมัดจำลูกค","วันที่ : 20/06/2569"
"","คลัง","","รหัสสินค้า","ชื่อสินค้า","","","","","","  จำนวน","","ราคาต่อหน่วย","","มูลค่าคงเหลือ","ยอดค้างรับ","ยอดค้างส่ง"
"","","","EB-06436","EB FLEX INST.CABLE S/S 10FT-GLOW IN DARK","","","","","",1,"เส้น",,"",0.00,"          48","          15"
"","","","EB-06437","EB FLEX INST.CABLE S/S 20FT-GLOW IN DARK","","","","","",1,"เส้น",,"",0.00,"          14","          13"
"","","","EB-06438","EB FLEX PATCH CABLE 3IN BLK SINGLE","","","","","",2,"เส้น",,"",0.00,"           7","           2"
"","","","EB-06440","EB FLEX PATCH CABLE 12IN BLK SINGLE","","","","","",1,"เส้น",,"",0.00,"           6","           1"
"","","","EB-06443","EB FLEX PATCH CABLE 3IN BLK 3 PACK","","","","","",1,"ชุด",,"",0.00,"          25","          10"
"","","","EB-06444","EB FLEX PATCH CABLE 6IN BLK 3 PACK","","","","","",1,"ชุด",,"",0.00,"          12","           5"
"","","","EB-06445","EB FLEX PATCH CABLE 12IN BLK 3 PACK","","","","","",1,"เส้น",,"",0.00,"           8","           3"
"","","","EB-06446","EB FLEX PATCH CABLE 3IN PURPLE SINGLE","","","","","",1,"เส้น",,"",0.00,"           1","           2"
"","","","EB-06447","EB FLEX PATCH CABLE 6IN PURPLE SINGLE","","","","","",1,"เส้น",,"",0.00,"           1","           1"
"","","","EB-06454","EB FLEX PATCH CABLE 3IN BLUE SINGLE","","","","","",1,"เล่ม",,"",0.00,"           1","           1"
"","","","EB-06455","EB FLEX PATCH CABLE 6IN BLUE SINGLE","","","","","",1,"เส้น",,"",0.00,"           4","           1"
"","","","EB-06459","EB FLEX PATCH CABLE 3IN BLUE 3 PACK","","","","","",1,"ชุด",,"",0.00,"           3","           2"
"","","","EB-06464","EB FLEX INSTR CABLE S/A 10FT BLUE","","","","","",1,"เส้น",,"",0.00,"          50","           5"
"","","","EB-06465","EB FLEX INSTR CABLE S/A 10FT GREEN","","","","","",1,"เส้น",,"",0.00,"          54","           4"
"","","","EB-06468","EB 10FT BRAIDED S/S INST CABLE PUMPKIN PIE","","","","","",1,"เส้น",,"",0.00,"           9","           2"
"","","","EB-06469","EB 18FT BRAIDED S/S INST CABLE PUMPKIN PIE","","","","","",1,"เส้น",,"",0.00,"           1","           1"
"","","","EB-06470","EB 10FT BRAIDED S/A INST CABLE PUMPKIN PIE","","","","","",1,"เส้น",,"",0.00,"          14","           3"
"","","","EB-06471","EB 18FT BRAIDED S/A INST CABLE PUMPKIN PIE","","","","","",1,"เส้น",,"",0.00,"           3","           3"
"","","","EB-06472","EB 10FT CLASSIC SILENT S/S INST CABLE BLACK","","","","","",1,"ตัว",,"",0.00,"           7","           2"
"","","","EB-06473","EB 20FT CLASSIC SILENT S/S INST CABLE BLACK","","","","","",1,"ตัว",,"",0.00,"           6","           2"
"","","","EB-06474","EB FLEX PATCH CABLE 3IN-GLOW IN DARK-3PACK","","","","","",1,"",,"",0.00,"           2","           2"
"","","","EB-06475","EB FLEX PATCH CABLE 6IN-GLOW IN DARK-3PACK","","","","","",2,"",,"",0.00,"           2","           2"
"","","","EB-09101","EB CELLULOSE GTR PICK-THIN WHITE (144)","","","","","",1,"ถุง",,"",0.00,"           2","           1"
"","","","EB-09109","EB CELLULOSE GTR PICKS-THIN ASSORTED PEARLOID(144)","","","","","",1,"กล่อง",,"",0.00,"           2","           1"
"","","","EB-09114","EB CELLULOSE GTR PICKS-MEDIUM BLK (144)","","","","","",1,"กุรุส",,"",0.00,"           2","           1"
"","","","EB-09132","EB NYLON GUITAR PICK-HVY 0.97MM BLACK-50PACK","","","","","",1,"ตัว",,"",0.00,"           2","           2"
"","","","EB-09133","EB NYLON GUITAR PICK-MIX (THIN,MED,HVY) 50PACK","","","","","",1,"ชุด",,"",0.00,"           4","           2"
"","","","EB-09135","EB INJECTION MOLDED NYLON PICK 053 MM","","","","","",2,"ห่อ",,"",0.00,"           9","          10"
"","","","EB-09136","EB INJECTION MOLDED NYLON PICK MEDIUM (12)","","","","","",2,"ห่อ",,"",0.00,"          11","          19"
"","","","EB-09137","EB INJECTION MOLDED NYLON PICK HEAVY(12)","","","","","",2,"ห่อ",,"",0.00,"           5","           6"
"","","","EB-09166","EB CELLULOSE GTR PICK-MED ASSORTED PEARLOID-24PACK","","","","","",2,"ชุด",,"",0.00,"           3","           2"
"","","","EB-09168","EB CELLULOSE GTR PICK-HVY ASSORTED PEAROID-24PACK","","","","","",2,"ชุด",,"",0.00,"           3","           2"
"","","","EB-09170","EB CELLULOSE GTR PICK THIN ASSORTED COLOUR -24 PAC","","","","","",2,"",,"",0.00,"           2","           2"
"","","","EB-09172","EB CELLULOSE GTR PICK MED ASSORTED COLOUR -24 PAC","","","","","",2,"",,"",0.00,"           4","           4"
"","","","EB-09174","EB CELLULOSE GTR PICK HVY ASSORTED COLOUR -24 PAC","","","","","",2,"ห่อ",,"",0.00,"           2","           2"
"","หจก.ห้างดนตรีเบ๊เงียบเส็ง                                ","หน้า   :       42"
"","สินค้าคงเหลือ แยกตามคลังสินค้า    ","ณ วันที่  20 มิ.ย. 2569"
"","รหัสสินค้าจาก","001-01005-000     ","ถึง","เงินมัดจำลูกค","วันที่ : 20/06/2569"
"","คลัง","","รหัสสินค้า","ชื่อสินค้า","","","","","","  จำนวน","","ราคาต่อหน่วย","","มูลค่าคงเหลือ","ยอดค้างรับ","ยอดค้างส่ง"
"","","","EB-09176","EB CELLULOSE GTR PICK-THIN ASSORTED COLOR-12PACK","","","","","",3,"",,"",0.00,"           4","           3"
"","","","EB-09178","EB CELLULOSE GTR PICK-MED ASSORTED COLOR-12PACK","","","","","",3,"",,"",0.00,"           4","           3"
"","","","EB-09179","ERNIE BALL PICK EVERLAST 0.600 MM PINK","","","","","",2,"ชิ้น",,"",0.00,"          26","          49"
"","","","EB-09180","EB CELLULOSE GTR PICK-HVY ASSORTED COLOR-12PACK","","","","","",2,"",,"",0.00,"           4","           3"
"","","","EB-09181","ERNIE BALL PICK EVERLAST 0.48 MM BLUE","","","","","",3,"",,"",0.00,"          29","          96"
"","","","EB-09187","ERNIE BALL PICK BUDDY","","","","","",3,"ชุด",,"",0.00,"          51","         139"
"","","","EB-09191","ERNIE BALL PICK EVERLAST 0.88 MM GREEN (12)","","","","","",1,"",,"",0.00,"          37","          80"
"","","","EB-09193","ERNIE BALL PICK EVERLAST 1.00 MM PURPLE (12)","","","","","",2,"ชิ้น",,"",0.00,"          32","          68"
"","","","EB-09194","ERNIE BALL PICK EVERLAST 1.14 MM RED (12)","","","","","",3,"ชิ้น",,"",0.00,"          20","          20"
"","","","EB-09195","ERNIE BALL PICK EVERLAST 1.15 MM YELLOW (12)","","","","","",2,"ชิ้น",,"",0.00,"          22","          47"
"","","","EB-09203","ERNIE BALL PICK MINI PRODIGY 2.0MM WHITE (6)","","","","","",1,"",,"",0.00,"          14","          16"
"","","","EB-09215","ERNIE BALL THUMB PICKS M (6 EACH)","","","","","",1,"",,"",0.00,"","           5"
"","","","EB-09220","EB PICKEY PICKS METAL FINGER PICKS-24 PACK","","","","","",2,"",,"",0.00,"           4","           2"
"","","","EB-09220A","EB PICKEY PICKS METAL FINGER PICKS","","","","","",24,"อัน",,"",0.00
"","","","EB-09221","EB CAMOUFLAGE CELLULOSE PICKS THIN","","","","","",1,"ชิ้น",,"",0.00,"          19","          69"
"","","","EB-09331","EB PRODIGY GTR PICK-SHIELD 1.5 BLK - 6 PACK","","","","","",2,"",,"",0.00,"           2","           2"
"","","","EB-09335","EB PRODIGY GTR PICK-SHARP 1.5 MM BLK - 6 PACK","","","","","",1,"",,"",0.00,"           2","           2"
"","","","EB-09342","EB PRODIGY GTR PICK-MULTIPACK 1.5 MM BLK - 6 PACK","","","","","",2,"",,"",0.00,"           2","           2"
"","","","EB-09343","EB PRODIGY GTR PICK-MULTIPACK 1.5 MM WHT - 6 PACK","","","","","",1,"",,"",0.00,"           1","           1"
"","","","EB-09604","ERNIE BALL PEGWINDER PLUS","","","","","",1,"อัน",,"",0.00,"          32","           6"
"","","","EB-09606","EB AXIS DUAL RADIUS CAPO GOLD SATIN","","","","","",2,"อัน",,"",0.00,"          38","          23"
"","","","EB-09608","EB AXIS DUAL RADIUS CAPO PEWTER","","","","","",1,"อัน",,"",0.00,"          64","          40"
"","","","EB-09610","ERNIE BALL PEGWINDER SELECT","","","","","",1,"อัน",,"",0.00,"          24","           4"
"","","","EB-09611","ERNIE BALL PEGWINDER SELECT BASS","","","","","",1,"อัน",,"",0.00,"           8","           4"
"","","","EB-09615","EB INSTRUMENT MAINTENANCE TECHMAT","","","","","",2,"อัน",,"",0.00,"          22","          10"
"","","","EB-09616","ERNIE BALL AXIS CAPO WHITE","","","","","",2,"อัน",,"",0.00,"          36","          21"
"","","","EB-09617","ERNIE BALL GUITAR NECK REST","","","","","",2,"อัน",,"",0.00,"           7","           2"
"","","","EB-09618","EB ACOUSTIC SOUND HOLE COVER","","","","","",2,"อัน",,"",0.00,"          54","          18"
"","","","EB-09619","EB GUITAR WALL MOUNT HANGER - BLACK","","","","","",1,"อัน",,"",0.00,"          10","           3"
"","","","EB-09620","EB GUITAR WALL MOUNT HANGER - WHITE","","","","","",2,"อัน",,"",0.00,"          11","           6"
"","","","EB-09626","EB POWER PEG PRO","","","","","",1,"อัน",,"",0.00,"           1","           1"
"","","","EB-09627","EB PRO TUNE USB-C CLIP ON TUNER","","","","","",2,"ตัว",,"",0.00,"          21","           8"
"","","","EB-09628","EB FRETWRAP TIM HENSON BY GRUV GEAR SMALL","","","","","",2,"อัน",,"",0.00,"          40","           7"
"","","","EB-09630","EB ACOUSTIC SOUNDHOLE COVER 3-3/8IN","","","","","",2,"อัน",,"",0.00,"           2","           2"
"","","","EB-09631","ERNIE BALL PRECISION CAPO BLACK","","","","","",2,"อัน",,"",0.00,"           7","           2"
"","หจก.ห้างดนตรีเบ๊เงียบเส็ง                                ","หน้า   :       43"
"","สินค้าคงเหลือ แยกตามคลังสินค้า    ","ณ วันที่  20 มิ.ย. 2569"
"","รหัสสินค้าจาก","001-01005-000     ","ถึง","เงินมัดจำลูกค","วันที่ : 20/06/2569"
"","คลัง","","รหัสสินค้า","ชื่อสินค้า","","","","","","  จำนวน","","ราคาต่อหน่วย","","มูลค่าคงเหลือ","ยอดค้างรับ","ยอดค้างส่ง"
"","","","EB-09632","ERNIE BALL PRECISION CAPO BRONZE","","","","","",1,"อัน",,"",0.00,"           6","           1"
"","","","EB-09638","EB SPRING DAMPENER GTR TAILPIECE","","","","","",2,"",,"",0.00,"           2","           2"
"","","","EB-09639","EB SPRING DAMPENER GTR TAILPIECE 6 PACK","","","","","",4,"",,"",0.00,"          13","          14"
"","","","EB-09640","ERNIE BALL STRING DAMPENER HEADSTOCK","","","","","",2,"อัน",,"",0.00,"           5","           2"
"","","","EB-09641","EB PICKHOLDER GTR HEADSTOCK","","","","","",2,"อัน",,"",0.00,"           2","           2"
"","","","EB-09644","ERNIE BALL FAST PITCH CLIP-ON TUNER","","","","","",2,"อัน",,"",0.00,"           7","           2"
"","","","EB-09645","ERNIE BALL FLEX CAPO-BLACK","","","","","",2,"อัน",,"",0.00,"           2","           2"
"","","","EB-DISPLAY-JM","ERNIE BALL DISPLAY JOHN MAYER","","","","","",2,"แผ่น",,"",0.00,"           2"
"","","","EB-M05390","MUSIC MAN POT TONE/BASS FOR STERLING #53","","","","","",2,"ตัว",,"",0.00
"","","","EB-M05391","MUSIC MAN POT VOLUME FOR STERLING #5391","","","","","",2,"ตัว",,"",0.00
"","","","EB-M05407","MM IC CHIP LF444CN","","","","","",5,"อัน",,"",0.00
"","","","EB-MC418","MM TR MC 418 W PIEZO","","","","","",5,"อัน",,"",0.00
"","","","EB-PICK","PICK ERNIE BALL","","","","","",5,"อัน",,"",0.00
"","","","EH-12AX7EH","ELECTRO HARMONIX 12AX7EH TUBE","","","","","",3,"ตัว",900.00,"",2700.00
"","","","EH-7025","ELECTRO HARMONIC 7025/12AX7","","","","","",1,"อัน",658.00,"",658.00
"","","","EV-ARF7GM","EVANS APPRENTICE PAD 7" (แป้นซ้อมตีกลอง)","","","","","",3,"อัน",,"",0.00,"          74","          39"
"","","","EV-RF10G-AT","EVANS 10" REAL FEEL ATTACKTILE PAD","","","","","",1,"คู่",,"",0.00,"           8","           4"
"","","","EV-RF12D","EVANS 12" 2-SIDED STD PAD","","","","","",1,"อัน",,"",0.00,"          19","          23"
"","","","EV-RF12G","EVANS 12" 1-SIDED STD PAD","","","","","",2,"อัน",,"",0.00,"          14","          20"
"","","","EV-RF6D","EVANS 6" 2-SIDED STD PAD","","","","","",1,"อัน",,"",0.00,"          31","          18"
"","","","EV-RF6GM","EVANS 6" 1-SIDED STD PAD","","","","","",2,"อัน",,"",0.00,"          26","          15"
"","","","F001-0108-000","FENDER BRIDGE COVER P.BASS CHROME","","","","","",1,"อัน",,"",0.00,"           2","          17"
"","","","F001-0660-090","FENDER COVER PICKUP J.BASS CHROME","","","","","",1,"อัน",,"",0.00,"           6","          31"
"","","","F001-8531-049A","FENDER .050 HEX KEY SHORT ARM","","","","","",10,"อัน",,"",0.00
"","","","F001-8671-049","FENDER SPRING TREMOLO ARM TENTION BLK","","","","","",6,"ตัว",,"",0.00,"         343","       1,069"
"","","","F002-1642-049A","FENDER PILOT LIGHT #T47","","","","","",13,"อัน",,"",0.00,"","          10"
"","","","F002-3811-049","FD WRENCH 1/8 X 1-1/4 X 2-3/4 HEX (12)","","","","","",1,"ถุง",,"",0.00,"","          14"
"","","","F002-3811-049A","FD WRENCH 1/8 1 1/4 X 2 -3/4 HEX","","","","","",12,"อัน",,"",0.00
"","","","F003-1643-049","FENDER SPRING TREMOLO TENSION VINT.","","","","","",2,"ตัว",,"",0.00,"          69","         648"
"","","","F003-6238-049A","FENDER SCHALLER KEY LOCK CAP","","","","","",3,"อัน",,"",0.00
"","","","F003-6703-000","FENDER FUSE HOLDER 5MM FINGER GRIP","","","","","",2272,"อัน",1.00,"",2273.00
"","","","F003-6797-002","FENDER CLOTH GRILLE TAN/BRN LARGE","","","","","",1,"ม้วน",,"",0.00,"","           1"
"","","","F003-7117-049","FD JACK PCB MONO CLOSED CKT","","","","","",42,"อัน",,"",0.00
"","","","F003-7788-002","FENDER CLOTH GRIL BLACK/SILVER LARGE","","","","","",1,"ม้วน",,"",0.00
"","","","F004-0800-049","FD SCREW SET 6-32X7/16 HEX CP NI","","","","","",3,"ชุด",,"",0.00,"           2","          18"
"","หจก.ห้างดนตรีเบ๊เงียบเส็ง                                ","หน้า   :       44"
"","สินค้าคงเหลือ แยกตามคลังสินค้า    ","ณ วันที่  20 มิ.ย. 2569"
"","รหัสสินค้าจาก","001-01005-000     ","ถึง","เงินมัดจำลูกค","วันที่ : 20/06/2569"
"","คลัง","","รหัสสินค้า","ชื่อสินค้า","","","","","","  จำนวน","","ราคาต่อหน่วย","","มูลค่าคงเหลือ","ยอดค้างรับ","ยอดค้างส่ง"
"","","","F004-9181-000","FD XFMR PWR 65 TWIN NEMKO KANBAN","","","","","",2,"ตัว",,"",0.00
"","","","F005-0166-049","FENDER SCREW M#3-48X13/16","","","","","",3,"ชุด",,"",0.00,"","           3"
"","","","F005-0964-010","FENDER PIKUP TELE TXSPCL BRDIGE CS ACS","","","","","",1,"ตัว",,"",0.00,"","           1"
"","","","F005-3736-049","FENDER CONTROL 100 KB CONG TOCOS","","","","","",2,"ตัว",,"",0.00,"","           2"
"","","","F005-4420-000","FENDER AMP.SPEAKER 12" 8 OHM T5317/T5115","","","","","",2,"ตัว",,"",0.00,"","           1"
"","","","F005-5117-049","AM DELUXE LOCKING TUNING CAP CHROME","","","","","",1,"ชุด",,"",0.00,"           3","           3"
"","","","F005-6253-049","FD KNOB PICKUP SWITCH PARCHMENT (2)","","","","","",2,"ชุด",,"",0.00,"           5","          30"
"","","","F005-7146-000","FENDER AMP.SPEAKER 12" 8 OHM JENSEN C12K","","","","","",1,"ตัว",,"",0.00,"           1","           9"
"","","","F005-9266-049","FD SW CAP SPSH STRAT PARCHMENT(2)","","","","","",2,"ชุด",,"",0.00,"","          12"
"","","","F005-9267-049","FENDER SW KNOB SPSH STRAT PARCHMENT (2)","","","","","",1,"ชุด",,"",0.00,"","          12"
"","","","F006-1256-000","F.SW/POT ASSY S-1 250K.25B SPSH FOR STRAT","","","","","",3,"ตัว",,"",0.00,"           1","           5"
"","","","F006-2803-000","FD AMP SPEAKER FM212R","","","","","",9,"ดอก",,"",0.00,"","          25"
"","","","F006-8955-000","FENDER G&L CASE FOR EJ BLONDE W/BLK CAPS","","","","","",1,"ใบ",,"",0.00
"","","","F007-1301-000","FD SPEAKER 15" 40HM EMINENCE","","","","","",1,"ตัว",,"",0.00,"           1","           1"
"","","","F007-3618-049","FENDER JACK, 6.3 OUTPUT","","","","","",2,"ชุด",,"",0.00
"","","","F008-0996-000","FENDER FOOT SWITCH 4 BTN MUSTANG AMP.","","","","","",2,"ตัว",,"",0.00,"           3","           7"
"","","","F008-0997-000","FENDER FOOT SWITCH 2 BTN MUSTANG AMP.","","","","","",3,"ตัว",,"",0.00,"           1","           4"
"","","","F008-1284-000","FD AMP. SPEAKER 15" 4 OHM RUMBLE 150","","","","","",1,"อัน",,"",0.00
"","","","F008-1405-000","FENDER PCB ASSY AUTOMATIC BIAS 4 TUB S-S","","","","","",4,"แผง",,"",0.00
"","","","F009-4762-000","GRESTCH TAILPIECE G ROOTS RES W/SCREWS","","","","","",1,"ตัว",,"",0.00,"","           1"
"","","","F009-6414-000","FENDER BOOKEND BASS BODY","","","","","",2,"ก้อน",,"",0.00,"           1","           3"
"","","","F010-7112-841","FENDER YNGWIE MALMSTEEN STRAT MN V.WHITE","","","","","",1,"ตัว",,"",0.00,"           1","          16"
"","","","F011-0232-849","FD AMERICAN VINT II 57 STRAT MN SEAFORM GREEN","","","","","",1,"ตัว",,"",0.00,"","           6"
"","","","F011-0270-834","FD AMERICAN VINT II 73 STRAT RW AGED NATURAL","","","","","",1,"ตัว",,"",0.00,"","          18"
"","","","F011-0280-844","FD AMERICAN VINT II 65 STRAT RW SHORELINE GOLD","","","","","",1,"ตัว",,"",0.00,"","           1"
"","","","F011-0280-872","FD AMERICAN VINT II 65 STRAT RW SONIC BLUE","","","","","",1,"ตัว",,"",0.00,"","           1"
"","","","F011-0312-880","FD LTD AM VINT II 51 TELE MN PROTO WHT","","","","","",1,"ตัว",,"",0.00,"","           1"
"","","","F011-0380-800","FD AMERICAN VINT II 63 TELE RW 3TSB","","","","","",1,"ตัว",,"",0.00,"","           3"
"","","","F011-0442-806","FD AMERICAN VINT II 77 TELE CSTM MN BLACK","","","","","",1,"ตัว",,"",0.00,"","           1"
"","","","F011-1060-848","FD LTD RAPHAEL SAADIQ TELE RW DARK MENTALLIC RED","","","","","",1,"ตัว",,"",0.00,"","           2"
"","","","F011-3080-700","FD AM PRO TELE DLX SHAW RW SUNBURST","","","","","",1,"ตัว",,"",0.00,"           2","          24"
"","","","F011-3090-700","FENDER AM PRO JAZZMASTER RW 3TS","","","","","",1,"ตัว",,"",0.00,"","           7"
"","","","F011-3900-719","FD AM PRO II STRAT RW MIAMI BLUE","","","","","",1,"ตัว",,"",0.00,"           1","          21"
"","","","F011-3900-755","FD AM PRO II STRAT RW MERCURY","","","","","",1,"ตัว",,"",0.00,"           3","          11"
"","","","F011-3902-700","FD AM PRO II STRAT MN 3STB","","","","","",1,"ตัว",,"",0.00,"           6","          36"
"","หจก.ห้างดนตรีเบ๊เงียบเส็ง                                ","หน้า   :       45"
"","สินค้าคงเหลือ แยกตามคลังสินค้า    ","ณ วันที่  20 มิ.ย. 2569"
"","รหัสสินค้าจาก","001-01005-000     ","ถึง","เงินมัดจำลูกค","วันที่ : 20/06/2569"
"","คลัง","","รหัสสินค้า","ชื่อสินค้า","","","","","","  จำนวน","","ราคาต่อหน่วย","","มูลค่าคงเหลือ","ยอดค้างรับ","ยอดค้างส่ง"
"","","","F011-3902-719","FD AM PRO II STRAT MN MIAMI BLUE","","","","","",1,"ตัว",,"",0.00,"           3","          16"
"","","","F011-3910-719","FD AM PRO II STRAT HSS RW MIAMI BLUE","","","","","",1,"ตัว",,"",0.00,"           8","          33"
"","","","F011-3912-763","FD AM PRO II STRAT HSS MN ROAST PINE","","","","","",1,"ตัว",,"",0.00,"           1","          10"
"","","","F011-3942-706","FD AM PRO II TELE MN BLACK","","","","","",1,"ตัว",,"",0.00,"           2","          14"
"","","","F011-4545-706","FENDER JIM ROOT STRAT EB BLACK","","","","","",1,"ตัว",,"",0.00,"           1","          21"
"","","","F011-4942-384","FD AM PRO CLSC STRAT MN FADED FIREMIST GOLD","","","","","",1,"ตัว",,"",0.00,"","           3"
"","","","F011-4952-300","FD AM PRO CLSC STRAT HSS MN 3TS","","","","","",1,"ตัว",,"",0.00,"","           1"
"","","","F011-4960-375","FD AM PRO CLSC TELE RW FADED DAKOTA RED","","","","","",1,"ตัว",,"",0.00,"","           2"
"","","","F011-4970-350","FD AM PRO CLSC HOTSHOT TELE RW BUTTERSCOTCH","","","","","",1,"ตัว",,"",0.00
"","","","F011-5010-757","FD CORY WONG STRAT RW SATIN SURF GREEN","","","","","",1,"ตัว",,"",0.00,"           1","           1"
"","","","F011-5122-341","FENDER AM PERF TELE HUM MN VINT WHITE","","","","","",1,"ตัว",,"",0.00,"           1","           6"
"","","","F011-5210-300","FENDER AM PERF JAZZMASTER RW 3TSB","","","","","",1,"ตัว",,"",0.00,"","          13"
"","","","F011-5510-300","FENDER AM PERF MUSTANG RW 3TSB","","","","","",1,"ตัว",,"",0.00,"           1","          16"
"","","","F011-5510-372","FENDER AM PERF MUSTANG RW SATIN SONIC BLUE","","","","","",1,"ตัว",,"",0.00,"           1","          18"
"","","","F011-5600-787","FD KINGFISH TELE DLX RW MISSISSIPPI NIGHT","","","","","",1,"ตัว",,"",0.00,"","           9"
"","","","F011-5610-839","FD MICHAEL LANDAU STRAT COMARED","","","","","",1,"ตัว",,"",0.00,"","           2"
"","","","F011-5922-705","FD NILE RODGERS STRAT MN OWT","","","","","",1,"ตัว",,"",0.00,"","           1"
"","","","F011-6502-723","FD LINCOLN BREWSTER STRAT MN OLP","","","","","",1,"ตัว",,"",0.00,"","           1"
"","","","F011-6862-877","FD BRUNO MARS STRAT MN MARS MOCHA","","","","","",1,"ตัว",,"",0.00,"","           9"
"","","","F011-7510-811","FD KENNY WYN SHPRD STRAT RW FADED SONIC BLUE","","","","","",1,"ตัว",,"",0.00,"           1","           4"
"","","","F011-7602-806","FENDER ERIC CLAPTON STRAT BLACK","","","","","",1,"ตัว",,"",0.00,"           5","          31"
"","","","F011-7602-858","FENDER ERIC CLAPTON STRAT TORINO RED","","","","","",1,"ตัว",,"",0.00,"           1","           9"
"","","","F011-7702-803","FENDER ERIC JOHNSON STRAT SUNBURST","","","","","",1,"ตัว",,"",0.00,"","          13"
"","","","F011-8062-703","FD AM ULTRA LUXE STRAT MN 2TSB","","","","","",1,"ตัว",,"",0.00,"","           3"
"","","","F011-8220-857","FD AM ULTRA LUXE 60S STRAT RW SURF GREEN","","","","","",1,"ตัว",,"",0.00,"","           1"
"","","","F011-9102-770","FENDER AM DLX STRAT HSS MN SSM","","","","","",1,"ตัว",,"",0.00,"","           3"
"","","","F011-9151-776","FD AM ULTRA II STRAT HSS EB NOBLE BLUE","","","","","",1,"ตัว",,"",0.00,"","           7"
"","","","F011-9171-790","FD AM ULTRA II TELE EB TEXAS TEA","","","","","",1,"ตัว",,"",0.00,"","           3"
"","","","F011-9181-712","FD AM ULTRA II METEORA EB ULTRABURST","","","","","",1,"ตัว",,"",0.00,"","           1"
"","","","F011-9302-701","FENDER AM DLX STRAT MN WBL (ASH)","","","","","",1,"ก้อน",,"",0.00,"","           1"
"","","","F011-9600-805","FENDER JEFF BECK STRAT RW OLYMPIC WHITE","","","","","",1,"ตัว",,"",0.00,"           6","          21"
"","","","F011-9600-857","FENDER JEFF BECK STRAT SURF GREEN","","","","","",1,"ตัว",,"",0.00,"           2","          11"
"","","","F013-1062-305","FENDER ROAD WORN PLAYER STRAT MN OWT","","","","","",1,"ตัว",,"",0.00
"","","","F013-8412-701","FD MIKE DIRNT ROADWORN P BASS MN WHT BLONDE","","","","","",1,"ตัว",,"",0.00,"","           7"
"","","","F013-8802-306","FENDER BUDDY GUY STRAT MN BLACK","","","","","",1,"ตัว",,"",0.00,"           1","           2"
"","หจก.ห้างดนตรีเบ๊เงียบเส็ง                                ","หน้า   :       46"
"","สินค้าคงเหลือ แยกตามคลังสินค้า    ","ณ วันที่  20 มิ.ย. 2569"
"","รหัสสินค้าจาก","001-01005-000     ","ถึง","เงินมัดจำลูกค","วันที่ : 20/06/2569"
"","คลัง","","รหัสสินค้า","ชื่อสินค้า","","","","","","  จำนวน","","ราคาต่อหน่วย","","มูลค่าคงเหลือ","ยอดค้างรับ","ยอดค้างส่ง"
"","","","F013-9010-305","FENDER RITCHIE BLACKMORE STRAT OWT","","","","","",1,"ตัว",,"",0.00,"           1","           7"
"","","","F013-9202-305","FENDER JIMMY VAUGHAN STRAT MN WHITE","","","","","",1,"ตัว",,"",0.00,"","           2"
"","","","F014-0192-305","FENDER ED O'BRIAN STRAT MN OWT","","","","","",1,"ตัว",,"",0.00,"           2","          14"
"","","","F014-0223-549","FD LTD PLAYER JAGUAR PF HH SEAFORM PEARL","","","","","",1,"ตัว",,"",0.00,"","           3"
"","","","F014-0226-700","FD 60 ANNI. ROADWORN 60S J BASS PF 3TS","","","","","",1,"ตัว",,"",0.00,"           1","           6"
"","","","F014-0228-573","FD DE PLAYER TELE PLUS TOP MN BLUE BURST","","","","","",1,"ตัว",,"",0.00,"","           4"
"","","","F014-0242-364","FD LTD H.E.R. STRAT MN BLUE MERLIN","","","","","",1,"ตัว",,"",0.00,"           1","           5"
"","","","F014-0262-326","FENDER J MASCIS TELE MN SPARKLE BLUE","","","","","",1,"ตัว",,"",0.00,"           1","           3"
"","","","F014-0310-783","FD CHRISSIE HYNDE TELE RW ICE BLUE METTALIC","","","","","",1,"ตัว",,"",0.00,"","           3"
"","","","F014-0311-075","FD LTD PLAYER STRAT MN ELECTRON GREEN","","","","","",1,"ตัว",,"",0.00,"","           5"
"","","","F014-0312-075","FD LTD PLAYER TELE MN ELECTRON GREEN APPLE","","","","","",1,"ตัว",,"",0.00,"","           4"
"","","","F014-0462-561","FD PLAYER II MUSTANG MN HIALEAH YELLOW","","","","","",1,"ตัว",,"",0.00,"","           1"
"","","","F014-0470-558","FD PLAYER II P BASS RW CORAL RED","","","","","",1,"ตัว",,"",0.00,"","           2"
"","","","F014-0470-577","FD DE PLAYER II P BASS RW MOONLIGHT DRIVE","","","","","",1,"ตัว",,"",0.00,"","           2"
"","","","F014-0480-518","FD PLAYER II J BASS RW AQUATONE BLUE","","","","","",1,"ตัว",,"",0.00,"","           5"
"","","","F014-0480-551","FD LTD PLAYER II J BASS RW SPARKLE 3 COLOUR","","","","","",1,"ตัว",,"",0.00,"","           2"
"","","","F014-0480-593","FD DE PLAYER II J BASS RW OXBLOOD W/SEYMOUR DUNCAN","","","","","",1,"ตัว",,"",0.00,"","           1"
"","","","F014-0482-515","FD PLAYER II J BASS MN POLAR WHITE","","","","","",1,"ตัว",,"",0.00,"","           6"
"","","","F014-0510-501","FD PLAYER II START RW WHITE BLONDE","","","","","",1,"ตัว",,"",0.00,"","           3"
"","","","F014-0510-515","FENDER PLAYER II STRAT RW POLARWHITE","","","","","",1,"ตัว",,"",0.00,"","           5"
"","","","F014-0512-545","FD PLAYER II START MN TRANS MOCHA BURST","","","","","",1,"ตัว",,"",0.00,"","           1"
"","","","F014-0540-558","FENDER PLAYER II STRAT HSS RW CORAL RED","","","","","",1,"ตัว",,"",0.00,"           3","          37"
"","","","F014-0540-565","FENDER PLAYER II STRAT HSS RW BIRCH GREEN","","","","","",3,"ตัว",,"",0.00,"","          46"
"","","","F014-0542-518","FENDER PLAYER II STRAT HSS MN AQUATONE BLUE","","","","","",1,"ตัว",,"",0.00,"           1","          33"
"","","","F014-0542-561","FENDER PLAYER II STRAT HSS MN HIALEAH YELLOW","","","","","",2,"ตัว",,"",0.00,"","          27"
"","","","F014-0550-515","FENDER PLAYER II TELE RW POLAR WHITE","","","","","",1,"ตัว",,"",0.00,"","           7"
"","","","F014-0550-518","FENDER PLAYER II TELE RW AQUATONE BLUE","","","","","",1,"ตัว",,"",0.00,"           1","           6"
"","","","F014-0550-551","FD LTD PLAYER II TELE RW SPARKLE 3 COLOUR","","","","","",1,"ตัว",,"",0.00,"","           1"
"","","","F014-0552-500","FENDER PLAYER II TELE MN SUNBURST","","","","","",1,"ตัว",,"",0.00,"           1","           6"
"","","","F014-0552-506","FENDER PLAYER II TELE MN BLACK","","","","","",2,"ตัว",,"",0.00,"","           7"
"","","","F014-0580-500","FD PLAYER II JAGUAR RW 3TS","","","","","",1,"ตัว",,"",0.00,"","           1"
"","","","F014-0590-518","FD PLAYER II JAZZMASTER RW AQUATONE BLUE","","","","","",1,"ตัว",,"",0.00,"","           1"
"","","","F014-0590-592","FD DE PLAYER II JAZZMASTER RW BRITISH RACING GREEN","","","","","",1,"ตัว",,"",0.00,"","           1"
"","","","F014-0701-332","FD GOLD FOIL JAZZMASTER EB CANDY APPLE BURST","","","","","",1,"ตัว",,"",0.00,"","           1"
"","","","F014-0711-372","FD GOLD FOIL JAZZ BASS EB SONIC BLUE","","","","","",1,"ตัว",,"",0.00
"","หจก.ห้างดนตรีเบ๊เงียบเส็ง                                ","หน้า   :       47"
"","สินค้าคงเหลือ แยกตามคลังสินค้า    ","ณ วันที่  20 มิ.ย. 2569"
"","รหัสสินค้าจาก","001-01005-000     ","ถึง","เงินมัดจำลูกค","วันที่ : 20/06/2569"
"","คลัง","","รหัสสินค้า","ชื่อสินค้า","","","","","","  จำนวน","","ราคาต่อหน่วย","","มูลค่าคงเหลือ","ยอดค้างรับ","ยอดค้างส่ง"
"","","","F014-0802-506","FD LTD PLAYER II STRAT MN BLACK","","","","","",1,"ตัว",,"",0.00,"","           3"
"","","","F014-0820-592","FD LTD PLAYER II TELE RW BRITSH RACING GREEN","","","","","",1,"ตัว",,"",0.00,"","           2"
"","","","F014-0832-508","FD LTD PLAYER II P BASS MN OCEAN TURQUOISE","","","","","",1,"ตัว",,"",0.00,"","           5"
"","","","F014-0912-340","FD NOVENTA TELE MN FIREST RED","","","","","",1,"ตัว",,"",0.00,"           1"
"","","","F014-0923-338","FD NOVENTA STRAT PF CRIMSON RED TRANSPARENT","","","","","",1,"ตัว",,"",0.00,"           1","           1"
"","","","F014-1020-356","FD FLEA SIG BASS RW ROADWORN SHELL PINK","","","","","",1,"ตัว",,"",0.00,"           1","          16"
"","","","F014-1032-305","FENDER STEVE HARRIS P.BASS MN OWT","","","","","",1,"ตัว",,"",0.00,"","           2"
"","","","F014-1032-306","FD LTD 50TH ANN STEVE HARRIS P BASS MN SATIN BLK","","","","","",1,"ตัว",,"",0.00,"","           1"
"","","","F014-1063-350","FD 30TH ANNI. SCREAMADELICA STRAT PF RBY","","","","","",1,"ตัว",,"",0.00,"           1","           5"
"","","","F014-1332-321","FENDER BEN GIBBARD MUSTANG MBN NATURAL","","","","","",1,"ตัว",,"",0.00,"","          10"
"","","","F014-2400-744","FD CHRIS SHIFLETT TELE RW SHORELINE GOLD","","","","","",1,"ตัว",,"",0.00,"           3","          16"
"","","","F014-2500-309","FD NATE MENDEL P BASS RW CAR","","","","","",1,"ตัว",,"",0.00,"","           4"
"","","","F014-2912-785","FD STEVE LACY STRAT MN CHAOS BURST FINISH","","","","","",1,"ตัว",,"",0.00
"","","","F014-2930-341","FD LTD LAURA LEE J BASS RW VINT WHITE","","","","","",1,"ตัว",,"",0.00,"","           1"
"","","","F014-3001-700","FENDER KURT COBAIN JAGUAR NOS 3 TONE SUNBURST","","","","","",1,"ตัว",,"",0.00,"           2","          16"
"","","","F014-3413-349","FENDER DLX ACT P BASS SPEC PF SURF PEARL","","","","","",1,"ตัว",,"",0.00,"           1","          12"
"","","","F014-3502-303","PAWN SHOP REVERSE JAGUAR BASS MN 2 TONE SUNBURST","","","","","",1,"ก้อน",,"",0.00
"","","","F014-3513-305","FENDER DLX ACT J BASS PF OWT","","","","","",1,"ตัว",,"",0.00,"           3","          16"
"","","","F014-4013-573","FD PLAYER DUO SONIC PF SEAFORM GREEN","","","","","",1,"ตัว",,"",0.00,"","           7"
"","","","F014-4023-506","FENDER DUO SONIC HS PF BLACK","","","","","",1,"ตัว",,"",0.00,"           2","           6"
"","","","F014-4053-558","FD MUSTANG BASS PJ PF TORINO RED","","","","","",1,"ตัว",,"",0.00,"           2","          10"
"","","","F014-4060-306","FENDER JMJ MUSTANG BASS RW BLACK","","","","","",1,"ตัว",,"",0.00,"","          12"
"","","","F014-4502-503","FENDER PLAYER STRAT MN 2TS","","","","","",2,"ตัว",,"",0.00,"","          11"
"","","","F014-4503-503","FENDER PLAYER STRAT PF 2TS","","","","","",1,"ตัว",,"",0.00,"","           6"
"","","","F014-5212-500","FENDER PLAYER TELE MN 3TS","","","","","",1,"ตัว",,"",0.00,"          18","          79"
"","","","F014-5232-513","FENDER PLAYER TELE HH MN TIDEPOOL","","","","","",1,"ตัว",,"",0.00,"           7","          29"
"","","","F014-5233-500","FENDER PLAYER TELE HH PF 3TONE SUNBURST","","","","","",1,"ตัว",,"",0.00,"          19","          46"
"","","","F014-5902-317","FD BRAD PAISLEY RDWN TELE MN SILVER SPKL","","","","","",1,"ตัว",,"",0.00,"","          24"
"","","","F014-6230-721","FENDER JIMMY PAGE TELECASTER RW NATURAL","","","","","",1,"ตัว",,"",0.00,"           4","          22"
"","","","F014-6303-500","FD PLAYER JAGUAR PF 3TS","","","","","",1,"ตัว",,"",0.00,"           2","          11"
"","","","F014-6903-500","FD PLAYER JAZZMASTER PF 3TS","","","","","",1,"ตัว",,"",0.00,"           2","          16"
"","","","F014-7030-888","FD 70TH ANV STRAT RW ANTIGUA","","","","","",1,"ตัว",,"",0.00,"","           4"
"","","","F014-7040-397","FENDER 70TH ANNIV. PLYR STRAT RW NEBULA NOIR","","","","","",1,"ตัว",,"",0.00,"           1","          14"
"","","","F014-7440-310","FD PLAYER II MOD STRAT HSS FR RW DUSK","","","","","",1,"ตัว",,"",0.00,"","           1"
"","","","F014-7440-323","FD PLAYER II MOD STRAT HSS FR RW OLYMPIC PEARL","","","","","",1,"ตัว",,"",0.00,"           1","           4"
"","หจก.ห้างดนตรีเบ๊เงียบเส็ง                                ","หน้า   :       48"
"","สินค้าคงเหลือ แยกตามคลังสินค้า    ","ณ วันที่  20 มิ.ย. 2569"
"","รหัสสินค้าจาก","001-01005-000     ","ถึง","เงินมัดจำลูกค","วันที่ : 20/06/2569"
"","คลัง","","รหัสสินค้า","ชื่อสินค้า","","","","","","  จำนวน","","ราคาต่อหน่วย","","มูลค่าคงเหลือ","ยอดค้างรับ","ยอดค้างส่ง"
"","","","F014-7450-310","FD PLAYER II MOD TELE RW DUSK","","","","","",1,"ตัว",,"",0.00,"","           1"
"","","","F014-7450-399","FD PLAYER II MOD TELE RW HARVEST GRN METTALIC","","","","","",1,"ตัว",,"",0.00,"","           1"
"","","","F014-7452-335","FD PLAYER II MOD TELE MN ELECTRIC BLUE","","","","","",1,"ตัว",,"",0.00,"","           2"
"","","","F014-7452-360","FD PLAYER II MOD TELE MN SUNSHINE YELLOW","","","","","",1,"ตัว",,"",0.00,"","           2"
"","","","F014-7492-310","FD PLAYER II MOD ACT P BASS MN DUSK","","","","","",1,"ตัว",,"",0.00
"","","","F014-7492-360","FD PLAYER II MOD ACT P BASS MN SUNSHINE YELLOW","","","","","",1,"ตัว",,"",0.00,"","           1"
"","","","F014-7520-399","FD PLAYER II MOD J BASS RW HARVEST GRN METTALIC","","","","","",1,"ตัว",,"",0.00,"","           1"
"","","","F014-7522-335","FENDER PLAYER II MOD ACT J BASS MN ELECTRIC BLUE","","","","","",1,"ตัว",,"",0.00,"","           2"
"","","","F014-7540-335","FD PLAYER II MOD J BASS V RW ELECTRIC BLUE","","","","","",1,"ตัว",,"",0.00,"","           4"
"","","","F014-8020-304","FD LTD TOM DELONGE STRAT RW DAPHNE BLUE","","","","","",1,"ตัว",,"",0.00,"","           1"
"","","","F014-8090-366","FD LTD VINT II ROADWORN 60S TELE RW BURGUNDY MIST","","","","","",1,"ตัว",,"",0.00
"","","","F014-9012-306","FD VINT II 50S STRAT MN BLACK","","","","","",1,"ตัว",,"",0.00,"","          10"
"","","","F014-9020-300","FD VINT II 60S STRAT RW 2TS","","","","","",1,"ตัว",,"",0.00,"","          10"
"","","","F014-9042-368","FD VINT II 50S NOCASTER MN BLACKGUARD BLONDE","","","","","",1,"ตัว",,"",0.00,"","           2"
"","","","F014-9080-340","FD LTD VINT II ROADWORN 50S JAZZMASTER RW FRD","","","","","",1,"ตัว",,"",0.00
"","","","F014-9130-339","FD VINT II 70S MUSTANG RW CORA","","","","","",1,"ตัว",,"",0.00,"","           1"
"","","","F014-9142-378","FD VINT III LATE 50S STRAT MN AZTEC GOLD","","","","","",1,"ตัว",,"",0.00,"","           1"
"","","","F014-9160-349","FD VINT III EARLY 60S STRAT RW SEAFORM GREEN","","","","","",1,"ตัว",,"",0.00,"","           1"
"","","","F014-9170-308","FD VINT III LATE 60S STRAT RW OCEAN TURQUOISE","","","","","",1,"ตัว",,"",0.00,"","           1"
"","","","F014-9182-301","FD LTD VINT III LATE 50S STRAT MN WHITE BLONDE","","","","","",1,"ตัว",,"",0.00,"","           1"
"","","","F014-9192-354","FD VINT III LATE 50S TELE MN DAKOTA RED","","","","","",1,"ตัว",,"",0.00,"","           1"
"","","","F014-9230-340","FENDER VINT II 60S J BASS RW FIESTA RED","","","","","",1,"ตัว",,"",0.00,"","           4"
"","","","F014-9252-341","FD VINT II 70S TELE BASS MN VINT WHITE","","","","","",1,"ตัว",,"",0.00,"","           1"
"","","","F014-9270-307","FD VINT III MID 60S TELE RW VINT BLONDE","","","","","",1,"ตัว",,"",0.00,"","           1"
"","","","F014-9290-372","FD VINT III MID 60S JAZZMASTER RW SONIC BLUE","","","","","",1,"ตัว",,"",0.00,"","           1"
"","","","F014-9340-300","FD VINT III MID 60S JAGUAR RW 3TS","","","","","",1,"ตัว",,"",0.00,"","           1"
"","","","F014-9350-372","FD VINT III MID 60S MUSTANG RW SONIC BLUE","","","","","",1,"ตัว",,"",0.00,"","           1"
"","","","F014-9360-372","FD VINT III EARLY 60S J BASS RW SONIC BLUE","","","","","",1,"ตัว",,"",0.00,"","           1"
"","","","F014-9380-353","FD VINT III LATE 60S P BASS RW FIRE MIST GOLD","","","","","",1,"ตัว",,"",0.00,"","           1"
"","","","F014-9390-305","FD VINT III EARLY 60S BASS VI RW OLYMPIC WHT","","","","","",1,"ตัว",,"",0.00
"","","","F014-9700-581","FD BASS STD JAGUAR BASS RW GST SILVER","","","","","",1,"ตัว",,"",0.00,"           1","           7"
"","","","F014-9803-515","FENDER PLAYER P BASS PF POLARWHITE","","","","","",1,"ตัว",,"",0.00,"","          15"
"","","","F014-9812-300","FD VINTERA 70'S TELE DLX MN 3TS","","","","","",1,"ตัว",,"",0.00,"","           1"
"","","","F014-9852-340","FD VINTERA 50'S TELE MN FIESTA RED","","","","","",1,"ตัว",,"",0.00,"","           1"
"","","","F014-9862-356","FD DE VINTERA 50 TELE RW MN SHELL PINK","","","","","",2,"ตัว",,"",0.00,"","           3"
"","หจก.ห้างดนตรีเบ๊เงียบเส็ง                                ","หน้า   :       49"
"","สินค้าคงเหลือ แยกตามคลังสินค้า    ","ณ วันที่  20 มิ.ย. 2569"
"","รหัสสินค้าจาก","001-01005-000     ","ถึง","เงินมัดจำลูกค","วันที่ : 20/06/2569"
"","คลัง","","รหัสสินค้า","ชื่อสินค้า","","","","","","  จำนวน","","ราคาต่อหน่วย","","มูลค่าคงเหลือ","ยอดค้างรับ","ยอดค้างส่ง"
"","","","F014-9903-579","FD DE PLAYER J BASS PF PACIFIC PEACH","","","","","",1,"ตัว",,"",0.00,"","           3"
"","","","F017-0270-868","FENDER 70TH ANNIV. BROADCASTER MN BGB","","","","","",1,"ตัว",,"",0.00,"           7","          20"
"","","","F017-1022-726","FD FSR AM PRO II TELE MN TL TRANS DAPHNE BLUE","","","","","",1,"ตัว",,"",0.00,"","           1"
"","","","F017-1030-729","FD FSR AM PERF STRAT TIMBER RW MOCHA","","","","","",1,"ตัว",,"",0.00,"","           4"
"","","","F017-1030-742","FD FSR AM PERF STRAT TIMBER RW HONEY BURST","","","","","",1,"ตัว",,"",0.00,"","           2"
"","","","F017-3901-734","FD DE AM PRO II STRAT HSS HT ROASTED MN AGED NATUR","","","","","",1,"ตัว",,"",0.00,"","           1"
"","","","F017-3902-768","FD DE AM PRO II STRAT V MN BGB","","","","","",1,"ตัว",,"",0.00,"","           1"
"","","","F017-3941-734","FD DE AM PRO II TELE HH ROASTED MN AGED NATURAL","","","","","",1,"ตัว",,"",0.00
"","","","F017-6010-703","FENDER JAZZ TELE RW 2TS","","","","","",1,"ตัว",,"",0.00,"","           5"
"","","","F017-6032-703","FENDER 2018 LTD. STRAT YELE HYBRID","","","","","",1,"ตัว",,"",0.00,"","           1"
"","","","F017-6062-707","FD LTD WHITEGUARD STRAT MN VINT BLONDE","","","","","",1,"ตัว",,"",0.00,"","           2"
"","","","F017-7000-864","FD 70TH ANNIV. AM PRO II STRAT RW COM","","","","","",1,"ตัว",,"",0.00,"","           9"
"","","","F017-7002-803","FD 70TH ANV AM VINT II 54 STRAT MN 2TS","","","","","",1,"ตัว",,"",0.00,"","           5"
"","","","F017-7011-728","FD 75TH ANNY AM ULTRA II TELE EBY LIQUID GOLD","","","","","",1,"ตัว",,"",0.00,"","           2"
"","","","F017-7032-309","FD 75TH ANNY AM PRO CLSC CAB TELE MN CANDY APPLE R","","","","","",1,"ตัว",,"",0.00,"","           1"
"","","","F017-7110-705","FD DE AM PRO II STRAT ROASTED RW OLYMPIC WHITE","","","","","",1,"ตัว",,"",0.00,"","           3"
"","","","F019-0170-805","FD AMERICAN VINT II 60 J BASS RW OWT","","","","","",1,"ตัว",,"",0.00,"","           4"
"","","","F019-0170-849","FD AMERICAN VINT II 66 J BASS RW SEAFORM GREEN","","","","","",1,"ตัว",,"",0.00,"","           3"
"","","","F019-1020-800","FENDER AMERICAN VINTAGE '64 JAZZ BASS 3TSB","","","","","",1,"ก้อน",,"",0.00,"           2","           2"
"","","","F019-3930-705","FD AM PRO II P BASS RW OWT","","","","","",1,"ตัว",,"",0.00,"","           1"
"","","","F019-3930-718","FD AM PRO II P BASS RW MYSTIC SURF GREEN","","","","","",1,"ตัว",,"",0.00,"           1","           8"
"","","","F019-3960-700","FD AM PRO II P BASS V RW 3TSB","","","","","",1,"ตัว",,"",0.00,"","           1"
"","","","F019-3970-719","FD AM PRO II J BASS RW MIAMI BLUE","","","","","",1,"ตัว",,"",0.00,"","          10"
"","","","F019-5500-733","FD AM DLX DIM BASS IV HH RW VIB","","","","","",1,"ชุด",,"",0.00,"           1","           1"
"","","","F019-7702-806","FD US GEDDY LEE J BASS MN BLACK","","","","","",1,"ตัว",,"",0.00,"","           1"
"","","","F019-7802-834","FENDER MARCUS MILLER J.BASS V AGED NATURAL","","","","","",1,"ตัว",,"",0.00
"","","","F019-8610-380","FD AM PERF JAZZ BASS RW ARTIC WHITE","","","","","",1,"ตัว",,"",0.00,"           1","           3"
"","","","F019-8620-357","FD AM PERF MUSTANG BASS RW SATIN SURF","","","","","",1,"ตัว",,"",0.00,"           1","           4"
"","","","F019-8620-380","FD AM PERF MUSTANG BASS RW ARTIC WHITE","","","","","",1,"ตัว",,"",0.00,"           1","           5"
"","","","F019-9112-799","FD AM ULTRA II J BASS MN SINISTER RED","","","","","",1,"ตัว",,"",0.00,"","           5"
"","","","F019-9121-712","FD AM ULTRA II J BASS V EB ULTRABURST","","","","","",1,"ก้อน",,"",0.00,"","           6"
"","","","F019-9131-790","FD AM ULTRA II METORA BASS EB TEXAS TEA","","","","","",1,"ตัว",,"",0.00,"","           1"
"","","","F021-7360-000","FENDER AMP.65 TWIN REVERB AMP","","","","","",1,"ตู้",,"",0.00,"          22","          78"
"","","","F022-0140-000","EVH PREMIUM CABLE 14FT","","","","","",4,"ชุด",,"",0.00,"","          18"
"","","","F022-0150-042","EVH PREMIUM STRING 9/42","","","","","",4,"ขวด",,"",0.00,"           2","          32"
"","หจก.ห้างดนตรีเบ๊เงียบเส็ง                                ","หน้า   :       50"
"","สินค้าคงเหลือ แยกตามคลังสินค้า    ","ณ วันที่  20 มิ.ย. 2569"
"","รหัสสินค้าจาก","001-01005-000     ","ถึง","เงินมัดจำลูกค","วันที่ : 20/06/2569"
"","คลัง","","รหัสสินค้า","ชื่อสินค้า","","","","","","  จำนวน","","ราคาต่อหน่วย","","มูลค่าคงเหลือ","ยอดค้างรับ","ยอดค้างส่ง"
"","","","F022-0660-007","EVH PREMIUM QUALITY GUITAR STRAP","","","","","",1,"เส้น",,"",0.00,"           1","           8"
"","","","F022-0667-007","EVH PREMIUM QUALITY NYLON GUITAR STRAP","","","","","",2,"เส้น",,"",0.00,"           1","           7"
"","","","F022-0928-000","EVH STRAP CLASPS W/ EYE HOOKS","","","","","",1,"ชุด",,"",0.00,"           2","           3"
"","","","F022-1351-204","EVH SIG PICK RED/BLACK 0.88 (6 PK)","","","","","",1,"ห่อ",,"",0.00,"","           2"
"","","","F022-2137-001","EVH WOLFGANG NECK PICKUP","","","","","",1,"ชุด",,"",0.00,"","           2"
"","","","F022-2137-002","EVH WOLFGANG BRIDGE PICKUP","","","","","",1,"ชุด",,"",0.00,"","           3"
"","","","F022-3534-100","EVH AMP MINI 5150 III MICRO STACK EL34","","","","","",1,"ตู้",,"",0.00,"           2","           9"
"","","","F022-3847-006","EVH FRANKIE REFLECTOR KIT","","","","","",1,"ชุด",,"",0.00,"           2","           3"
"","","","F023-0106-005","FD POWER SUPPLY LVL5 ENGINE ROOM","","","","","",1,"ตัว",,"",0.00,"","           8"
"","","","F023-0106-008","FD POWER SUPPLY LVL8 ENGINE ROOM","","","","","",1,"ตัว",,"",0.00,"","           6"
"","","","F023-4533-000","FENDER SANTA ANA OVERDRIVE PEDAL","","","","","",1,"อัน",,"",0.00,"","          14"
"","","","F023-4535-000","FENDER MIRROR IMAGE DELAY PEDAL","","","","","",1,"อัน",,"",0.00,"","          12"
"","","","F023-4536-000","FENDER ENGAGER BOOST","","","","","",1,"อัน",,"",0.00,"           1","           3"
"","","","F023-4537-000","FENDER FULL MOON DISTORTION","","","","","",1,"อัน",,"",0.00,"","          18"
"","","","F023-4540-000","FENDER BUBBLER CHORUS","","","","","",1,"อัน",,"",0.00,"","           6"
"","","","F023-4543-000","FD THE PINWHEEL ROTARY SPEAKER EMULATOR","","","","","",2,"อัน",,"",0.00,"","           4"
"","","","F023-4546-000","FD REFLECTING POOL DELAY/REVERB","","","","","",1,"เครื่อง",,"",0.00,"","           3"
"","","","F023-4547-000","FD MTG LA TUBE DISTORTION","","","","","",1,"เครื่อง",,"",0.00,"","           1"
"","","","F023-4557-005","FENDER x HELLO KITTY BLACK FUZZ PEDAL","","","","","",2,"อัน",,"",0.00,"","          20"
"","","","F023-4557-100","FENDER GODZILLA DISTORTION","","","","","",3,"ตัว",,"",0.00
"","","","F023-4563-000","FD DUAL MARINE LAYER REVERB","","","","","",1,"เครื่อง",,"",0.00,"","           2"
"","","","F023-4572-000","FD HAMMERTONE DELAY","","","","","",1,"อัน",,"",0.00,"","           2"
"","","","F023-4575-000","FD HAMMERTONE METAL","","","","","",1,"อัน",,"",0.00,"","           6"
"","","","F023-4577-000","FD HAMMERTONE SPACE DELAY","","","","","",1,"อัน",,"",0.00,"","           5"
"","","","F023-4810-000","FENDER AMP.MINI DELUXE","","","","","",2,"ตู้",,"",0.00,"           8","          40"
"","","","F023-4811-000","FENDER AMP.MINI 57 TWIN AMP","","","","","",1,"ตู้",,"",0.00,"           3","          45"
"","","","F023-9780-001","FD TELEPATH WIRELESS SYSTEM","","","","","",1,"ตัว",,"",0.00,"","           8"
"","","","F023-9978-100","FENDER FCT-012 COLOR CLIP ON TUNER","","","","","",1,"ตัว",,"",0.00,"          43","          53"
"","","","F023-9988-302","FENDER AG6 TUNER BLUE SPARKLE","","","","","",11,"ตัว",,"",0.00
"","","","F025-1702-364","FD LTD ED HM STRAT MN FLASH PINK","","","","","",1,"ตัว",,"",0.00,"           1","           4"
"","","","F025-1760-358","FD BOXER SERIES PJ BASS TORINO RED","","","","","",1,"ตัว",,"",0.00,"","           1"
"","","","F025-1770-324","FENDER BOXER SERIES TELE INCA SILVER","","","","","",1,"ตัว",,"",0.00,"","           2"
"","","","F025-2102-376","FD AERODYNE SPCL STRAT HSS MN SPEED GRN","","","","","",1,"ตัว",,"",0.00,"","           1"
"","","","F026-2360-557","FD DELONGE STARCASTER RW SURF GREEN","","","","","",1,"ตัว",,"",0.00,"","           3"
"","","","F026-6020-560","FD STD TELE MN WPG AQUA MARINE METTALIC","","","","","",1,"ตัว",,"",0.00,"","           2"
"","หจก.ห้างดนตรีเบ๊เงียบเส็ง                                ","หน้า   :       51"
"","สินค้าคงเหลือ แยกตามคลังสินค้า    ","ณ วันที่  20 มิ.ย. 2569"
"","รหัสสินค้าจาก","001-01005-000     ","ถึง","เงินมัดจำลูกค","วันที่ : 20/06/2569"
"","คลัง","","รหัสสินค้า","ชื่อสินค้า","","","","","","  จำนวน","","ราคาต่อหน่วย","","มูลค่าคงเหลือ","ยอดค้างรับ","ยอดค้างส่ง"
"","","","F026-6220-571","FD STD STRAT MN WPG CANDY COLA","","","","","",1,"ตัว",,"",0.00,"           1","          16"
"","","","F026-6440-571","FD STD STRAT HSS LRL WPG CANDY COLA","","","","","",1,"ตัว",,"",0.00,"           4","          10"
"","","","F026-6621-505","FD STD P BASS MN BPG OLYMPIC WHT","","","","","",1,"ตัว",,"",0.00,"","           5"
"","","","F026-6820-560","FD STD J BASS MN WPG AQUA MARINE METTALIC","","","","","",1,"ตัว",,"",0.00,"","           1"
"","","","F026-6840-500","FD STD J BASS LRL WPG 3TS","","","","","",1,"ตัว",,"",0.00,"","           2"
"","","","F030-1270-506","SQUIER VINT MOD CAB TELE BLACK","","","","","",1,"ตัว",,"",0.00,"           3","           4"
"","","","F030-1280-500","SQUIER VINT MOD 72 TELE THINLINE MN 3TS","","","","","",1,"ตัว",,"",0.00,"           3","           9"
"","","","F030-1575-506","SQUIER AFFINITY J BASS V (5 STRING) BLACK","","","","","",1,"ตัว",,"",0.00,"          20","          24"
"","","","F030-2200-541","SQUIER VINT. MOD MUSTANG VINT. WHITE","","","","","",1,"ตัว",,"",0.00,"          23","           5"
"","","","F030-6760-505","FENDER SQ VINTAGE MOD. J.BASS V OWT","","","","","",1,"ตัว",,"",0.00,"          16","          13"
"","","","F031-0600-566","SQUIER AFFINITY STRAT RW BURGUNDY MIST","","","","","",1,"ตัว",,"",0.00,"           2","          12"
"","","","F031-0700-502","SQUIER AFFINITY STRAT HSS RW LAKE PLACID BLUE","","","","","",1,"ตัว",,"",0.00,"           4","          25"
"","","","F032-7702-506","FENDER SQ VINTAGE MOD. J.BASS 77 BLACK","","","","","",1,"ตัว",,"",0.00,"          28","          19"
"","","","F032-7900-506","FENDER SQ VINTAGE MOD.JAGUAR BASS BLACK","","","","","",1,"ตัว",,"",0.00,"           5","           5"
"","","","F032-8700-591","SQ VINTAGE MOD.JAGUAR BASS SPCL HB SLV","","","","","",1,"ตัว",,"",0.00,"           7","           1"
"","","","F032-8900-538","SQUIER VIN. MOD. JAGUAR BASS SPCL CRIMSON RED","","","","","",1,"ตัว",,"",0.00,"           7","           7"
"","","","F037-0001-548","SQUIER BULLET STRAT LRL SONIC GREY","","","","","",1,"ตัว",,"",0.00,"          71","         216"
"","","","F037-0048-505","SQ FSR BULLET TELE MN OLYMPIC WHITE","","","","","",1,"ตัว",,"",0.00,"","          24"
"","","","F037-0125-504","SQ MINI JAZZMASTER HH MN DAPHNE BLUE","","","","","",1,"ตัว",,"",0.00,"           8","          44"
"","","","F037-0125-505","SQ MINI JAZZMASTER HH MN OLYMPIC WHITE","","","","","",1,"ตัว",,"",0.00,"           7","          26"
"","","","F037-0127-554","SQ MINI P BASS LRL DAKOTA RED","","","","","",1,"ตัว",,"",0.00,"","          58"
"","","","F037-0200-572","SQ FSR AFFINITY TELE LRL SONIC BLUE","","","","","",1,"ตัว",,"",0.00,"          24","          52"
"","","","F037-0222-565","SQ CONT STRAT HH MN BLACK METTALIC","","","","","",1,"ก้อน",,"",0.00,"          14","          23"
"","","","F037-0400-573","SQ CONT JAZZ BASS LRL OCEAN BLUE METTALIC","","","","","",1,"ตัว",,"",0.00,"           9","          19"
"","","","F037-0451-544","SQ CONT ACT J BASS HH RMN BPG SHORELINE GOLD","","","","","",2,"ตัว",,"",0.00,"           1","           7"
"","","","F037-0460-506","SQ CONT ACT J BASS V HH MN BLACK","","","","","",1,"ตัว",,"",0.00,"          31","          26"
"","","","F037-0470-549","SQ CONT ACT STARCASTER MN SURF PEARL","","","","","",1,"ตัว",,"",0.00,"          10","          18"
"","","","F037-0471-568","SQ CONT ACT STRATCASTER RMN GUNMETAL METTALIC","","","","","",1,"ตัว",,"",0.00,"           1","           2"
"","","","F037-0590-505","SQ AFFINITY STARCASTER MN OLYMPIC WHITE","","","","","",1,"ตัว",,"",0.00,"           7","          19"
"","","","F037-0590-509","SQ AFFINITY STARCASTER MN CANDY APPLE RED","","","","","",2,"ตัว",,"",0.00,"           2","          14"
"","","","F037-0760-501","SQ FSR AFFINITY J BASS LRL OLYMPIC WHITE","","","","","",1,"ตัว",,"",0.00,"          46","          66"
"","","","F037-1220-587","SQUIER BULLET MUSTANG HH BLK IMPERIAL BLUE","","","","","",1,"ตัว",,"",0.00,"          70","          83"
"","","","F037-1575-506","SQUIER AFFINITY J BASS V (5 STRING) BLACK","","","","","",1,"ตัว",,"",0.00,"          58","          43"
"","","","F037-3150-517","SQ SONIC STRAT LRL ULTRA VIOLET","","","","","",2,"ตัว",,"",0.00,"","          47"
"","","","F037-3151-526","SQ SONIC STRAT LRL CALIFORNIA BLUE","","","","","",1,"ตัว",,"",0.00,"           1","          64"
"","หจก.ห้างดนตรีเบ๊เงียบเส็ง                                ","หน้า   :       52"
"","สินค้าคงเหลือ แยกตามคลังสินค้า    ","ณ วันที่  20 มิ.ย. 2569"
"","รหัสสินค้าจาก","001-01005-000     ","ถึง","เงินมัดจำลูกค","วันที่ : 20/06/2569"
"","คลัง","","รหัสสินค้า","ชื่อสินค้า","","","","","","  จำนวน","","ราคาต่อหน่วย","","มูลค่าคงเหลือ","ยอดค้างรับ","ยอดค้างส่ง"
"","","","F037-3152-503","SQ SONIC STRAT MN WPG 2TS","","","","","",2,"ตัว",,"",0.00,"","          41"
"","","","F037-3450-526","SQ SONIC TELE LRL WPG CALIFORNIA BLUE","","","","","",1,"ตัว",,"",0.00,"           1","          54"
"","","","F037-3452-506","SQ SONIC TELE MN WPG BLACK","","","","","",1,"ตัว",,"",0.00,"           6","          35"
"","","","F037-3652-503","SQ SONIC MUSTANG MN WPG 2TS","","","","","",2,"ตัว",,"",0.00,"           1","          19"
"","","","F037-3652-558","SQ SONIC MUSTANG MN WPG TORINO RED","","","","","",1,"ตัว",,"",0.00,"","          25"
"","","","F037-3701-526","SQ SONIC MUSTANG HH LRL BPG CALIFORNIA BLUE","","","","","",1,"ตัว",,"",0.00,"","          39"
"","","","F037-3702-555","SQ SONIC MUSTANG HH MN WPG FLASH PINK","","","","","",1,"ตัว",,"",0.00,"","          45"
"","","","F037-3800-506","SQ SONIC BRONCO BASS LRL WPG BLACK","","","","","",1,"ตัว",,"",0.00,"           1","          24"
"","","","F037-3802-511","SQ SONIC BRONCO BASS MN WPG TAHITIAN CORAL","","","","","",1,"ตัว",,"",0.00,"","          48"
"","","","F037-3802-556","SQ FSR SONIC BRONCO BASS MN WPG SHELL PINK","","","","","",1,"ตัว",,"",0.00,"","           5"
"","","","F037-3901-535","SQ FSR SONIC P BASS LRL BPG LIME GREEN","","","","","",1,"ตัว",,"",0.00,"","           2"
"","","","F037-3902-503","SQ SONIC P BASS MN WPG 2TS","","","","","",1,"ตัว",,"",0.00,"","          35"
"","","","F037-4005-500","SQUIER CLASSIC VIBE STRAT 50S MN 2TS","","","","","",1,"ตัว",,"",0.00,"          52","          43"
"","","","F037-4010-500","SQ CLASSIC VIBE STRAT 60'S LRL 3TS","","","","","",2,"ตัว",,"",0.00,"          72","          51"
"","","","F037-4020-521","SQ CLASSIC VIBE 70'S STRAT LRL NATURAL","","","","","",2,"ตัว",,"",0.00,"          32","          45"
"","","","F037-4024-592","SQ CLASSIC VIBE 70'S STRAT HSS LRL WALNUT","","","","","",2,"ตัว",,"",0.00,"          55","          46"
"","","","F037-4030-501","SQ CLASSIC VIBE TELE 50'S MN WHITE BLONDE","","","","","",1,"ตัว",,"",0.00,"          40","          68"
"","","","F037-4050-500","SQ CLASSIC VIBE 70'S TELE CSTM MN 3TS","","","","","",1,"ตัว",,"",0.00,"          10","          19"
"","","","F037-4060-506","SQ CLASSIC VIBE 70'S TELE DLX MN BLK","","","","","",1,"ตัว",,"",0.00,"          12","          21"
"","","","F037-4065-578","SQ FSR CLASSIC VIBE 60 TELE THINLINE MN AZTEC GOLD","","","","","",1,"ตัว",,"",0.00,"","           4"
"","","","F037-4070-500","SQ CLASSIC VIBE 70'S TELE THINLINE MN 3TS","","","","","",1,"ตัว",,"",0.00,"          10","          12"
"","","","F037-4073-505","SQ FSR CLASSIC VIBE 70 TELE THINLINE OLYMPIC WHT","","","","","",1,"ตัว",,"",0.00,"","           4"
"","","","F037-4530-511","SQ CLASSIC VIBE 60S J BASS LRL TAHITIAN CORAL","","","","","",1,"ตัว",,"",0.00,"","           1"
"","","","F037-4540-500","SQ CLASSIC VIBE 70S J BASS MN 3TS","","","","","",1,"ตัว",,"",0.00,"          60","          46"
"","","","F037-4540-506","SQ CLASSIC VIBE 70S J BASS MN BLACK","","","","","",1,"ตัว",,"",0.00,"          48","          70"
"","","","F037-4543-508","SQ CLASSIC VIBE ACT 70S J BASS MN PPG OCEAN TURQUO","","","","","",1,"ตัว",,"",0.00,"","           1"
"","","","F037-4550-506","SQ CLASSIC VIBE 70S J BASS V MN BLACK","","","","","",3,"ตัว",,"",0.00,"          47","          60"
"","","","F037-4553-508","SQ CLASSIC VIBE ACT 70S J BASS V MN OCAEAN TURGQUO","","","","","",1,"ตัว",,"",0.00,"","           7"
"","","","F037-4560-506","SQ CLASSIC VIBE JAGUAR BASS LRL BLACK","","","","","",1,"ตัว",,"",0.00,"           6","          12"
"","","","F037-7000-500","SQUIER PARANORMAL TORNADO LRL 3TS","","","","","",2,"ตัว",,"",0.00,"","           2"
"","","","F037-7100-500","SQ PARANORMAL J BASS 54 MN 3TS","","","","","",1,"ตัว",,"",0.00,"","           4"
"","","","F037-8002-506","SQ AFFINITY STRAT MN WHITE PG BLACK","","","","","",1,"ตัว",,"",0.00,"          24","         119"
"","","","F037-8005-506","SQ FSR AFFINITY STRAT LRL BLK PEARLOID PG BLACK","","","","","",1,"ตัว",,"",0.00,"","          22"
"","","","F037-8180-509","SQ FSR AFFINITY STRAT JR HSS LRL WPG CAR","","","","","",1,"ตัว",,"",0.00,"","           1"
"","","","F037-8250-566","SQ AFFINITY TELE DLX LRL BURGUNDY MIST","","","","","",1,"ตัว",,"",0.00,"          10","          27"
"","หจก.ห้างดนตรีเบ๊เงียบเส็ง                                ","หน้า   :       53"
"","สินค้าคงเหลือ แยกตามคลังสินค้า    ","ณ วันที่  20 มิ.ย. 2569"
"","รหัสสินค้าจาก","001-01005-000     ","ถึง","เงินมัดจำลูกค","วันที่ : 20/06/2569"
"","คลัง","","รหัสสินค้า","ชื่อสินค้า","","","","","","  จำนวน","","ราคาต่อหน่วย","","มูลค่าคงเหลือ","ยอดค้างรับ","ยอดค้างส่ง"
"","","","F037-8271-505","SQ AFFINITY TELE THIN LRL OLYMPIC WHITE","","","","","",2,"ตัว",,"",0.00,"","           7"
"","","","F037-8501-569","SQ AFFINITY JAG BASS H LRL CHARCOAL FROST METTALIC","","","","","",1,"ตัว",,"",0.00,"           5","          14"
"","","","F037-8553-506","SQ AFFINITY PJ BASS BLK PG MN BLACK","","","","","",1,"ตัว",,"",0.00,"           6","          40"
"","","","F037-8602-500","SQ AFFINITY J BASS WHT PG MN 3TS","","","","","",2,"ตัว",,"",0.00,"           5","          74"
"","","","F037-8652-505","SQ AFFINITY J BASS V WHT PG MN OLYMPIC WHITE","","","","","",1,"ตัว",,"",0.00,"           7","          93"
"","","","F037-8671-565","SQ AFFINITY J BASS VI LRL BPG BLACK METTALIC","","","","","",1,"ตัว",,"",0.00,"","          37"
"","","","F037-8703-505","SQ AFFINITY ACT J BASS MN BPG OLYMPIC WHITE","","","","","",1,"ตัว",,"",0.00,"","          29"
"","","","F037-9102-980","SQ LTD HELLO KITTY STRAT MN WHITE W/GIGBAG","","","","","",2,"ตัว",,"",0.00,"","          64"
"","","","F037-9400-506","SQ 40TH ANNIV TELE LRL GOLD ED. BLACK","","","","","",1,"ตัว",,"",0.00,"","          10"
"","","","F037-9600-549","SQUIER DEBUT STRAT LRL WPG SEAFORM GREEN","","","","","",2,"ตัว",,"",0.00,"","           1"
"","","","F037-9600-554","SQUIER DEBUT STRAT LRL WPG DAKOTA RED","","","","","",1,"ตัว",,"",0.00,"           2","         141"
"","","","F037-9670-503","SQUIER DEBUT TELE LRL WPG 2TS","","","","","",1,"ตัว",,"",0.00,"","          72"
"","","","F037-9700-503","SQUIER DEBUT P BASS LRL WPG 2TS","","","","","",1,"ตัว",,"",0.00,"","          31"
"","","","F069-4506-900","FENDER PASSPORT STUDIO","","","","","",1,"ตัว",,"",0.00,"","           1"
"","","","F073-0070-402","FENDER STRING # 70XL 010/048","","","","","",13,"ชุด",,"",0.00,"       5,795","      17,380"
"","","","F073-0070-405","FENDER STRING #70CL BRONZE 011/050","","","","","",4,"ชุด",,"",0.00,"         463","       4,966"
"","","","F073-0100-400","FENDER STRING # 100 NYLON","","","","","",33,"ชุด",,"",0.00,"          78","         344"
"","","","F073-0130-400","FENDER 130 NYLON CLR/SLVR BALL END","","","","","",12,"ชุด",,"",0.00,"","          12"
"","","","F073-0250-309","FENDER 250L NPS BALL END 009/042 (3 PACK)","","","","","",60,"",,"",0.00,"          69","         654"
"","","","F073-0250-402","FENDER STRING # 250XS 008/038","","","","","",7,"เส้น",,"",0.00,"          12","         184"
"","","","F073-0250-403","FENDER STRING # 250L 009/042","","","","","",15,"ชุด",,"",0.00,"       2,226","       6,375"
"","","","F073-0250-406","FENDER STRING # 250R 010/046","","","","","",2,"ชุด",,"",0.00,"         696","       3,181"
"","","","F073-0250-413","FD STRING 250B6 NPS BASS VI 024/084","","","","","",1,"ชุด",,"",0.00,"","           6"
"","","","F073-0250-803","FENDER STRING 250L 3 PKG/W BASEBALL PROM","","","","","",15,"ชุด",,"",0.00,"           9","         132"
"","","","F073-0350-403","FENDER STRING # 350L 009/042 STAINLESS","","","","","",15,"ชุด",,"",0.00,"          36","         198"
"","","","F073-3150-406","FENDER PURE NICKEL BULLET 10/46","","","","","",1,"ชุด",,"",0.00
"","","","F073-3250-403","FENDER 3250L SUPER BULLET 009/042","","","","","",20,"ชุด",,"",0.00,"          12","          59"
"","","","F073-3250-406","FENDER 3250R SUPER BULLET 010/046","","","","","",11,"ชุด",,"",0.00,"          54","          39"
"","","","F073-5250-402","FENDER NPS RW SS5250XL 40-95","","","","","",17,"ชุด",,"",0.00,"","          17"
"","","","F073-7350-405","FENDER STRING BASS 7350 ML 45/100","","","","","",6,"ชุด",,"",0.00,"          24","         156"
"","","","F073-8250-406","FENDER STRING BASS 8250M 45/110","","","","","",4,"ชุด",,"",0.00,"          12","           8"
"","","","F073-8250-456","FENDER STRING BASS 8250-5M 45/130","","","","","",2,"ชุด",,"",0.00,"","          23"
"","","","F086-8014-004","FENDER REBEL STRAP FLY BIRD","","","","","",2,"เส้น",,"",0.00
"","","","F095-0820-021","FENDER FC-100 CLASSIC PACK NATURAL","","","","","",1,"",,"",0.00,"           3","          20"
"","","","F095-5645-021","FENDER UKULELE U'UKU SOPRANO","","","","","",1,"ตัว",,"",0.00,"","           2"
"","หจก.ห้างดนตรีเบ๊เงียบเส็ง                                ","หน้า   :       54"
"","สินค้าคงเหลือ แยกตามคลังสินค้า    ","ณ วันที่  20 มิ.ย. 2569"
"","รหัสสินค้าจาก","001-01005-000     ","ถึง","เงินมัดจำลูกค","วันที่ : 20/06/2569"
"","คลัง","","รหัสสินค้า","ชื่อสินค้า","","","","","","  จำนวน","","ราคาต่อหน่วย","","มูลค่าคงเหลือ","ยอดค้างรับ","ยอดค้างส่ง"
"","","","F095-5800-021","FENDER FB-58 BANJO NATURAL","","","","","",1,"ตัว",,"",0.00,"           4","           5"
"","","","F095-5900-221","FENDER FB-59 BANJO NATURAL","","","","","",1,"ตัว",,"",0.00,"           4","           2"
"","","","F096-1522-006","FENDER CD-160SE 12 STRINGS","","","","","",1,"ตัว",,"",0.00,"           2","           3"
"","","","F096-3001-021","FENDER SQ MINI ACOUSTIC GUITAR MA-1 3/4 SIZE","","","","","",1,"ตัว",,"",0.00,"          80","          36"
"","","","F096-8029-021","FENDER NEWPORTER TRAVELLER","","","","","",1,"ตัว",,"",0.00
"","","","F096-8081-061","FENDER T-BUCKET BASS E FLM MPL TCS","","","","","",-1,"ตัว",,"",0.00,"          32","          34"
"","","","F096-8716-032","FD TELECOUSTIC PREMIER FLAME MAPLE SUNBURST","","","","","",1,"ตัว",,"",0.00,"           1","           3"
"","","","F097-0110-006","FENDER CD-60S DREAD WN BLACK","","","","","",1,"ตัว",,"",0.00,"         130","         122"
"","","","F097-0110-021","FENDER CD-60S DREAD WN NATURAL","","","","","",2,"ตัว",,"",0.00,"         382","         364"
"","","","F097-0113-006","FENDER CD-60SCE DREAD BLACK","","","","","",4,"ตัว",,"",0.00,"         146","         144"
"","","","F097-0113-021","FENDER CD-60SCE DREAD NATURAL","","","","","",5,"ตัว",,"",0.00,"         587","         700"
"","","","F097-0160-521","FD CN-60S NYLON NATURAL","","","","","",2,"ตัว",,"",0.00,"","           8"
"","","","F097-0183-006","FENDER CB-60SCE BASS BLACK","","","","","",1,"ตัว",,"",0.00,"           1","          14"
"","","","F097-0193-021","FD CD-60SCE DREAD 12 STRING NATURAL","","","","","",3,"ตัว",,"",0.00,"","           9"
"","","","F097-0213-321","FENDER CD-140SCE DREAD NATURAL W/CASE","","","","","",9,"ตัว",,"",0.00,"         276","         439"
"","","","F097-0213-332","FENDER CD-140SCE DREAD SUNBURST W/CASE","","","","","",4,"ตัว",,"",0.00,"         153","         243"
"","","","F097-0264-306","FENDER CN-140SCE CLASSIC BLACK","","","","","",3,"ตัว",,"",0.00,"","          11"
"","","","F097-0264-321","FENDER CN-140SCE CLASSIC NATURAL","","","","","",1,"ตัว",,"",0.00,"           4","          13"
"","","","F097-0293-321","FENDER CD-140SCE DREAD 12 STRINGS NATURAL W/CASE","","","","","",1,"ตัว",,"",0.00,"          13","          28"
"","","","F097-0310-321","FD PD-220E DREAD NATURAL","","","","","",1,"ตัว",,"",0.00,"","           3"
"","","","F097-0320-337","FD PS-220E PARLOR ACB MAHAGONY","","","","","",1,"ตัว",,"",0.00,"","           1"
"","","","F097-0350-303","FD PO-220E ORCHESTRA 3-COLOUR VINT.SUNBURST","","","","","",1,"ตัว",,"",0.00,"","           1"
"","","","F097-0350-337","FD PO-220E ORCHESTRA ACB MAHAGONY","","","","","",1,"ตัว",,"",0.00,"","           1"
"","","","F097-0513-502","FD FULLERTON TELE UKULELE LAKE PLACID BLUE","","","","","",1,"ตัว",,"",0.00,"","           3"
"","","","F097-0523-509","FD FULLERTON STRAT UKULELE CANDY APPLE RED","","","","","",1,"ตัว",,"",0.00,"","           2"
"","","","F097-0710-103","FD REDONDO MINI SUNBURST W/ BAG","","","","","",1,"ตัว",,"",0.00,"","          18"
"","","","F097-0713-209","FENDER REDONDO PLAYER CANDY APPLE RED","","","","","",1,"ตัว",,"",0.00,"","           4"
"","","","F097-0722-505","FENDER MALIBU PLAYER OWT","","","","","",1,"ตัว",,"",0.00,"","           5"
"","","","F097-1113-221","FENDER FA-125CE DREAD NATURAL","","","","","",8,"ตัว",,"",0.00,"           2","         135"
"","","","F097-1210-521","FENDER ACOUSTIC FA-125 DREAD NATURAL","","","","","",5,"ตัว",,"",0.00,"         326","         238"
"","","","F097-1210-706","FENDER FA-125 DREAD BLACK W/BAG","","","","","",1,"ตัว",,"",0.00,"","           4"
"","","","F097-1610-706","FD VENICE SOPRANO UKULELE WN BLACK","","","","","",1,"ตัว",,"",0.00,"          12","           6"
"","","","F097-1653-032","FENDER FULLERTON STRAT UKULELE SUNBURST","","","","","",1,"ตัว",,"",0.00,"           2","           3"
"","","","F097-1722-106","FD JOE STRUMMER CAMP FIRE WN MATTE BLACK","","","","","",1,"ตัว",,"",0.00,"           1","          15"
"","","","F097-1910-006","FD FA-25 DREAD WN BLACK","","","","","",2,"ตัว",,"",0.00,"           4","          36"
"","หจก.ห้างดนตรีเบ๊เงียบเส็ง                                ","หน้า   :       55"
"","สินค้าคงเหลือ แยกตามคลังสินค้า    ","ณ วันที่  20 มิ.ย. 2569"
"","รหัสสินค้าจาก","001-01005-000     ","ถึง","เงินมัดจำลูกค","วันที่ : 20/06/2569"
"","คลัง","","รหัสสินค้า","ชื่อสินค้า","","","","","","  จำนวน","","ราคาต่อหน่วย","","มูลค่าคงเหลือ","ยอดค้างรับ","ยอดค้างส่ง"
"","","","F097-1910-021","FD FA-25 DREAD WN NATURAL","","","","","",3,"ตัว",,"",0.00,"","          19"
"","","","F097-1910-032","FD FA-25 DREAD WN SUNBURST","","","","","",1,"ตัว",,"",0.00,"","           3"
"","","","F097-1913-021","FD FA-25CE DREAD WN NATURAL","","","","","",2,"ตัว",,"",0.00,"          25","          78"
"","","","F097-1913-032","FD FA-25CE DREAD WN SUNBURST","","","","","",2,"ตัว",,"",0.00,"          20","          35"
"","","","F097-2023-254","FD AM ACOUSTASONIC STRAT EB DAKOTA RED W/BAG","","","","","",1,"ตัว",,"",0.00
"","","","F097-2233-183","FD ACOUSTASONIC PLYR JAZZMASTER ICE BLUE","","","","","",2,"ตัว",,"",0.00,"","           2"
"","","","F097-2313-252","FD ACOUSTASONIC JAZZMASTER TOBACCO SUNBURST","","","","","",1,"ตัว",,"",0.00,"","           1"
"","","","F097-2713-506","FENDER FA-125CE DREAD BLK W/BAG","","","","","",3,"ตัว",,"",0.00,"           2","          28"
"","","","F097-2713-532","FENDER FA-125CE DREAD SUNBURST W/BAG","","","","","",4,"ตัว",,"",0.00,"","          31"
"","","","F097-3113-506","FD ACOUSTASONIC STANDARD TELE BLACK","","","","","",1,"ตัว",,"",0.00,"","          13"
"","","","F097-3113-534","FD ACOUSTASONIC STANDARD TELE AGED NATURAL","","","","","",1,"ตัว",,"",0.00,"","          10"
"","","","F097-3113-542","FD ACOUSTASONIC STANDARD TELE HONEYBURST","","","","","",1,"ตัว",,"",0.00,"","          11"
"","","","F097-3133-534","FD ACOUSTASONIC STANDARD JAZZMASTER AGED NATURAL","","","","","",1,"ตัว",,"",0.00,"","           6"
"","","","F097-4000-503","FENDER CA DEBUT REDONDO 2TS","","","","","",2,"ตัว",,"",0.00,"","          21"
"","","","F097-4000-506","FENDER CA DEBUT REDONDO  BLACK","","","","","",4,"ตัว",,"",0.00,"","          28"
"","","","F097-4000-521","FENDER CA DEBUT REDONDO  NATURAL","","","","","",3,"ตัว",,"",0.00,"","          20"
"","","","F097-4010-503","FENDER CA DEBUT REDONDO CE 2TS","","","","","",3,"ตัว",,"",0.00,"","          24"
"","","","F097-4010-506","FENDER CA DEBUT REDONDO  CE BLACK","","","","","",5,"ตัว",,"",0.00,"","          59"
"","","","F097-4010-521","FENDER CA DEBUT REDONDO  CE NATURAL","","","","","",9,"ตัว",,"",0.00,"","          49"
"","","","F097-4200-500","FENDER CA STD REDONDO BPG 3TS","","","","","",1,"ตัว",,"",0.00,"","           1"
"","","","F097-4220-521","FENDER CA STD REDONDO CE BPG NATURAL","","","","","",1,"ตัว",,"",0.00,"","           1"
"","","","F097-4221-540","FENDER CA STD REDONDO CE IPG FIESTA RED","","","","","",1,"ตัว",,"",0.00
"","","","F098-0346-321","FENDER TRU SHELL 346 PICK MEDIUM","","","","","",1,"ห่อ",,"",0.00,"","           8"
"","","","F098-0346-380","FENDER PICK #346 WHITE MEDIUM (1/2 GROSS","","","","","",1,"กล่อง",,"",0.00,"","           7"
"","","","F098-0351-702","FENDER PICK 351 BLUE MOTO THIN (12 PK)","","","","","",2,"กล่อง",,"",0.00,"           8","          85"
"","","","F098-0351-709","FENDER PICK 351 RED MOTO THIN (12 PK)","","","","","",2,"กล่อง",,"",0.00,"           8","          87"
"","","","F098-0351-757","FENDER PICK ABALONE THIN (12 PK)","","","","","",1,"กล่อง",,"",0.00,"           5","          70"
"","","","F098-0351-808","FENDER PICK OCEAN TURQUOISE MOTO MEDIUM (12 PK)","","","","","",1,"กล่อง",,"",0.00,"","          52"
"","","","F098-0351-809","FENDER PICK OCEAN RED MEDIUM (12 PK)","","","","","",2,"กล่อง",,"",0.00,"","          42"
"","","","F098-0351-950","FENDER PICK CONFETTI HEAVY (12 PK)","","","","","",3,"กล่อง",,"",0.00,"","          16"
"","","","F098-0451-900","FENDER 451 SHELL HEAVY (12 PK)","","","","","",1,"กุรุส",,"",0.00,"","           5"
"","","","F098-0551-321","FENDER TRU SHELL 551 PICK MEDIUM","","","","","",20,"ห่อ",,"",0.00,"","           5"
"","","","F098-0551-800","FENDER 551 SHELL MEDIUM (12 PK)","","","","","",2,"กุรุส",,"",0.00,"           5","          17"
"","","","F098-0551-900","FENDER 551 SHELL (12 PKG) HEAVY","","","","","",1,"ห่อ",,"",0.00,"","           2"
"","","","F098-1351-802","FENDER CALCLEAR BLUE MED (12 PK)","","","","","",1,"กล่อง",,"",0.00,"          13","          41"
"","หจก.ห้างดนตรีเบ๊เงียบเส็ง                                ","หน้า   :       56"
"","สินค้าคงเหลือ แยกตามคลังสินค้า    ","ณ วันที่  20 มิ.ย. 2569"
"","รหัสสินค้าจาก","001-01005-000     ","ถึง","เงินมัดจำลูกค","วันที่ : 20/06/2569"
"","คลัง","","รหัสสินค้า","ชื่อสินค้า","","","","","","  จำนวน","","ราคาต่อหน่วย","","มูลค่าคงเหลือ","ยอดค้างรับ","ยอดค้างส่ง"
"","","","F098-1351-909","FENDER CALCLEAR RED HEAVY (12 PK)","","","","","",4,"กล่อง",,"",0.00,"","          29"
"","","","F098-6351-801","FENDER PICK NYLON 0.73 (1/2 GROSS)","","","","","",1,"กุรุส",,"",0.00
"","","","F098-6351-951","FENDER PICK NYLON 1.14 (1/2 GROSS)","","","","","",1,"กุรุส",,"",0.00
"","","","F099-0205-020","FENDER BARSTOOL 24'' KNOCKDOWN BARSTOOL","","","","","",1,"ตัว",,"",0.00,"           1","          13"
"","","","F099-0213-020","FD BARSTOOL 24IN GUILD MADE TO BE PLAYED","","","","","",1,"ตัว",,"",0.00,"","           2"
"","","","F099-0401-003","FENDER SMART CAPO FINGERSTYLE #FSCFS","","","","","",1,"อัน",,"",0.00,"","          25"
"","","","F099-0409-000","FENDER DRAGON CAPO","","","","","",2,"อัน",,"",0.00,"           6","         421"
"","","","F099-0502-000","FENDER GUITAR WORK STATION","","","","","",1,"ชุด",,"",0.00,"","           4"
"","","","F099-0521-100","FENDER SPEED SLICK STRING CLEANER","","","","","",9,"อัน",,"",0.00,"         521","       1,502"
"","","","F099-0527-000","FENDER THE ARCH GUITAR WORK STATION","","","","","",1,"อัน",,"",0.00,"","           4"
"","","","F099-0529-000","FD AMPERSTAND GUITAR CRADLE","","","","","",2,"อัน",,"",0.00,"","          11"
"","","","F099-0544-000","FENDER PRO HI-FI EAR PLUGS","","","","","",2,"ชุด",,"",0.00,"           4","           7"
"","","","F099-0571-002","FD CONTOUR 15 CABLE LAKE PLACID BLUE","","","","","",1,"เส้น",,"",0.00,"","           2"
"","","","F099-0571-024","FD CONTOUR 15 CABLE INCA SILVER","","","","","",2,"เส้น",,"",0.00,"","           9"
"","","","F099-0571-046","FD CONTOUR 15 CABLE SHERWOOD GREEN","","","","","",1,"เส้น",,"",0.00,"","           3"
"","","","F099-0571-066","FD CONTOUR 15 CABLE BURGUNDY MIST","","","","","",1,"เส้น",,"",0.00,"","           3"
"","","","F099-0600-000","FENDER LEATHER STD LUGGAGE TAG BLACK","","","","","",1,"เส้น",,"",0.00
"","","","F099-0602-000","FENDER LEATHER P.BASS LUGGAGE TAG CHOCOL","","","","","",1,"เส้น",,"",0.00
"","","","F099-0606-049","FD FT BRYAN BLACK PICK'N STRAP","","","","","",1,"เส้น",,"",0.00
"","","","F099-0607-006","FENDER BALL GLOVE LEATHER STRAP BLACK","","","","","",1,"เส้น",,"",0.00,"           4","          14"
"","","","F099-0607-050","FENDER BALL GLOVE LEATHER STRAP BROWN","","","","","",1,"เส้น",,"",0.00,"           2","          25"
"","","","F099-0611-006","FENDER 2.5" LEATHER SMALL RIVERS BLK","","","","","",1,"เส้น",,"",0.00,"           4","          10"
"","","","F099-0612-006","FENDER 2.5" LEATHER PUNCHED HOLES BLK","","","","","",1,"เส้น",,"",0.00,"           3","          21"
"","","","F099-0621-006","FENDER STRAP 2" ARTISAN LEATHER BLACK","","","","","",1,"เส้น",,"",0.00,"","          10"
"","","","F099-0622-050","FENDER STRAP 2.5" ARTISAN LEATHER BROWN","","","","","",1,"เส้น",,"",0.00,"           1","           6"
"","","","F099-0623-001","FD GEORGE HARRISON ROCKY LEATHER STRAP","","","","","",1,"เส้น",,"",0.00,"","           5"
"","","","F099-0623-070","FD MONONEON WOVEN STRAP NEON PINK","","","","","",1,"เส้น",,"",0.00,"","           7"
"","","","F099-0623-071","FD MONONEON LOGO STRAP MULTI","","","","","",1,"เส้น",,"",0.00,"","          18"
"","","","F099-0624-001","FENDER STRAP EJ THE WATER BLUE","","","","","",2,"เส้น",,"",0.00,"","          23"
"","","","F099-0637-224","FD 2"OMBRE STRAP SILVER SMOKE","","","","","",1,"เส้น",,"",0.00,"","          54"
"","","","F099-0638-002","FD WRANGLER DENIM STRAP LIGHT INDIGO","","","","","",2,"เส้น",,"",0.00,"","           6"
"","","","F099-0638-003","FD WRANGLER DENIM STRAP INDIGO","","","","","",1,"เส้น",,"",0.00,"","          14"
"","","","F099-0638-011","FD WRANGLER X FENDER RIP DENIM STRAP INDIGO","","","","","",1,"เส้น",,"",0.00,"","           2"
"","","","F099-0638-013","FD WRANGLER DENIM STRAP DARK INDIGO","","","","","",1,"เส้น",,"",0.00,"","          16"
"","","","F099-0642-019","FD 2" AM PRO SEATBELT STRAP MIAMI BLUE","","","","","",3,"เส้น",,"",0.00,"","          17"
"","หจก.ห้างดนตรีเบ๊เงียบเส็ง                                ","หน้า   :       57"
"","สินค้าคงเหลือ แยกตามคลังสินค้า    ","ณ วันที่  20 มิ.ย. 2569"
"","รหัสสินค้าจาก","001-01005-000     ","ถึง","เงินมัดจำลูกค","วันที่ : 20/06/2569"
"","คลัง","","รหัสสินค้า","ชื่อสินค้า","","","","","","  จำนวน","","ราคาต่อหน่วย","","มูลค่าคงเหลือ","ยอดค้างรับ","ยอดค้างส่ง"
"","","","F099-0642-043","FENDER 2" SUPERSOFT STRAP GREY","","","","","",2,"เส้น",,"",0.00,"           6","          22"
"","","","F099-0642-057","FD 2" AM PRO SEATBELT STRAP MYSTIC SURF GREEN","","","","","",1,"เส้น",,"",0.00,"","          15"
"","","","F099-0642-073","FENDER 2" STRAP SUPERSOFT STRAP BLUE","","","","","",2,"เส้น",,"",0.00,"","          30"
"","","","F099-0649-006","FD HAMA OKAMOTO SIG STRAP BLK/WH/PINK","","","","","",2,"เส้น",,"",0.00,"           2","           9"
"","","","F099-0650-109","FENDER JOHN5 LEATHER STRAP","","","","","",1,"เส้น",,"",0.00,"           1","          15"
"","","","F099-0662-043","FENDER 2" BLK POLY STRAP GREY LOGO","","","","","",1,"เส้น",,"",0.00,"           7","          60"
"","","","F099-0662-070","FENDER STRAP BLACK POLY 2" YELLOW FENDER LOGO","","","","","",1,"เส้น",,"",0.00,"          16","          63"
"","","","F099-0662-080","FENDER STRAP BLACK POLY 2" WHITE FENDER LOGO","","","","","",1,"เส้น",,"",0.00,"          18","          75"
"","","","F099-0664-006","FENDER STRAP SUPER DLX VINTAGE BLACK","","","","","",1,"เส้น",,"",0.00,"          29","          61"
"","","","F099-0664-021","FENDER STRAP SUPER DLX VINTAGE NATURAL","","","","","",1,"เส้น",,"",0.00,"          25","          57"
"","","","F099-0667-006","FENDER GUITAR STRAP COTTON OVL BLK","","","","","",3,"เส้น",,"",0.00,"          26","         137"
"","","","F099-0669-003","FENDER STRAP 2" F CANVAS & CHROME GREEN","","","","","",1,"เส้น",,"",0.00
"","","","F099-0671-000","FENDER GUITAR STRAP WOVEN 2"/RUNNING LOGO","","","","","",2,"เส้น",,"",0.00,"          61","         271"
"","","","F099-0681-000","FENDER GUITAR STRAP BLK/LW/BROWN MONO","","","","","",1,"เส้น",,"",0.00,"         189","         783"
"","","","F099-0681-006","FD MONOGRAMMED LEATHER STRAP BLK","","","","","",2,"เส้น",,"",0.00,"           5","          52"
"","","","F099-0682-000","FENDER GUITAR STRAP RED/WHITE/BLUE MONO","","","","","",1,"เส้น",,"",0.00,"         151","         419"
"","","","F099-0683-000","FENDER GUITAR STRAP WHITE/BROWN/YELLOW MONO","","","","","",1,"เส้น",,"",0.00,"         153","         454"
"","","","F099-0684-001","FENDER STRAP 2" F HIPTRIP-PATTERN 1","","","","","",1,"เส้น",,"",0.00,"           8","          16"
"","","","F099-0687-000","FENDER GUITAR STRAP TWEED","","","","","",2,"เส้น",,"",0.00,"          23","         262"
"","","","F099-0689-006","FD MUSTANG SADDLE STRAP BLACK","","","","","",1,"เล่ม",,"",0.00,"","           3"
"","","","F099-0700-100","FENDER HARMONICA HOLDER","","","","","",1,"อัน",,"",0.00,"","          16"
"","","","F099-0701-003","FENDER BLUES DELUXE HARMONICA A","","","","","",1,"อัน",,"",0.00,"           4","          65"
"","","","F099-0708-003","FENDER HOT ROD DLX HARMONICA A","","","","","",1,"อัน",,"",0.00,"           7","          21"
"","","","F099-0708-005","FENDER HOT ROD DLX HARMONICA F","","","","","",1,"อัน",,"",0.00,"           2","          12"
"","","","F099-0708-006","FENDER HOT ROD DLX HARMONICA E","","","","","",1,"อัน",,"",0.00,"           1","          14"
"","","","F099-0806-200","FENDER VINTAGE TELE BRIDGE 3 SADDLE GOLD","","","","","",1,"ชุด",,"",0.00,"","           6"
"","","","F099-0810-000","FENDER TELE BRIDGE 6 SECTION ASSMBLY","","","","","",2,"ชุด",,"",0.00,"","           5"
"","","","F099-0810-200","FD OMBRE INST CABLE 10' S/S TEQUILA SUNRISE","","","","","",1,"เส้น",,"",0.00,"           1","         144"
"","","","F099-0810-248","FD OMBRE INST CABLE 10' S/S SILVER SMOKE","","","","","",1,"เส้น",,"",0.00,"           1","         190"
"","","","F099-0812-000","FENDER LSR ROLLER NUT","","","","","",2,"ตัว",,"",0.00,"           4","          35"
"","","","F099-0818-000","FENDER MACHINE HEAD STRAT PLUS LOCK(SET","","","","","",1,"ชุด",,"",0.00,"           4","          36"
"","","","F099-0818-102","FD LOCKING TUNERS CHR LEFT HAND","","","","","",1,"ชุด",,"",0.00,"","           1"
"","","","F099-0818-123","FD LTD HELLO KITTY CABLE WHT/PINK 10FT S/S","","","","","",5,"เส้น",,"",0.00,"","          60"
"","","","F099-0818-282","FD MONONEON 18.6' ANGLE INST CABLE","","","","","",1,"เส้น",,"",0.00,"","          11"
"","","","F099-0819-000","FENDER STRAP BLOCK (4PKGS)","","","","","",-1,"ชุด",,"",0.00,"         222","         735"
"","หจก.ห้างดนตรีเบ๊เงียบเส็ง                                ","หน้า   :       58"
"","สินค้าคงเหลือ แยกตามคลังสินค้า    ","ณ วันที่  20 มิ.ย. 2569"
"","รหัสสินค้าจาก","001-01005-000     ","ถึง","เงินมัดจำลูกค","วันที่ : 20/06/2569"
"","คลัง","","รหัสสินค้า","ชื่อสินค้า","","","","","","  จำนวน","","ราคาต่อหน่วย","","มูลค่าคงเหลือ","ยอดค้างรับ","ยอดค้างส่ง"
"","","","F099-0819-020","FENDER STRAP BLOCKS (2 BLACK/2 SURF GREEN)","","","","","",1,"ชุด",,"",0.00,"          20","         112"
"","","","F099-0820-010","FENDER CABLE 6FT INST FG6LL AG/AG","","","","","",5,"เส้น",,"",0.00,"         125","         434"
"","","","F099-0820-015","FENDER PRO 25" MICROPHONE CABLE","","","","","",1,"เส้น",,"",0.00,"          79","         184"
"","","","F099-0820-016","FENDER PRO 25" INST CABLE BLACK","","","","","",1,"เล่ม",,"",0.00,"          22","          60"
"","","","F099-0820-018","FENDER PRO 15" MICROPHONE CABLE","","","","","",1,"เล่ม",,"",0.00,"          59","         226"
"","","","F099-0820-019","FENDER PRO SERIES CABLE 18.6FT S/A","","","","","",2,"เส้น",,"",0.00,"         178","         416"
"","","","F099-0820-020","FENDER PRO 18.6" INST CABLE BLACK S/S","","","","","",1,"อัน",,"",0.00,"         143","         160"
"","","","F099-0820-022","FENDER PRO 10" MICROPHONE CABLE","","","","","",2,"เล่ม",,"",0.00,"          64","         173"
"","","","F099-0820-025","FENDER PRO SERIES CABLE 10 FT S/A","","","","","",3,"เส้น",,"",0.00,"         339","         734"
"","","","F099-0820-030","FD CSTM SHOP CABLE 18.6 FT TWEED STRAIGHT FG186T","","","","","",1,"ตัว",,"",0.00,"          21","         132"
"","","","F099-0820-033","FD CSTM SHOP CABLE 6 FT TWEED FG6ILLT","","","","","",3,"ตัว",,"",0.00,"          16","          84"
"","","","F099-0820-038","FD CSTM SHOP CABLE 18.6 FT BLK TWEED S/A FG186BSL","","","","","",1,"ตัว",,"",0.00,"         113","         429"
"","","","F099-0820-044","FENDER PATCH CABLE 6" AG/AG","","","","","",3,"เส้น",,"",0.00,"","          24"
"","","","F099-0820-046","FENDER CSTM SHOP 6" INST CABLE B/T","","","","","",19,"เส้น",,"",0.00,"           5","          42"
"","","","F099-0820-056","FENDER CABLE 6FT BOWL","","","","","",10,"เส้น",,"",0.00,"          45","          44"
"","","","F099-0820-073","FD DLX SERIES CABLE 6 TWEED S/S","","","","","",4,"เส้น",,"",0.00,"           1","          13"
"","","","F099-0820-074","FENDER DLX SERIES CABLE 6FT BLK TWEED S/S","","","","","",3,"เส้น",,"",0.00,"          30","          63"
"","","","F099-0820-075","FENDER DLX SERIES CABLE 25FT BLK TWEED S/S","","","","","",1,"เส้น",,"",0.00,"           6","          98"
"","","","F099-0820-080","FENDER DLX SERIES CABLE 18.6FT BLK TWEED S/S","","","","","",2,"เส้น",,"",0.00,"          11","         366"
"","","","F099-0820-081","FENDER DLX SERIES CABLE 18.6" TWEED S/S","","","","","",2,"เส้น",,"",0.00,"          41","         232"
"","","","F099-0820-089","FENDER DLX SERIES CABLE 10FT TWEED S/S","","","","","",1,"เส้น",,"",0.00,"          97","         440"
"","","","F099-0820-090","FENDER DLX SERIES CABLE 10FT BLK TWEED S/A","","","","","",2,"เส้น",,"",0.00,"         175","         542"
"","","","F099-0820-091","FENDER DLX SERIES CABLE 10FT TWEED S/A","","","","","",6,"เส้น",,"",0.00,"          58","         533"
"","","","F099-0820-092","FENDER DLX CABLE 10FT INSTR BLK TWEED S/S","","","","","",4,"เล่ม",,"",0.00,"          35","         299"
"","","","F099-0822-100","FENDER MACHINE HEAD 70 "F" TUNER CHROME","","","","","",2,"ชุด",,"",0.00,"           8","          49"
"","","","F099-0825-102","FD BLOCKCHAIN PATCH CABLE KIT XS","","","","","",1,"ชุด",,"",0.00,"","           4"
"","","","F099-0825-202","FD BLOCKCHAIN PATCH CABLE KIT A/A SMALL BLK(9 PCS)","","","","","",1,"",,"",0.00,"","           1"
"","","","F099-0830-000","FENDER CONTROL 250K STRAT & TELE","","","","","",6,"ตัว",,"",0.00,"         320","       1,504"
"","","","F099-0832-000","FENDER VOLUME NO LOAD 250K SPLIT POT","","","","","",4,"ตัว",,"",0.00,"          21","         128"
"","","","F099-0834-000","FENDER CONTROL 500K SPLIT POT","","","","","",5,"ตัว",,"",0.00,"          72","         510"
"","","","F099-0840-000","FENDER SECTION BRIDGE FOR AM STRAT (SET 6 )","","","","","",3,"ชุด",,"",0.00,"          22","         191"
"","","","F099-0847-000","FD DUAL 500K-250K SPLIT SHAFT DOT","","","","","",5,"ตัว",,"",0.00,"","          22"
"","","","F099-0935-000","FENDER CHICKEN HEAD KNOB (PKG 6)","","","","","",1,"ชุด",,"",0.00,"","           4"
"","","","F099-0946-000","FENDEER AMP HANDLE MOLDED RUBBER BROWN","","","","","",1,"อัน",,"",0.00,"","          14"
"","","","F099-1006-506","FEDNER STAND CASE STAGE 3 BLACK","","","","","",1,"ใบ",,"",0.00
"","หจก.ห้างดนตรีเบ๊เงียบเส็ง                                ","หน้า   :       59"
"","สินค้าคงเหลือ แยกตามคลังสินค้า    ","ณ วันที่  20 มิ.ย. 2569"
"","รหัสสินค้าจาก","001-01005-000     ","ถึง","เงินมัดจำลูกค","วันที่ : 20/06/2569"
"","คลัง","","รหัสสินค้า","ชื่อสินค้า","","","","","","  จำนวน","","ราคาต่อหน่วย","","มูลค่าคงเหลือ","ยอดค้างรับ","ยอดค้างส่ง"
"","","","F099-1028-000","FENDER STRING WINDERS","","","","","",4,"อัน",,"",0.00,"          39","         172"
"","","","F099-1084-001","FD PROF PEDAL BOARD SMALL W/BAG","","","","","",1,"ชุด",,"",0.00,"","           1"
"","","","F099-1160-000","FENDER FT-004 CLIP ON CHROMATIC TUNER","","","","","",2,"ตัว",,"",0.00,"           8","           8"
"","","","F099-1322-406","FD GIGBAG FB405 ELECTRIC BASS","","","","","",4,"ใบ",,"",0.00,"","          17"
"","","","F099-1332-406","FENDER GIG BAG FA405 DREADNOUGHT","","","","","",3,"ใบ",,"",0.00,"          28","          27"
"","","","F099-1337-000","FENDER PICKGUARD STRAT HSS TORTOISE","","","","","",4,"อัน",,"",0.00,"","          16"
"","","","F099-1356-000","FENDER PICKGUARD AM STRAT TELE BLACK","","","","","",1,"อัน",,"",0.00,"           1","           7"
"","","","F099-1360-000","FENDER PICKGUARD AM STRAT WHITE 11-HOLE","","","","","",2,"อัน",,"",0.00,"           5","          65"
"","","","F099-1362-000","FENDER STRAT ASCESSORY KIT WHITE","","","","","",3,"ชุด",,"",0.00,"          10","          57"
"","","","F099-1363-000","FENDER STRAT ASCESSORY KIT BLACK","","","","","",5,"ชุด",,"",0.00,"          10","          56"
"","","","F099-1366-000","FENDER TELE/P.BASS KNOB CHROME","","","","","",1,"ชุด",,"",0.00,"           3","         112"
"","","","F099-1367-000","FENDER SWITCH 5 WAY STRAT","","","","","",1,"ตัว",,"",0.00,"         305","       1,680"
"","","","F099-1369-000","FENDER AGED STRAT KNOB (3 SET)","","","","","",3,"ชุด",,"",0.00,"          26","         279"
"","","","F099-1370-000","FENDER JAZZ BASS KNOBS","","","","","",2,"ชุด",,"",0.00,"          16","         132"
"","","","F099-1372-000","FENDER PICKGUARD STRAT HH TORT SHELL","","","","","",2,"อัน",,"",0.00,"           1","           1"
"","","","F099-1374-000","FENDER PICKGUARD AM STRAT PARCHMENT","","","","","",1,"อัน",,"",0.00,"           2","          43"
"","","","F099-1375-000","FENDER PICKGUARD STD TELE PARCHMENT","","","","","",1,"อัน",,"",0.00,"           2","          14"
"","","","F099-1376-000","FENDER PICKGUARD AM P.BASS PARCHMENT","","","","","",2,"อัน",,"",0.00,"           1","           4"
"","","","F099-1395-000","FENDER STRAT ASCESSORY KIT PARCHMENT","","","","","",1,"ชุด",,"",0.00,"           8","          90"
"","","","F099-1411-206","FD FEMS-610 MINI STRAT GIG BAG","","","","","",1,"ตัว",,"",0.00,"           1","          25"
"","","","F099-1412-106","FENDER TRADITIONAL STRAT/TELE GIG BAG","","","","","",1,"ใบ",,"",0.00,"","           2"
"","","","F099-1412-406","FENDER  GIGBAG FE610 ELECTRIC GUITAR","","","","","",2,"ใบ",,"",0.00,"          73","         283"
"","","","F099-1412-506","FENDER FEJ-610 JAGUAR/JAZZMASTER/STARCASTER GIGBAG","","","","","",1,"ใบ",,"",0.00,"","          20"
"","","","F099-1422-406","FENDER  GIGBAG FB610 ELECTRIC BASS","","","","","",3,"ใบ",,"",0.00,"          43","         119"
"","","","F099-1432-406","FD GIG BAG FA610 DREADNOUGHT","","","","","",3,"ตัว",,"",0.00,"          18","          89"
"","","","F099-1441-406","FENDER GIGBAG FU-610 CONCERT UKULELE BAG","","","","","",2,"ตัว",,"",0.00,"","           3"
"","","","F099-1443-406","FENDER GIGBAG FU-610 SOPRANO UKULELE","","","","","",1,"ตัว",,"",0.00,"           6","          20"
"","","","F099-1445-100","FENDER AM SERIES GUITAR NECK PLATE","","","","","",2,"ชุด",,"",0.00,"          18","          90"
"","","","F099-1445-406","FENDER STRAP MODERN TWEED BLACK/RED","","","","","",1,"เส้น",,"",0.00,"           3","          15"
"","","","F099-1446-100","FENDER AM SERIES BASS NECK PLATE","","","","","",1,"ชุด",,"",0.00,"          10","          60"
"","","","F099-1446-406","FENDER STRAP MODERN TWEED WHITE/BLACK","","","","","",1,"เส้น",,"",0.00,"           6","          16"
"","","","F099-1447-406","FENDER STRAP MODERN TWEED GREY/BLACK","","","","","",1,"เส้น",,"",0.00,"           3","          12"
"","","","F099-1448-100","FENDER BASS NECK PLATE "F" 4 BOLTS","","","","","",1,"อัน",,"",0.00,"          25","         126"
"","","","F099-1512-106","URBAN GIG BAG STRAT/TELE","","","","","",2,"ใบ",,"",0.00,"          39","          41"
"","","","F099-1512-255","FD FET-610 ELEC GUITAR BAG TWEED","","","","","",2,"ใบ",,"",0.00,"          17","          76"
"","หจก.ห้างดนตรีเบ๊เงียบเส็ง                                ","หน้า   :       60"
"","สินค้าคงเหลือ แยกตามคลังสินค้า    ","ณ วันที่  20 มิ.ย. 2569"
"","รหัสสินค้าจาก","001-01005-000     ","ถึง","เงินมัดจำลูกค","วันที่ : 20/06/2569"
"","คลัง","","รหัสสินค้า","ชื่อสินค้า","","","","","","  จำนวน","","ราคาต่อหน่วย","","มูลค่าคงเหลือ","ยอดค้างรับ","ยอดค้างส่ง"
"","","","F099-1512-404","FENDER GIG BAG FE620 LTD ED JEAN","","","","","",1,"ใบ",,"",0.00,"           5","          41"
"","","","F099-1512-406","FENDER  GIGBAG FE620 ELECTRIC GUITAR","","","","","",2,"ใบ",,"",0.00,"          65","         373"
"","","","F099-1521-206","FD FBSS-610 SHRT SCL BASS GIG BAG","","","","","",1,"ตัว",,"",0.00,"          10","          25"
"","","","F099-1522-006","FENDER DELUXE GIG BAG BASS (NEW)","","","","","",1,"ตัว",,"",0.00,"          11","          19"
"","","","F099-1522-155","FENDER URBAN GIG BAG GUITAR BASS TWEED","","","","","",1,"ใบ",,"",0.00,"           8","           8"
"","","","F099-1522-255","FD FBT-610 ELEC BASS BAG TWEED","","","","","",2,"ใบ",,"",0.00,"           8","          23"
"","","","F099-1522-406","FENDER  GIGBAG FB620 ELECTRIC BASS","","","","","",4,"ใบ",,"",0.00,"          26","         135"
"","","","F099-1531-955","FENDER GIG BAG FAS-610 SML BODY ACOUSTIC","","","","","",1,"ใบ",,"",0.00,"","          68"
"","","","F099-1532-006","FENDER DELUXE GIG BAG DREADNOUGHT ACOUSTIC","","","","","",1,"ใบ",,"",0.00,"           2","           3"
"","","","F099-1532-10U","URBAN GIG BAG DREADNOUGHT","","","","","",3,"ใบ",,"",0.00,"          21","          18"
"","","","F099-1612-106","METRO GIG BAG STRAT/TELE","","","","","",1,"ใบ",,"",0.00,"          33","          44"
"","","","F099-1622-406","FENDER  GIGBAG FB1225 ELECTRIC BASS","","","","","",2,"ใบ",,"",0.00,"          21","          76"
"","","","F099-1803-000","FD DELUXE HANGING GUITAR STAND","","","","","",1,"อัน",,"",0.00,"          13","         246"
"","","","F099-1803-021","FENDER 351 WALL HANGER MAPLE","","","","","",2,"อัน",,"",0.00,"","          11"
"","","","F099-1803-022","FENDER 351 WALL HANGER TORT SHELL","","","","","",1,"อัน",,"",0.00,"","          12"
"","","","F099-1803-023","FENDER 351 WALL HANGER TORT BLACK","","","","","",1,"อัน",,"",0.00,"","          15"
"","","","F099-1811-000","FENDER MINI ELECTRIC STAND","","","","","",2,"อัน",,"",0.00,"          23","         142"
"","","","F099-1820-007","FD TIMBERFRAME ELEC GUITAR STAND","","","","","",1,"อัน",,"",0.00,"","          14"
"","","","F099-1940-100","FENDER STRAT JACK FERRULE CHROME","","","","","",6,"ตัว",,"",0.00,"           4","          62"
"","","","F099-1941-000","FENDER JACK FERRULE TELE NICKLE","","","","","",5,"อัน",,"",0.00,"           2","           8"
"","","","F099-1997-000","FENDER STANDARD BASS FRET WIRE","","","","","",8,"ชุด",,"",0.00,"          12","          68"
"","","","F099-1998-000","FENDER STANDARD GUITAR FRET WIRE","","","","","",2,"ชุด",,"",0.00,"          53","         556"
"","","","F099-1999-000","FENDER JUMBO GUITAR FRET WIRE","","","","","",2,"ชุด",,"",0.00,"          36","         299"
"","","","F099-2005-000","FD AM PRO TELE BRIDGE ASSY","","","","","",1,"ชุด",,"",0.00,"","           6"
"","","","F099-2008-000","FD KNOBS SOFT TOUCH 1 VOL 2 TONE,A,WHITE","","","","","",1,"ชุด",,"",0.00,"           1","          57"
"","","","F099-2014-000","FENDER FRET VINTAGE SET","","","","","",1,"ชุด",,"",0.00,"          39","         128"
"","","","F099-2035-000","FENDER KNOB AM STRAT (SET OF 3)","","","","","",1,"ชุด",,"",0.00,"          39","         159"
"","","","F099-2036-000","FENDER ORIG. THUMBREST P&J BASS BLACK TW","","","","","",2,"ชุด",,"",0.00,"           7","          93"
"","","","F099-2040-000","FENDER MACHINE HEAD VINTAGE STRAT (6 PCS","","","","","",1,"ชุด",,"",0.00,"          10","          54"
"","","","F099-2041-000","FENDER 3 WAY SWITCH FOR TELE & STRAT","","","","","",4,"ตัว",,"",0.00,"          74","         419"
"","","","F099-2049-000","FENDER TREMOLO ASSY VINTAGE STRAT","","","","","",1,"ชุด",,"",0.00,"           4","          20"
"","","","F099-2051-000","FENDER VINTAGE BRIDGE (SET OF 6)","","","","","",1,"ชุด",,"",0.00,"          11","         169"
"","","","F099-2054-000","FENDER TREMOLO ARM FOR AM STRAT","","","","","",1,"อัน",,"",0.00,"          17","         302"
"","","","F099-2055-000","FENDER ORIG. VINT. JAZZ BASS CONTROL PLATE","","","","","",1,"ชุด",,"",0.00,"","           2"
"","","","F099-2082-000","FD VINT JAGUAR MUTE ASSEMBLY KIT","","","","","",1,"ชุด",,"",0.00,"","           1"
"","หจก.ห้างดนตรีเบ๊เงียบเส็ง                                ","หน้า   :       61"
"","สินค้าคงเหลือ แยกตามคลังสินค้า    ","ณ วันที่  20 มิ.ย. 2569"
"","รหัสสินค้าจาก","001-01005-000     ","ถึง","เงินมัดจำลูกค","วันที่ : 20/06/2569"
"","คลัง","","รหัสสินค้า","ชื่อสินค้า","","","","","","  จำนวน","","ราคาต่อหน่วย","","มูลค่าคงเหลือ","ยอดค้างรับ","ยอดค้างส่ง"
"","","","F099-2114-000","FENDER PICKUP CUSTOM SHOP 69 STRAT (3)","","","","","",1,"ชุด",,"",0.00,"           5","          38"
"","","","F099-2132-543","FENDER 2" SONORAN STRAP SEDONA","","","","","",1,"เล่ม",,"",0.00,"           5","          39"
"","","","F099-2132-544","FENDER 2" SONORAN STRAP SAGUARO","","","","","",1,"เล่ม",,"",0.00,"           6","          47"
"","","","F099-2132-545","FENDER 2" SONORAN STRAP OASIS","","","","","",1,"เล่ม",,"",0.00,"           6","          27"
"","","","F099-2132-547","FENDER 2" SONORAN STRAP DAWN","","","","","",1,"เล่ม",,"",0.00,"           3","          25"
"","","","F099-2140-001","FENDER PICKGUARD STRAT AGED WHITE MOTO","","","","","",1,"ตัว",,"",0.00,"","           6"
"","","","F099-2143-000","FENDER PICKGUARD 57 STRAT GOLD ANODIZED","","","","","",2,"อัน",,"",0.00,"","           6"
"","","","F099-2144-000","FENDER PICKGUARD STRAT MINT GREEN","","","","","",1,"อัน",,"",0.00,"           5","          46"
"","","","F099-2150-000","FENDER PICKGUARD TELE WHITE PEARL","","","","","",1,"อัน",,"",0.00,"           2","          10"
"","","","F099-2151-000","FENDER PICKGUARD TELE BLACK PEARL","","","","","",1,"อัน",,"",0.00,"","           2"
"","","","F099-2211-001","FENDER PICKUP SPLIT SUPER 55 STRAT","","","","","",2,"ชุด",,"",0.00,"           1","           1"
"","","","F099-2251-000","FENDER 5 WAY SUPER SWITCH","","","","","",1,"ตัว",,"",0.00,"          27","         196"
"","","","F099-2270-100","FENDER BRIDGE COVER VINT.STRAT CHROME","","","","","",2,"อัน",,"",0.00,"           2","          20"
"","","","F099-2271-100","FENDER BRIDGE COVER VINT.TELE CHROME","","","","","",2,"อัน",,"",0.00,"","          26"
"","","","F099-2290-000","FD ULTRA NOISELESS STRAT VINT SET","","","","","",1,"อัน",,"",0.00,"           5","          30"
"","","","F099-2291-000","FD ULTRA NOISELESS STRAT HOT SET","","","","","",1,"ชุด",,"",0.00,"           3","          24"
"","","","F099-2292-000","FENDER ULTRA NOISELESS TELE VINT SET","","","","","",1,"ชุด",,"",0.00,"           5","          18"
"","","","F099-2297-001","FD PICKUP CUNFIRE WIDE RENAGE BRIDGE CHROME","","","","","",1,"ชุด",,"",0.00,"           1","           5"
"","","","F099-2297-002","FD PICKUP CUNFIRE WIDE RENAGE NECK CHROME","","","","","",1,"ชุด",,"",0.00,"           1","           6"
"","","","F099-2297-003","FD CSTM LANDAU WIDE RANGE HD NECK (3) PICKUP","","","","","",1,"ชุด",,"",0.00,"","           2"
"","","","F099-2300-003","FENDER GLASS SLIDE 3 THICK MED","","","","","",4,"อัน",,"",0.00,"           8","          38"
"","","","F099-2371-000","FD PICKUP COBALT CHROME TELE SET","","","","","",1,"ชุด",,"",0.00,"","           2"
"","","","F099-2683-000","CHARVEL WALL MOUNTED BOTTLE OPENER","","","","","",1,"อัน",,"",0.00,"","           1"
"","","","F099-2739-000","GRETSCH BRANDY SNIFTER","","","","","",1,"ตัว",,"",0.00,"","           1"
"","","","F099-3115-000","FENDER N3 NOISELESS STRAT SET 3 WHITE","","","","","",1,"ตัว",,"",0.00,"","          12"
"","","","F099-4056-000","FENDER FOOTSWITCH 2 BUTTONS CHNL/REV","","","","","",1,"ตัว",,"",0.00,"","           1"
"","","","F099-4062-000","FENDER FOOT SWITCH 2 BTN DRV/MDRV","","","","","",1,"ตัว",,"",0.00
"","","","F099-4912-000","FENDER ORIGINAL TELE STRING GUIDES","","","","","",10,"ชุด",,"",0.00,"           5","          36"
"","","","F099-4915-000","FENDER ORIGINAL STRAP BUTTONS","","","","","",1,"ชุด",,"",0.00,"          20","         241"
"","","","F099-4916-000","FENDER PICKUP TUBING","","","","","",3,"ชุด",,"",0.00,"          11","          65"
"","","","F099-4917-000","FENDER FERRULE STRING FOR TELE","","","","","",1,"ชุด",,"",0.00,"          20","          25"
"","","","F099-4925-000","FENDER PICKUP/SWITCH SCREW (12)","","","","","",2,"กล่อง",,"",0.00,"          23","         259"
"","","","F099-4927-000","FENDER SCREW HEIGHT ADJ (BRIDGE)","","","","","",1,"กล่อง",,"",0.00,"          14","         144"
"","","","F099-4931-000","FENDER AM TREMOLO ARM SPRING (12)","","","","","",1,"ชุด",,"",0.00,"          18","          51"
"","","","F099-4931-000A","FENDER AM TREMOLO ARM SPRING","","","","","",5,"อัน",,"",0.00,"","          72"
"","หจก.ห้างดนตรีเบ๊เงียบเส็ง                                ","หน้า   :       62"
"","สินค้าคงเหลือ แยกตามคลังสินค้า    ","ณ วันที่  20 มิ.ย. 2569"
"","รหัสสินค้าจาก","001-01005-000     ","ถึง","เงินมัดจำลูกค","วันที่ : 20/06/2569"
"","คลัง","","รหัสสินค้า","ชื่อสินค้า","","","","","","  จำนวน","","ราคาต่อหน่วย","","มูลค่าคงเหลือ","ยอดค้างรับ","ยอดค้างส่ง"
"","","","F099-4937-000","FD ORIG. TELE TOP HAT SWITCH TIPS (2)","","","","","",6,"ชุด",,"",0.00,"           3","          40"
"","","","F099-4940-000","FENDER ORIG. STRAT WHITE SWITCH TIPS (2)","","","","","",2,"ชุด",,"",0.00,"","          32"
"","","","F099-5000-300","FENDER GUITAR DISPLAY CASE TWEED","","","","","",1,"ใบ",,"",0.00,"           3","          10"
"","","","F099-5501-016","FENDER BOOK DREAM FACTORY","","","","","",1,"เล่ม",,"",0.00,"           4","          13"
"","","","F099-6102-306","FENDER CASE DLX MOLDED STRAT/TELE","","","","","",1,"ใบ",,"",0.00,"          12","          39"
"","","","F099-6103-400","FENDER CASE DLX. STRAT/TELE TWEED","","","","","",1,"ใบ",,"",0.00,"","           5"
"","","","F099-6106-501","FENDER TWEED PEDALBOARD CASE S","","","","","",1,"อัน",,"",0.00,"","           1"
"","","","F099-6109-614","FENDER MONSTER HUNTER COLLABORATION PICK","","","","","",6,"ชุด",,"",0.00,"","          53"
"","","","F099-6109-657","FD X GODZILLA COLLABORATION PICK","","","","","",8,"ชุด",,"",0.00,"          10","          10"
"","","","F099-6126-306","FENDER CLSC SRS CASE MUSTANG/DUO SONIC BLACK","","","","","",2,"ใบ",,"",0.00,"           1","           3"
"","","","F099-6166-306","FENDER CLSC SRS CASE P/J BLK","","","","","",2,"ตัว",,"",0.00,"","           7"
"","","","F099-6175-300","FD PRO SERIES P/J CASE TWD","","","","","",1,"อัน",,"",0.00,"           3","           9"
"","","","F099-7000-300","FD FLOYD ROSE TREM ARM ASSY BLK","","","","","",1,"อัน",,"",0.00
"","","","F099-7006-100","FLOYD ROSE BRIDGE SADDLE 2&5 (1997006)","","","","","",5,"ตัว",,"",0.00
"","","","F099-7007-100","FLOYD ROSE BRIDGE SADDLE 3&4 (1997007)","","","","","",3,"ตัว",,"",0.00
"","","","F099-7298-000","FENDER 2 BUTTON FOR CHAMPION 40/100","","","","","",2,"อัน",,"",0.00
"","","","F099-8101-100","FLOYD ROSE NUT CAP","","","","","",4,"ตัว",,"",0.00
"","","","F114-4700-506","FENDER STD FR STRAT HSS RW BLACK","","","","","",1,"ตัว",,"",0.00,"           1","           1"
"","","","F114-9300-505","FD STD STRAT HSS FR RW WHITE","","","","","",1,"ตัว",,"",0.00,"           1","           5"
"","","","F114-9402-513","FENDER PLAYER STRAT FR HSS MN TIDE POOL","","","","","",1,"ตัว",,"",0.00,"           3","           8"
"","","","F150-8692-805","FENDER LTD JIMI HENDRIX STRAT MN OWT","","","","","",1,"ตัว",,"",0.00
"","","","F151-0682-806","FENDER JH VOODOO CHILD JRN/CC BLACK","","","","","",1,"ตัว",,"",0.00
"","","","F198-0346-100","FD 346 SHELL PICK 1/2 GROSS THIN","","","","","",1,"ห่อ",,"",0.00,"           7","           9"
"","","","F198-0346-180","FD 346 WHT PICK 1/2 GROSS THIN","","","","","",1,"ห่อ",,"",0.00,"           8","           8"
"","","","F198-0346-500","FENDER #346 SHELL PICK 1/2 GROSS HEAVY","","","","","",1,"ถุง",,"",0.00,"           4","          17"
"","","","F198-0346-580","FENDER #346 WHITE PICK 1/2 GROSS HEAVY","","","","","",1,"ห่อ",,"",0.00,"           1","           6"
"","","","F198-0351-049","FD JOHN 5 351 CELLULOID PICK (6)","","","","","",2,"",,"",0.00,"           1","          35"
"","","","F198-0351-102","FENDER #351 RAINBOW MEDIUM CELLULOID(12)","","","","","",1,"",,"",0.00,"          10","          15"
"","","","F198-0351-103","FENDER #351 RAINBOW CELLULOID HVY (12)","","","","","",1,"",,"",0.00,"","          11"
"","","","F198-0351-200","FD 351 CLASSIC SHEEL PICK X-HVY (12)","","","","","",2,"ถุง",,"",0.00,"","          15"
"","","","F198-0351-201","FD ZEBRA (12 PK) THIN CELLULOID","","","","","",2,"ห่อ",,"",0.00,"","          60"
"","","","F198-0351-203","FD ZEBRA (12 PK) HVY CELLULOID","","","","","",1,"ห่อ",,"",0.00,"           5","          28"
"","","","F198-0351-206","FD ZEBRA (12 PK) X-HEAVY CELLULOID","","","","","",1,"",,"",0.00,"","           2"
"","","","F198-0351-301","FD CHECKER (12 PK) THIN CELLULOID","","","","","",2,"ห่อ",,"",0.00,"          10","          17"
"","","","F198-0351-302","FD CHECKER (12 PK) MED CELLULOID","","","","","",1,"ห่อ",,"",0.00,"           8","          31"
"","หจก.ห้างดนตรีเบ๊เงียบเส็ง                                ","หน้า   :       63"
"","สินค้าคงเหลือ แยกตามคลังสินค้า    ","ณ วันที่  20 มิ.ย. 2569"
"","รหัสสินค้าจาก","001-01005-000     ","ถึง","เงินมัดจำลูกค","วันที่ : 20/06/2569"
"","คลัง","","รหัสสินค้า","ชื่อสินค้า","","","","","","  จำนวน","","ราคาต่อหน่วย","","มูลค่าคงเหลือ","ยอดค้างรับ","ยอดค้างส่ง"
"","","","F198-0351-303","FD CHECKER (12 PK) HVY CELLULOID","","","","","",1,"ห่อ",,"",0.00,"          11","          17"
"","","","F198-0351-500","FENDER 351 SHELL PICK 1 GROSS HEAVY","","","","","",1,"ถุง",,"",0.00,"           1","           1"
"","","","F198-0451-700","FD 451 SHELL PICK THIN (12)","","","","","",2,"ห่อ",,"",0.00,"","           4"
"","","","F198-0451-800","FD 451 SHELL PICK MEDIUM (12)","","","","","",2,"ห่อ",,"",0.00,"","           6"
"","","","F198-0451-900","FD 451 SHELL PICK HEAVY (12)","","","","","",1,"ห่อ",,"",0.00,"","           6"
"","","","F198-0451-950","FD 451 SHELL PICK X-HEAVY (12)","","","","","",2,"ห่อ",,"",0.00,"","           7"
"","","","F198-0551-700","FENDER 551 SHELL PICK THIN (12)","","","","","",2,"ถุง",,"",0.00,"","           4"
"","","","F198-0551-800","FENDER PICK #551 SHELL MEDIUM (12 PK)","","","","","",1,"ชุด",,"",0.00,"           5","          11"
"","","","F198-0551-900","FENDER PICK #551 SHELL HEAVY (12 PK)","","","","","",1,"ห่อ",,"",0.00,"           7","          13"
"","","","F198-0551-950","FENDER PICK #551 SHELL X-HEAVY (12 PK)","","","","","",1,"ห่อ",,"",0.00,"           7","          18"
"","","","F198-2351-371","FD GREEN MOTO PICK GROSS MEDIUM","","","","","",1,"ถุง",,"",0.00,"","           2"
"","","","F198-5351-700","FD MOJO GRIP TORT PICK THIN (3)","","","","","",1,"",,"",0.00,"           1","          28"
"","","","F198-5351-705","FD MOJO GRIP WHITE PICK THIN (3)","","","","","",1,"",,"",0.00,"           2","          13"
"","","","F198-5351-800","FD MOJO GRIP TORT TOR PICK MEDIUM (3)","","","","","",1,"",,"",0.00,"","          20"
"","","","F198-5351-805","FD MOJO GRIP 3 PACK WHT MOTO MEDIUM","","","","","",1,"",,"",0.00,"","          52"
"","","","F198-5351-900","FD MOJO GRIP TORT TORT PICK HEAVY (3)","","","","","",1,"",,"",0.00,"","           7"
"","","","F198-5351-905","FD MOJO GRIP 3 PACK WHT MOTO HEAVY","","","","","",2,"",,"",0.00,"","          23"
"","","","F199-7015-049","FLOYD ROSE STRING LOCK INSERT","","","","","",4,"ตัว",,"",0.00
"","","","F216-0006-000","FENDER AMP. SUPER SONIC 22 BLACK","","","","","",1,"ตู้",,"",0.00,"           1","          13"
"","","","F217-1006-010","FENDER AMP.59 BASSMAN LIMITED","","","","","",1,"ตู้",,"",0.00,"","           1"
"","","","F222-0206-000","FENDER BANDMASTER VM HEAD","","","","","",1,"ตัว",,"",0.00
"","","","F223-1206-000","FD AMP.HOT ROD DLX IV BLACK","","","","","",1,"ตัว",,"",0.00,"           6","          24"
"","","","F223-2206-000","FENDER AMP.BLUES DELUXE","","","","","",1,"ตู้",,"",0.00,"           4","          30"
"","","","F224-7012-020","FENDER RUMBLE 1 X 12 CABINET","","","","","",1,"ตู้",,"",0.00
"","","","F225-3016-410","EVH 5150 III 50W 6L6 IVORY","","","","","",1,"ตัว",,"",0.00,"           1","           2"
"","","","F225-4006-010","EVH 5150 III 2X12 TUBE COMBO BLACK","","","","","",1,"ตู้",,"",0.00,"","           1"
"","","","F226-4006-000","FD AMP BASSBREAKER 18/30 COMBO","","","","","",1,"ตู้",,"",0.00,"","           3"
"","","","F227-4006-000","FENDER AMP.68 CUSTOM DELUXE REVERB","","","","","",1,"ตู้",,"",0.00,"","           9"
"","","","F227-4306-000","FD AMP. TONE MASTER SUPER REVERB","","","","","",1,"ตู้",,"",0.00,"           1","           8"
"","","","F227-4906-000","FENDER TONE MASTER PRO","","","","","",1,"ตัว",,"",0.00,"","          16"
"","","","F227-8006-000","FENDER AMP.68 CUSTOM PRO REVERB","","","","","",1,"ตู้",,"",0.00,"","           8"
"","","","F230-0106-900","FENDER AMP.MUSTANG I","","","","","",1,"ตู้",,"",0.00,"       1,038","         492"
"","","","F230-0306-900","FENDER AMP.MUSTANG III","","","","","",1,"ตู้",,"",0.00,"          53","          68"
"","","","F230-3006-900","GRETA AMP. 2 WATT","","","","","",1,"ตู้",,"",0.00,"           2","          13"
"","","","F231-1006-900","FENDER AMP.FRONTMAN 10G","","","","","",1,"ตู้",,"",0.00,"       3,397","       4,154"
"","หจก.ห้างดนตรีเบ๊เงียบเส็ง                                ","หน้า   :       64"
"","สินค้าคงเหลือ แยกตามคลังสินค้า    ","ณ วันที่  20 มิ.ย. 2569"
"","รหัสสินค้าจาก","001-01005-000     ","ถึง","เงินมัดจำลูกค","วันที่ : 20/06/2569"
"","คลัง","","รหัสสินค้า","ชื่อสินค้า","","","","","","  จำนวน","","ราคาต่อหน่วย","","มูลค่าคงเหลือ","ยอดค้างรับ","ยอดค้างส่ง"
"","","","F231-1206-000","FENDER AMP.MUSTANG LT50","","","","","",1,"ตู้",,"",0.00,"          18","          65"
"","","","F231-1300-000","FD AMP MUSTANG MICRO-U","","","","","",9,"เครื่อง",,"",0.00,"          54","         122"
"","","","F231-1506-900","FENDER FRONTMAN 20G","","","","","",1,"ตู้",,"",0.00,"           4","         323"
"","","","F231-1706-000","FENDER MUSTANG LTX50","","","","","",1,"ตู้",,"",0.00,"","           4"
"","","","F231-1806-000","FENDER MUSTANG LTX100","","","","","",3,"ตู้",,"",0.00,"","           5"
"","","","F231-3000-000","FENDER LINK I/O INTERFACE","","","","","",1,"ตัว",,"",0.00,"","           5"
"","","","F231-3606-900","FD AMP. ACOUSTASONIC 150","","","","","",1,"ตู้",,"",0.00,"           2","           4"
"","","","F231-3706-900","FENDER AMP.ACOUSTASONIC 15","","","","","",1,"ตู้",,"",0.00,"         363","         217"
"","","","F231-4106-000","FENDER AMP.ACOUSTIC 200","","","","","",1,"ตู้",,"",0.00,"          58","          49"
"","","","F231-4306-000","FENDER AMP. ACOUSTIC JR","","","","","",1,"ตู้",,"",0.00,"           3","          35"
"","","","F231-4406-000","FENDER AMP. ACOUSTIC JR GO","","","","","",1,"ตู้",,"",0.00,"","          46"
"","","","F231-4506-000","FENDER AMP. ACOUSTIC SFX II","","","","","",2,"ตู้",,"",0.00,"","          13"
"","","","F231-5306-920","FENDER AMP.BASS RUMBLE 15","","","","","",1,"ตู้",,"",0.00,"          87","          51"
"","","","F231-5906-920","FENDER AMP.BASS RUMBLE 350 HEAD","","","","","",1,"เครื่อง",,"",0.00,"           1","           2"
"","","","F233-0106-900","FENDER AMP.CHAMPION 600","","","","","",3,"ตู้",,"",0.00,"","           1"
"","","","F233-0206-900","FENDER AMP. CHAMPION 20","","","","","",1,"ตู้",,"",0.00,"       3,539","       3,604"
"","","","F233-0706-900","FENDER AMP.CHAMPION II 25","","","","","",2,"ตัว",,"",0.00,"           3","         488"
"","","","F233-0906-900","FENDER AMP.CHAMPION II 100","","","","","",2,"ตัว",,"",0.00,"","         143"
"","","","F237-0106-900","FENDER RUMBLE 15 V3","","","","","",1,"ตู้",,"",0.00,"         628","         647"
"","","","F237-0206-900","FENDER RUMBLE 25 V3","","","","","",1,"ตู้",,"",0.00,"         516","         485"
"","","","F237-0306-900","FENDER RUMBLE 40 V3","","","","","",1,"ตู้",,"",0.00,"         372","         373"
"","","","F237-0406-900","FENDER RUMBLE 100 V3","","","","","",2,"ตู้",,"",0.00,"         359","         301"
"","","","F237-0506-900","FENDER RUMBLE 200 V3","","","","","",1,"ตู้",,"",0.00,"         366","         190"
"","","","F237-0606-900","FENDER RUMBLE 500 V3","","","","","",1,"ตู้",,"",0.00,"         116","         128"
"","","","F237-2006-000","FD AMP RUMBLE 800","","","","","",1,"ตู้",,"",0.00,"","           2"
"","","","F237-6006-000","FENDER AMP RUMBLE STUDIO 40","","","","","",3,"ตู้",,"",0.00,"          25","          33"
"","","","F238-0100-000","FENDER AMP. RUMBLE 210 CABINET","","","","","",1,"ตู้",,"",0.00,"","           2"
"","","","F240-1101-872","GRESTCH G6118T-LIV ANNI. W/ BIG IVORY","","","","","",1,"ตัว",,"",0.00,"           1","           1"
"","","","F250-7190-572","GRESTCH G5120T-P90 EMTC JET TWO90 MAKO","","","","","",1,"ตัว",,"",0.00,"","           2"
"","","","F250-7210-502","GRESTCH G5230T EMTC JET FL ALEUTIAN BLUE","","","","","",1,"ตัว",,"",0.00,"","           2"
"","","","F250-8270-574","GR G5622T-140 EMTC 140TH DC 2 TONE STONE/PEARL PLA","","","","","",1,"ตัว",,"",0.00,"","           3"
"","","","F250-9876-543","GRESTCH G56655T-QM EMTC CB JR QLT BGSB HUDSON SKY","","","","","",1,"ตัว",,"",0.00,"","           4"
"","","","F251-4730-517","GRESTCH G2220 EMTC JR JET BASS II WANUT STAIN","","","","","",1,"ตัว",,"",0.00,"","           1"
"","","","F251-4840-508","GR G2229B EMTC JR JET BASS SHORT SCLAE OCEAN TURQU","","","","","",1,"ตัว",,"",0.00,"","           1"
"","","","F251-7190-595","GRESTCH G5210-P90 EMTC JET TW090 FIRESTICK RED","","","","","",1,"ตัว",,"",0.00,"","           2"
"","หจก.ห้างดนตรีเบ๊เงียบเส็ง                                ","หน้า   :       65"
"","สินค้าคงเหลือ แยกตามคลังสินค้า    ","ณ วันที่  20 มิ.ย. 2569"
"","รหัสสินค้าจาก","001-01005-000     ","ถึง","เงินมัดจำลูกค","วันที่ : 20/06/2569"
"","คลัง","","รหัสสินค้า","ชื่อสินค้า","","","","","","  จำนวน","","ราคาต่อหน่วย","","มูลค่าคงเหลือ","ยอดค้างรับ","ยอดค้างส่ง"
"","","","F271-1220-579","GR JIM DANDY DREAD MAH WPG FRONTIER STAIN","","","","","",1,"ตัว",,"",0.00,"","           2"
"","","","F271-4014-549","GRESTCH G5021E PENGUIN PARLOR MINT METTALIC","","","","","",1,"ตัว",,"",0.00,"","           2"
"","","","F271-4022-522","GRESTCH G5022CE RNCHR JUMBO CUTWAY SVS","","","","","",1,"ตัว",,"",0.00,"           1","           6"
"","","","F271-4035-500","GRESTCH G5024E SUNBURST","","","","","",2,"ชุด",,"",0.00,"           6","          20"
"","","","F280-2601-890","JACKSON AMERICAN SRS SL3 RIVIERA BLUE","","","","","",1,"ตัว",,"",0.00,"","           4"
"","","","F280-4600-568","GRESTCH G2420T HLW SC GUN METAL W/BIGSBY","","","","","",1,"ตัว",,"",0.00,"","           2"
"","","","F280-4700-537","GRESTCH G2420 HLW SC AGED BROOKLYN BURST W/CHROMAT","","","","","",1,"ตัว",,"",0.00,"","           2"
"","","","F280-6104-563","GRESTCH G2604T STRAEMLINER RALLY II CNTR BAMBOO","","","","","",1,"ตัว",,"",0.00,"","           2"
"","","","F280-6200-569","GRESTCH G2622 STRML CB DC OCEAN TURQUOISE","","","","","",1,"ตัว",,"",0.00,"           2","           4"
"","","","F280-6200-593","GRESTCH G2622 STRML CB DC SINGKE BARREL STAIN","","","","","",1,"ตัว",,"",0.00
"","","","F280-6400-579","GRESTCH G2655T STRML CNTR BLOCK JR IMPERIAL STAIN","","","","","",1,"ตัว",,"",0.00,"","           2"
"","","","F280-6700-549","GRESTCH G2215-P90 STRML JR JET MINT METTALIC","","","","","",1,"ตัว",,"",0.00,"","           2"
"","","","F280-7200-531","GRESTCH G2420T STRML HLW SC HAVANABURST","","","","","",1,"ตัว",,"",0.00,"","           3"
"","","","F280-7200-555","GRESTCH G2655T STRML CNTR BLK JR DC CORAL","","","","","",1,"ตัว",,"",0.00,"","           2"
"","","","F281-4102-549","GR STREAMLINER JET CLUB LRL SEAFORM GREEN","","","","","",1,"ตัว",,"",0.00,"","           1"
"","","","F281-7000-537","GRESTCH G2420 STRML HLW SC AGED BROOKLYN BURST","","","","","",1,"ตัว",,"",0.00,"","           2"
"","","","F281-7050-568","GRESTCH G2622 STRML CB DC GUNMETAL","","","","","",1,"ตัว",,"",0.00,"","           1"
"","","","F281-7800-588","GR G2655-P90 STRML CNTR BLOCK JR BROWNSTONE","","","","","",1,"ตัว",,"",0.00,"","           2"
"","","","F290-4008-827","JACKSON MJ MISHA MANSOOR SIGN SO-CAL2PT DAPHNE BLU","","","","","",1,"ตัว",,"",0.00,"","           1"
"","","","F290-4011-811","JACKSON MJ DINKY DKRP TRANS BLUE BURST","","","","","",1,"ตัว",,"",0.00,"","           1"
"","","","F291-0001-527","JACKSON PRO DK MODERN ASH HT7-BAKED BLUE","","","","","",1,"ตัว",,"",0.00,"           1","           1"
"","","","F291-0001-552","JACKSON PRO DK MODERN ASH HT 6 BLACK RED","","","","","",1,"ตัว",,"",0.00,"           1","           3"
"","","","F291-0022-503","JACKSON DK3XR HSS BLACK","","","","","",1,"ตัว",,"",0.00,"","           1"
"","","","F291-0022-504","JACKSON DK3XR HSS CAUTION YELLOW","","","","","",1,"ตัว",,"",0.00,"","           1"
"","","","F291-0023-519","JACKSON DK2XR HH MATTE NEON PINK","","","","","",1,"ตัว",,"",0.00,"","           5"
"","","","F291-0112-503","JACKSON JS12 DK AH FB 24 FRET BLACK","","","","","",1,"ตัว",,"",0.00,"           2","           5"
"","","","F291-0121-557","JACKSON JS22 DINKY ARCH AH FB NAT OIL","","","","","",1,"ตัว",,"",0.00,"           6","          22"
"","","","F291-0124-520","JACKSON JS32 KING V AH FB MATTE ARMY DRAB","","","","","",1,"ตัว",,"",0.00,"           4","          32"
"","","","F291-0124-572","JACKSON JS32 KING V AH FB BLK W/WHT BEVELS","","","","","",1,"ตัว",,"",0.00,"           2","          15"
"","","","F291-0132-568","JACKSON JS SERIES DK ARCH TOP JS22-7 DKA HT ST BK","","","","","",1,"ตัว",,"",0.00,"          17","          61"
"","","","F291-0134-503","JACKSON JS32T KV,AH FB,S-THRU GLOSS BLACK","","","","","",2,"ตัว",,"",0.00,"","           8"
"","","","F291-0136-568","JACKSON JS32 WR, AH FB SATIN BLACK","","","","","",1,"ตัว",,"",0.00,"","          24"
"","","","F291-0138-557","JACKSON JS32 DINKY ARCH AH FB NAT OIL","","","","","",1,"ตัว",,"",0.00,"           6","          28"
"","","","F291-0224-503","JACKSON JS32 KV AH FB GIOSS BLK","","","","","",1,"ตัว",,"",0.00,"","           6"
"","","","F291-0238-552","JACKSON JS32 DINKY ARCH AH FB PAVO PURPLE","","","","","",1,"ตัว",,"",0.00,"           7","          23"
"","หจก.ห้างดนตรีเบ๊เงียบเส็ง                                ","หน้า   :       66"
"","สินค้าคงเหลือ แยกตามคลังสินค้า    ","ณ วันที่  20 มิ.ย. 2569"
"","รหัสสินค้าจาก","001-01005-000     ","ถึง","เงินมัดจำลูกค","วันที่ : 20/06/2569"
"","คลัง","","รหัสสินค้า","ชื่อสินค้า","","","","","","  จำนวน","","ราคาต่อหน่วย","","มูลค่าคงเหลือ","ยอดค้างรับ","ยอดค้างส่ง"
"","","","F291-0339-585","JACKSON JS24 DKAM DX-BLK SATIN","","","","","",1,"ตัว",,"",0.00,"","           8"
"","","","F291-0339-590","JACKSON JS24 DKAM DX-RED SATIN","","","","","",1,"ตัว",,"",0.00,"           1","          16"
"","","","F291-1001-576","JACKSON PRO MDK MS HT6-SNOW WHITE","","","","","",1,"ตัว",,"",0.00,"","           1"
"","","","F291-2525-521","JACKSON JS1X DK MINION, AH FBT METAL SILVER","","","","","",1,"ตัว",,"",0.00,"","           1"
"","","","F291-3052-576","JACKSON ADRIAN SMITH SDX MN SNOW WHITE","","","","","",1,"ตัว",,"",0.00,"           1","           3"
"","","","F291-3067-257","JACKSON PRO SIG ADRIAN SMITH LTD ED SC1 SNOW WHT","","","","","",1,"ตัว",,"",0.00,"","           1"
"","","","F291-3334-518","JACKSON RR JS1X MINION AH FB NEON GREEN","","","","","",1,"ตัว",,"",0.00,"           2","          11"
"","","","F291-3334-568","JACKSON RR JS1X MINION AH FB SATIN BLK","","","","","",4,"ตัว",,"",0.00,"","           9"
"","","","F291-3337-545","JACKSON JS1X RR MINION MN FB SILVERBURST","","","","","",1,"ตัว",,"",0.00,"","           1"
"","","","F291-5556-521","JACKSON JS1X CONCERT BASS, MINION, AH FB SATIN SLV","","","","","",1,"ตัว",,"",0.00,"","          11"
"","","","F291-5556-552","JACKSON JS1X CONCERT BASS, MINION, AH FB PAVO PRPL","","","","","",1,"ตัว",,"",0.00,"","          12"
"","","","F291-6320-503","JACKSON RRXMG BLACK RHOADS","","","","","",1,"ตัว",,"",0.00,"           1","           8"
"","","","F291-6344-576","JACKSON SL4X SNOW WHITE","","","","","",1,"ตัว",,"",0.00,"","           1"
"","","","F291-8804-585","JACKSON  JS22-7 DKA QM TRANS BLK BURST","","","","","",1,"ตัว",,"",0.00,"","           3"
"","","","F291-9005-568","JACKSON JS3 SPECTRA V SATIN BLACK","","","","","",1,"ตัว",,"",0.00,"","           4"
"","","","F291-9804-557","JACKSON JS32 RR NATURAL/GOLD","","","","","",1,"ตัว",,"",0.00,"","          20"
"","","","F291-9904-573","JACKSON JS3 SPECTRA IV METTALIC RED","","","","","",1,"ตัว",,"",0.00,"           1","           7"
"","","","F291-9915-557","JACKSON JS42DK HT ZIRCOTE/BAKED MAPLE","","","","","",1,"ตัว",,"",0.00,"","          18"
"","","","F292-9413-862","CHARVEL MJ SRS #RICK GRAM SIG DK24 PT CELESTE","","","","","",1,"ตัว",,"",0.00,"","           1"
"","","","F293-1011-586","CHARVEL DESOLATION DS-1 ST TRANS BLUE SMEAR","","","","","",2,"ตัว",,"",0.00,"           2","           2"
"","","","F296-5033-513","CHARVEL PM SD1 HSS FR AQUA FLAKE","","","","","",1,"ตัว",,"",0.00,"","           1"
"","","","F296-5131-599","CHARVEL PM SD1 HH FR MN CHLORINE BURST","","","","","",1,"ตัว",,"",0.00,"","           1"
"","","","F296-5801-803","CHARVEL PM SD1 JIM ROOT SIGN BLACK","","","","","",1,"ตัว",,"",0.00,"","           1"
"","","","F296-6041-576","CHARVEL PM SC1 HH FR SNOW WHT W/GOLD A LPG","","","","","",1,"ตัว",,"",0.00,"","           1"
"","","","F296-6803-518","CHARVEL PM SC4 HSS FR LAMBO GREEN","","","","","",1,"ตัว",,"",0.00,"","           1"
"","","","F296-9411-519","CHARVEL PM DK24 HH 2PT CM-SATIN BURGUNDY MIST","","","","","",1,"ตัว",,"",0.00,"","           2"
"","","","F296-9413-539","CHARVEL PM DK24 HSS 2PT CM - RED ASH","","","","","",1,"ตัว",,"",0.00,"","           1"
"","","","F296-9431-558","CHARVEL PM DK24 HH FR DARK AMBER","","","","","",1,"ตัว",,"",0.00,"","           1"
"","","","F297-5031-500","CHARVEL PM SD1 HH FR CHAMAELEON","","","","","",1,"ตัว",,"",0.00,"","           1"
"","","","F299-1514-106","JACKSON GIGBAG MINION DINKY","","","","","",1,"ใบ",,"",0.00
"","","","F299-2683-000","JACKSON WALL MOUNTED BOTTLE OPENER","","","","","",1,"อัน",,"",0.00,"","           2"
"","","","F510-7002-522","EVH WOLFGANG STD BKD M FB ZIRICOTE","","","","","",1,"ตัว",,"",0.00
"","","","F510-7900-576","EVH STRIPED SERIES BLK W/WHT STRIPES RELIT","","","","","",1,"ตัว",,"",0.00,"","           1"
"","","","F510-7902-386","EVH STRIPED SERIES CIRCLES SATIN WHT& BLK W/GIGBAG","","","","","",1,"ตัว",,"",0.00
"","","","F510-7902-515","EVH STRIPED SERIES 5150 RED/BLACK/WHITE","","","","","",2,"ตัว",,"",0.00,"           1","           4"
"","หจก.ห้างดนตรีเบ๊เงียบเส็ง                                ","หน้า   :       67"
"","สินค้าคงเหลือ แยกตามคลังสินค้า    ","ณ วันที่  20 มิ.ย. 2569"
"","รหัสสินค้าจาก","001-01005-000     ","ถึง","เงินมัดจำลูกค","วันที่ : 20/06/2569"
"","คลัง","","รหัสสินค้า","ชื่อสินค้า","","","","","","  จำนวน","","ราคาต่อหน่วย","","มูลค่าคงเหลือ","ยอดค้างรับ","ยอดค้างส่ง"
"","","","F525-2202-350","FENDER CLASSIC 69 TELE BLUE FLOWER W/GIG","","","","","",1,"ตัว",,"",0.00,"           2","          10"
"","","","F528-1200-323","FD MODERN JAZZ BASS RW OLYMPIC WHITE","","","","","",1,"ตัว",,"",0.00,"","           3"
"","","","F531-2100-361","FD LTD STARMASTER RW JUPITER BLUE JP-24","","","","","",1,"ตัว",,"",0.00
"","","","F531-2200-370","FD LTD KUSUMI COL TELE THIN RW BLUE JP 24","","","","","",1,"ตัว",,"",0.00,"","           6"
"","","","F531-3000-306","FD LTD JAZZMASTER RW NOIR JP-25","","","","","",1,"ตัว",,"",0.00,"","           1"
"","","","F531-3300-380","FD LTD TELE RW BLANC JP-25","","","","","",1,"ตัว",,"",0.00,"","           2"
"","","","F531-3500-380","FD LTD JAZZMASTER RW BLANC JP-25","","","","","",1,"ตัว",,"",0.00,"","           1"
"","","","F536-0200-341","FENDER TRAD II 60S TELE RW VINT WHITE","","","","","",1,"ตัว",,"",0.00,"           1","          17"
"","","","F536-1200-305","FENDER TRAD. II 60S STRAT RW OLYMPIC WHITE","","","","","",1,"ตัว",,"",0.00,"           8","          19"
"","","","F536-4100-305","FD TRADNL II 60S JAZZMASTER RW OWT","","","","","",1,"ตัว",,"",0.00,"           1","           4"
"","","","F537-2100-305","FD HERITAGE 60S J BASS RW OLYMPIC WHITE","","","","","",1,"ตัว",,"",0.00,"","           1"
"","","","F537-2202-321","FD HERITAGE 70S J BASS MN NATURAL","","","","","",1,"ตัว",,"",0.00,"","           2"
"","","","F538-1200-314","FD 2025 TRAD II 60S STRAT GP RW MHC BLACK PEARL","","","","","",1,"ตัว",,"",0.00,"","           2"
"","","","F538-1200-374","FD 2025 TRAD II 60S STRAT RW BLK/3TS","","","","","",1,"ตัว",,"",0.00,"","           1"
"","","","F538-1200-399","FD 2025 TRAD II 60S STRAT RW STARDUST BLUE","","","","","",1,"ตัว",,"",0.00,"","           1"
"","","","F538-2100-314","FD 2025 TRAD II 60S J BASS GP RW MHC BLACK PEARL","","","","","",1,"ตัว",,"",0.00,"","           2"
"","","","F555-0112-391","FENDER TUBE GT-ECC83-S SELECT","","","","","",9,"หลอด",,"",0.00,"           4","          25"
"","","","F555-0112-397","FENDER TUBE GT-12AX7-M SELECT","","","","","",1,"หลอด",,"",0.00,"","           2"
"","","","F555-0112-399","FD TUBE GT-12AU7 SELECT","","","","","",2,"หลอด",,"",0.00,"           5","           5"
"","","","F555-0112-400","FENDER TUBE GROOVE TUBE 12AT7","","","","","",5,"หลอด",,"",0.00,"          15","          51"
"","","","F555-0112-401","FENDER TUBE GT 5U4 RECTIFIER GROOVE TUBE","","","","","",2,"หลอด",,"",0.00,"","           5"
"","","","F555-0113-208","FENDER TUBE GT 12AX7-R SELECT","","","","","",5,"หลอด",,"",0.00,"           8","          21"
"","","","F555-0113-497","FD TUBE GT-6L6-C (HP) MED DUET","","","","","",2,"คู่",,"",0.00,"           2","           8"
"","","","F555-0113-500","FD TUBE GT-6L6-C (HP) MED QUARTET","","","","","",8,"คู่",,"",0.00,"           3","          12"
"","","","F555-0113-503","FENDER TUBE GT-6L6-GE MED DUET","","","","","",1,"คู่",,"",0.00,"          13","          23"
"","","","F555-0113-504","FENDER TUBE GT-E6L6-GE HIGHT DUET (2)","","","","","",4,"ชุด",,"",0.00,"           5","          10"
"","","","F555-0113-506","FENDER TUBE GT-6L6-GE MED QUARTET","","","","","",4,"",,"",0.00,"           9","          24"
"","","","F555-0113-516","FENDER TUBE GROOVE TUBE GT 6L6R HIGH DUET (2)","","","","","",1,"ชุด",,"",0.00,"","          21"
"","","","F555-0113-521","FENDER TUBE GT 6L6-S MED DUET (2)","","","","","",1,"ชุด",,"",0.00,"           4","          20"
"","","","F555-0113-524","FENDER TUBE GT 6L6-S MED QUARTET (4)","","","","","",7,"ชุด",,"",0.00,"           5","          23"
"","","","F555-0113-533","FENDER TUBE 6V6 GT MED DUET (2)","","","","","",2,"ชุด",,"",0.00,"           5","           7"
"","","","F555-0113-558","FD TUBE GT-EL34-M HI DUET","","","","","",2,"ชุด",,"",0.00,"","          10"
"","","","F555-0113-574","FENDER TUBE GT-EL84-R MED DUET","","","","","",2,"ตัว",,"",0.00,"           4","          17"
"","","","F555-0113-580","FENDER TUBE GT-EL84-S MED DUET","","","","","",4,"ชุด",,"",0.00
"","","","F555-0113-630","FENDER TUBE GT 6V6R HIGH (1)","","","","","",1,"หลอด",,"",0.00,"           6","          20"
"","หจก.ห้างดนตรีเบ๊เงียบเส็ง                                ","หน้า   :       68"
"","สินค้าคงเหลือ แยกตามคลังสินค้า    ","ณ วันที่  20 มิ.ย. 2569"
"","รหัสสินค้าจาก","001-01005-000     ","ถึง","เงินมัดจำลูกค","วันที่ : 20/06/2569"
"","คลัง","","รหัสสินค้า","ชื่อสินค้า","","","","","","  จำนวน","","ราคาต่อหน่วย","","มูลค่าคงเหลือ","ยอดค้างรับ","ยอดค้างส่ง"
"","","","F560-0300-373","FD JINO J BASS RW SEAFORM GREEN","","","","","",1,"ตัว",,"",0.00,"","           2"
"","","","F560-1100-341","FD SCANDAL MAMI STRAT RW VINT WHITE OMOCHI","","","","","",1,"ตัว",,"",0.00,"","           2"
"","","","F560-1402-399","FD J SIGN. P BASS MN BLACK GOLD","","","","","",1,"ตัว",,"",0.00,"","           4"
"","","","F560-2600-899","FD MONSTER HUNTER TELE RW RATHALOS RED","","","","","",1,"ตัว",,"",0.00,"","           3"
"","","","F563-1102-337","FD LTD TELE MN BLK PAISLEY JP-25","","","","","",1,"ตัว",,"",0.00,"","           1"
"","","","F563-1102-350","FD LTD START MN BLUE FLOWER JP-24","","","","","",1,"ตัว",,"",0.00,"","           1"
"","","","F563-2100-346","FD FSR COLL HYBRID II J BASS RW SGM ASIA-23","","","","","",1,"ตัว",,"",0.00,"","           3"
"","","","F563-3100-304","FD FSR COLL HYBRID II P BASS RW DNB ASIA-23","","","","","",1,"ตัว",,"",0.00,"","           1"
"","","","F563-3100-336","FD FSR COLL HYBRID II P BASS RW DOM ASIA-23","","","","","",1,"ตัว",,"",0.00,"","           1"
"","","","F564-2102-387","FD LTD INTL COLOR J BASS MN MONACO YELLOW","","","","","",1,"ตัว",,"",0.00,"","           1"
"","","","F565-4400-303","FENDER OLARN STRAT 2TSB","","","","","",1,"ตัว",,"",0.00,"           5","           4"
"","","","F565-9102-349","FD SILENT SIREN J BASS MN SURF GREEN","","","","","",1,"ตัว",,"",0.00,"","           5"
"","","","F566-1102-300","FD HYBRID II STRAT MN 3TS","","","","","",1,"ตัว",,"",0.00,"           3","          16"
"","","","F566-4102-384","FD 2024 HYBRID II JAZZMASTER MN FLAME SUNSET ORANG","","","","","",1,"ตัว",,"",0.00,"","           2"
"","","","F568-0102-356","FD JUNIOR COLL TELE MN SATIN SHELL PINK","","","","","",1,"ตัว",,"",0.00,"","           4"
"","","","F568-1100-341","FD JUNIOR COLL. STRAT RW SATIN VINT WHITE","","","","","",1,"ตัว",,"",0.00,"","           4"
"","","","F568-2100-304","FD JUNIOR COLL J BASS RW SATIN DAPHNE BLUE","","","","","",1,"ตัว",,"",0.00,"","           2"
"","","","F568-4100-300","FD JUNIOR COLL JAZZMASTER RW 3TS","","","","","",1,"ตัว",,"",0.00,"","           1"
"","","","F569-1300-380","FD LTD ELEMENTAL TELE HH RW NIMBUSWHITE","","","","","",1,"ตัว",,"",0.00,"","           2"
"","","","F633-5000-906","FENDER SQ CA P.BASS SPECIAL RW BLACK","","","","","",2,"ตัว",,"",0.00,"          28","          18"
"","","","F633-6000-932","FENDER SQ CA JAZZ BASS RW BROWN SUNBURST","","","","","",1,"ตัว",,"",0.00,"          74","          19"
"","","","F633-6000-980","FENDER SQ CA JAZZ BASS RW WHITE","","","","","",1,"ตัว",,"",0.00,"          45","          20"
"","","","F694-7007-900","FENDER PASSPORT VENUE  600W PORTABLE PA","","","","","",1,"ตัว",,"",0.00,"           7","          12"
"","","","F770-6416-049","FENDER TONE SAVER 250K","","","","","",2,"อัน",,"",0.00,"           1","          30"
"","","","F770-6417-049","FENDER TONE SAVE 500K","","","","","",2,"อัน",,"",0.00,"","           2"
"","","","F771-0238-000","FENDER 4 BUTTON FOOTSWITCH","","","","","",1,"อัน",,"",0.00
"","","","F816-0506-100","FD AMP 57 CUSTOM CHAMP","","","","","",-1,"ตู้",,"",0.00,"","           6"
"","","","F910-0247-000","FENDER MUSIC PEACE CLIP MAGNET LOVE","","","","","",3,"อัน",,"",0.00,"","           5"
"","","","F910-1359-506","FD T-SHIRT CSTMSHOP ORIG LOGO BLK SIZE L","","","","","",1,"ตัว",,"",0.00,"","           9"
"","","","F911-0007-469","FD CUSTOM SHOP TEE, CHAR SIZE M","","","","","",1,"ตัว",,"",0.00,"           2","           1"
"","","","F911-0571-406","FENDER AMERICAN PRO MEN'S TEE, BLACK SIZE M","","","","","",1,"อัน",,"",0.00,"","           3"
"","","","F912-3002-000","EVH KNITTED BEANIE","","","","","",1,"ตัว",,"",0.00,"","           1"
"","","","F912-3003-000","EVH BASEBALL HAT","","","","","",1,"ตัว",,"",0.00,"","           1"
"","","","F912-3004-000","EVH 24" BARSTOOL","","","","","",1,"ตัว",,"",0.00,"","           4"
"","","","F912-3013-040","FD SPAGHETTI LOGO ZIP HOODIE, BLACK M","","","","","",1,"ตัว",,"",0.00,"           1","           2"
"","หจก.ห้างดนตรีเบ๊เงียบเส็ง                                ","หน้า   :       69"
"","สินค้าคงเหลือ แยกตามคลังสินค้า    ","ณ วันที่  20 มิ.ย. 2569"
"","รหัสสินค้าจาก","001-01005-000     ","ถึง","เงินมัดจำลูกค","วันที่ : 20/06/2569"
"","คลัง","","รหัสสินค้า","ชื่อสินค้า","","","","","","  จำนวน","","ราคาต่อหน่วย","","มูลค่าคงเหลือ","ยอดค้างรับ","ยอดค้างส่ง"
"","","","F912-4005-806","FD CUSTOM SHOP BACKPACK GREEN","","","","","",1,"ห่อ",,"",0.00,"","           2"
"","","","F912-4774-506","FENDER PINT GLASSES S/4 60TH ANNIVERSARY","","","","","",1,"ก้อน",,"",0.00
"","","","F912-4782-000","FENDER BOOKED STRAT BLACK","","","","","",1,"อัน",,"",0.00,"","           2"
"","","","F912-4783-000","FENDER BOOKEND STRAT SUNBURST","","","","","",2,"คู่",,"",0.00,"           2","           5"
"","","","F912-4787-000","FENDER BOOKED BASS RED","","","","","",3,"อัน",,"",0.00,"           1","           4"
"","","","F912-5004-406","FD SPAGHETTI LOGO WINDBREAKER NAVY SIZE M","","","","","",1,"ห่อ",,"",0.00,"           1","           1"
"","","","F917-0000-087","FENDER BLACKOUT FLASK","","","","","",1,"อัน",,"",0.00,"","           3"
"","","","F919-0153-184","FD ORIGINAL CAMOUFLAGE PACKABLE BAG","","","","","",10,"ใบ",,"",0.00,"","          20"
"","","","F919-0540-112","FENDER SHOT GLASS FENDER SALOON SET","","","","","",1,"ก้อน",,"",0.00
"","","","F919-0588-306","FD HELLO KITTY LOGO TEE WHITE SIZE S","","","","","",2,"ตัว",,"",0.00
"","","","F919-2022-005","FD CUSTOM SHOP BARSTOOL 24","","","","","",1,"ชุด",,"",0.00,"","           5"
"","","","F919-2823-306","FD LOGO DATE BACK TEE BLACK SIZE S","","","","","",1,"ตัว",,"",0.00,"","           1"
"","","","F919-2823-406","FD LOGO DATE BACK TEE BLACK SIZE M","","","","","",1,"ตัว",,"",0.00,"","           1"
"","","","F9190110302","FENDER SALUTE TEE NAVY S","","","","","",1,"ตัว",,"",0.00
"","","","F921-6008-585","FD 59 STRAT HVY RELIC MBTK RW FADED","","","","","",1,"ตัว",,"",0.00,"","           2"
"","","","F921-6090-067","FD 59 TELE HVY RELIC RW OLYMPIC WHITE MBPW","","","","","",1,"ตัว",,"",0.00
"","","","F922-2622-001","GRETSCH G2622T TWEED CASE","","","","","",1,"ตัว",,"",0.00,"           1","          10"
"","","","F922-2683-000","GRESTCH WALL MOUNTED BOTTLE OPENER","","","","","",1,"อัน",,"",0.00,"","           1"
"","","","F922-7377-100","GRESTCH TIN THERMOMETER","","","","","",1,"อัน",,"",0.00,"           1","           2"
"","","","F923-0054-806","FD 1954 HVY REL STRAT BLACK","","","","","",1,"ตัว",,"",0.00,"           1"
"","","","F923-5001-087","FENDER SRV SIG STRAT REL/CC F3TSB","","","","","",1,"ตัว",,"",0.00,"           2","           3"
"","","","F923-5001-323","FD ERIC CLAPTON STRAT NOS MERCEDES BLUE","","","","","",1,"ตัว",,"",0.00,"           1","           2"
"","","","F923-5001-329","FD PINO PALLADION P BASS RED FIESTA RED","","","","","",1,"ตัว",,"",0.00,"           1","           4"
"","","","F923-5001-343","FD MICHAEL LANDAU 1968 STRAT REL 3COLOUR SUNBURST","","","","","",1,"ตัว",,"",0.00,"","           1"
"","","","F923-5001-592","FD B2 62 J BASS REL 3COLOUR SUNBURST","","","","","",1,"ตัว",,"",0.00,"","           1"
"","","","F923-5001-594","FENDER B2 68 J BASS JRN VINT WHITE","","","","","",1,"ตัว",,"",0.00,"           1","           1"
"","","","F923-6081-179","FD F22 LTD 60 J BASS REL SONIC BLUE","","","","","",1,"ตัว",,"",0.00,"","           1"
"","","","F923-6081-210","FD B3 64 TELE REL FIESTA RED","","","","","",1,"ตัว",,"",0.00
"","","","F923-6081-237","FD B3 64 P BASS REL BLEACHED 3TONE SUNBURST","","","","","",1,"ตัว",,"",0.00,"","           1"
"","","","F923-6091-139","FD B4 LTD 70TH ANNIE STRAT GH NOS BRIGHT SAPHIRE","","","","","",1,"ตัว",,"",0.00,"","           1"
"","","","F923-6091-140","FD B4 LTD 70TH ANNIE 54 STRAT TCP 2TSB","","","","","",1,"ตัว",,"",0.00,"","           1"
"","","","F923-6091-143","FENDER B4 LTD 70TH ANNIE 54 STRAT JRN 2TSB","","","","","",1,"ตัว",,"",0.00,"","           1"
"","","","F991-5025-247","FENDER PICK DISPLAY COUNTER TOP ATA","","","","","",1,"ใบ",,"",0.00
"","","","HR-AUTOTUNE","HEADRUSH AUTO TUNE VX5","","","","","",2,"เครื่อง",,"",0.00,"          44","          24"
"","","","HR-CORE","HEADRUSH CORE","","","","","",1,"เครื่อง",,"",0.00,"          35","          11"
"","หจก.ห้างดนตรีเบ๊เงียบเส็ง                                ","หน้า   :       70"
"","สินค้าคงเหลือ แยกตามคลังสินค้า    ","ณ วันที่  20 มิ.ย. 2569"
"","รหัสสินค้าจาก","001-01005-000     ","ถึง","เงินมัดจำลูกค","วันที่ : 20/06/2569"
"","คลัง","","รหัสสินค้า","ชื่อสินค้า","","","","","","  จำนวน","","ราคาต่อหน่วย","","มูลค่าคงเหลือ","ยอดค้างรับ","ยอดค้างส่ง"
"","","","HR-FLEXX","HEADRUSH FLEXX PRIME","","","","","",2,"เครื่อง",,"",0.00,"          15","           3"
"","","","HR-FRFR108-BT","HEADRUSH POWERED SPEAKER FRFR108 MKII","","","","","",1,"ตู้",,"",0.00,"         106","          32"
"","","","HR-FRFR112-BT","HEADRUSH FRFR-112 POWERED SPEAKER MKII","","","","","",1,"ตู้",,"",0.00,"          96","          20"
"","","","HR-FRFRGO","HEADRUSH FRFR GO","","","","","",1,"ตู้",,"",0.00,"         195","          81"
"","","","HR-LOOPERBOARD","HAEDRUSH LOOPER BOARD","","","","","",1,"เครื่อง",,"",0.00,"           5","           2"
"","","","HR-MX5X","HEADRUSH MX5X","","","","","",1,"เครื่อง",,"",0.00,"          90","          17"
"","","","JD-418R","JIM DUNLOP TORTEX FLEX PICK 0.73","","","","","",7,"อัน",12.75,"",89.25
"","","","JD-424R","JIM DUNLOP TORTEX FLEX PICK 0.60","","","","","",1,"อัน",12.00,"",12.00
"","","","JD-427R-RD","JIM DUNLOP PICK JAZZ III RED","","","","","",1,"อัน",18.75,"",18.75
"","","","KP-CP1BL","CAJON PORT BLACK","","","","","",2,"อัน",,"",0.00,"","           4"
"","","","KP-CP1BLUE","CAJON PORT BLUE","","","","","",1,"อัน",,"",0.00,"","           2"
"","","","KP-CP1CD","CAJON PORT CANDY","","","","","",1,"อัน",,"",0.00,"           1","           3"
"","","","KP-CP1CH","CAJON PORT CHROME","","","","","",1,"อัน",,"",0.00,"","           3"
"","","","KP-CP1GO","CAJON PORT GOLD","","","","","",1,"อัน",,"",0.00,"","           3"
"","","","KP-CP1GR","CAJON PORT GRANITE","","","","","",2,"อัน",,"",0.00,"","           3"
"","","","KP-CP1SS","CAJON PORT SILVER SAND","","","","","",1,"อัน",,"",0.00,"","           1"
"","","","KP-CP1WH","CAJON PORT WHITE","","","","","",2,"อัน",,"",0.00,"           1","           5"
"","","","KP-DPDEYE","KICKPORT DPD-EYE","","","","","",1,"อัน",,"",0.00,"","           4"
"","","","KP-FX1RT","FX PORTS FOR "TOM" WHITE","","","","","",3,"อัน",,"",0.00,"           2","           8"
"","","","KP-FX1RTB","FX PORTS FOR "TOM" BLACK","","","","","",5,"อัน",,"",0.00,"           7","           8"
"","","","KP-FX1SNB","FX PORTS FOR "SNARE" DRUM BLACK","","","","","",1,"อัน",,"",0.00,"           2","           5"
"","","","KP-FX2BD","FX PORTS FOR "BASS DRUM" WHITE","","","","","",2,"อัน",,"",0.00,"           3","          10"
"","","","KP-FX2BDB","FX PORTS FOR "BASS DRUM" BLACK","","","","","",3,"อัน",,"",0.00,"           2","           8"
"","","","KP-FX2FT","FX PORTS FOR "FLOOR TOM" WHITE","","","","","",3,"อัน",,"",0.00,"           2","          10"
"","","","KP-FX2FTB","FX PORTS FOR "FLOOR TOM" BLACK","","","","","",3,"อัน",,"",0.00,"           2","           8"
"","","","KP-FXRT-TRG","FX "TOM" REPLACEMENT RING","","","","","",19,"อัน",,"",0.00,"          12"
"","","","KP-FXSN-TRG","FX "SNARE" REPLACEMENT RING","","","","","",23,"อัน",,"",0.00,"           1"
"","","","KP-KP2GR","KICKPORT KP2 GRANITE","","","","","",1,"อัน",,"",0.00,"           3","          13"
"","","","KP-KP2SS","KICKPORT KP2 SILVER SAND","","","","","",1,"อัน",,"",0.00,"","           6"
"","","","KR-01004-HP","KRAMER FOCUS VT-211S HOT PINK","","","","","",1,"ตัว",,"",0.00,"          11","           5"
"","","","KR-01004-NG","KRAMER FOCUS VT-211S NE0N GREEN","","","","","",1,"ตัว",,"",0.00,"          10","           2"
"","","","KR-01008-ATG","KR DAVE MUSTAINE R.I.P TRIBUTE VANGUARD ALIEN GRN","","","","","",1,"ตัว",,"",0.00
"","","","KR-KPUERDB4","KR ERUPTION HUMBUCKING ZEBRA DBL BLK NECK PICKUP","","","","","",1,"อัน",,"",0.00,"           1","           1"
"","","","KR-KPUETZB4","KR ERUPTION HUMBUCKING ZEBRA BRIDGE PICKUP","","","","","",1,"อัน",,"",0.00,"           1","           1"
"","","","MH-VLVE-00058","MARSHALL TUBE AMP. E-84","","","","","",1,"ตัว",1000.00,"",1000.00
"","หจก.ห้างดนตรีเบ๊เงียบเส็ง                                ","หน้า   :       71"
"","สินค้าคงเหลือ แยกตามคลังสินค้า    ","ณ วันที่  20 มิ.ย. 2569"
"","รหัสสินค้าจาก","001-01005-000     ","ถึง","เงินมัดจำลูกค","วันที่ : 20/06/2569"
"","คลัง","","รหัสสินค้า","ชื่อสินค้า","","","","","","  จำนวน","","ราคาต่อหน่วย","","มูลค่าคงเหลือ","ยอดค้างรับ","ยอดค้างส่ง"
"","","","MH-VLVE-00083","MARSHALL TUBE AMP. 6L6","","","","","",4,"อัน",1200.00,"",4800.00
"","","","MH-VLVE-00104","MARSHALL TUBE AMP. EL 34 B TUNG-SOL","","","","","",4,"อัน",1500.00,"",6000.00
"","","","MS-MOCACSP","MAESTRO ARCAS COMPRESSOR SUSTAINER EFFECTS PEDAL","","","","","",1,"เครื่อง",,"",0.00,"           1","           1"
"","","","MS-MOCAEFP","MAESTRO ENVELOPE FILTER EFFECTS PEDAL","","","","","",1,"เครื่อง",,"",0.00,"           2","           3"
"","","","MS-MOCCCP","MAESTRO COMET CHORUS EFFECT PEDAL","","","","","",1,"ตัว",,"",0.00,"           2","           1"
"","","","MS-MOCMTP","MAESTRO MARINER TREMOLO EFFECTS PEDAL","","","","","",1,"เครื่อง",,"",0.00,"           3","           3"
"","","","MS-MOCOPP","MAESTRO ORBIT PHASER EFFECTS PEDAL","","","","","",1,"เครื่อง",,"",0.00,"           1","           1"
"","","","MS-MOCTBP","MAESTRO TITAN BOOST EFFECTS PEDAL","","","","","",1,"เครื่อง",,"",0.00,"           1","           1"
"","","","NT-H-PS-BS","NATAL BOOM STAND PRO SERIES","","","","","",5,"ชุด",,"",0.00,"","          11"
"","","","NT-H-PS-DK","NATAL DRUM KEY","","","","","",9,"ตัว",,"",0.00,"          15","          26"
"","","","NT-H-PS-DTS","NATAL DOUBLE TOM STAND PRO SERIES","","","","","",1,"อัน",,"",0.00,"           1","           2"
"","","","NT-H-PS-HH","NATAL HI-HAT STAND","","","","","",2,"ชุด",,"",0.00,"","           4"
"","","","NT-H-PS-SS","NATAL SNARE STAND PRO SERIES","","","","","",3,"ชุด",,"",0.00,"","           4"
"","","","NT-K-MA-TR-GF","NATAL TRAD MAP SHPK GF [2BOX]","","","","","",1,"ชุด",,"",0.00
"","","","NT-SD-C-AS16-N","NATAL SNARE DRUM STAVE ASH 10" x 6.5" NATURAL","","","","","",1,"ใบ",,"",0.00,"","           1"
"","","","NT-SD-C-MA15-N","NATAL SNARE DRUM STAVE MAPLE 10" x 5.5" NATURAL","","","","","",1,"ใบ",,"",0.00,"","           1"
"","","","NT-SD-C-MA25-B","NATAL SNARE DRUM STAVE MAPLE 12" x 5.5" BLACK","","","","","",1,"ใบ",,"",0.00,"","           1"
"","","","NT-SD-HH-CH15","NATAL SNARE DRUM HH 10"x5.5 CHROME","","","","","",1,"ใบ",,"",0.00,"           1","           1"
"","","","NT-SD-HH-CH25","NATAL SNARE DRUM HH 12"x5.5 CHROME","","","","","",1,"ใบ",,"",0.00,"           1","           1"
"","","","NT-SD-HH-DB15","NATAL SNARE DRUM HH 10"x5.5 DRK BRONZE","","","","","",1,"ใบ",,"",0.00,"           1","           1"
"","","","NT-SD-LI-25","NT SNR LTD EDI SERIES 12"x5.5" AGED BRONZE","","","","","",1,"ใบ",,"",0.00,"           1","           1"
"","","","OS-ASVS4-B","OS POP BLOCKER GOOSENECK CLAMP 4"","","","","","",2,"ชุด",,"",0.00,"          26","          27"
"","","","OS-ASVS6-B","OS POP BLOCKER CLAMP 6"","","","","","",1,"ชุด",,"",0.00,"           5","           7"
"","","","OS-ASVS6-GB","OS POP BLOCKER GOOSENECK CLAMP","","","","","",5,"ชุด",,"",0.00,"         110","          15"
"","","","OS-ASWS58-B","OS FOAM BLACK WINDSCREEN","","","","","",2,"ตัว",,"",0.00,"          20","           4"
"","","","OS-CB3500","ON STAGE CYMBAL BAG 22"","","","","","",1,"ใบ",,"",0.00,"          18","           7"
"","","","OS-DMA6450","OS NON-SLIP DRUM MAT","","","","","",2,"ชุด",,"",0.00,"         132","         103"
"","","","OS-DSB6700","OS 3 POCKET DRUM STICK BAG","","","","","",1,"ใบ",,"",0.00,"          69","          32"
"","","","OS-DT8500V2","OS GUITAR/KEYBOARD STD W/HANGER","","","","","",1,"อัน",,"",0.00,"           7","           5"
"","","","OS-FS7850B","OS FOOT REST","","","","","",1,"อัน",,"",0.00,"         143","          88"
"","","","OS-GA100","OS GA100 GUITAR CAPO BLACK","","","","","",3,"อัน",,"",0.00,"         171","         130"
"","","","OS-GBB-4550","OS GUITAR BAG BASS","","","","","",1,"ใบ",,"",0.00,"          10","           6"
"","","","OS-GBB4770","OS STD ELECTRIC BASS GIGBAG","","","","","",1,"ใบ",,"",0.00,"           7","           1"
"","","","OS-GBE-4550","OS GUITAR BAG ELECTRIC","","","","","",11,"ใบ",,"",0.00,"          20","           1"
"","","","OS-GC-LP7000","ON STAGE LES PAUL CASE","","","","","",1,"ใบ",,"",0.00,"          23","          20"
"","หจก.ห้างดนตรีเบ๊เงียบเส็ง                                ","หน้า   :       72"
"","สินค้าคงเหลือ แยกตามคลังสินค้า    ","ณ วันที่  20 มิ.ย. 2569"
"","รหัสสินค้าจาก","001-01005-000     ","ถึง","เงินมัดจำลูกค","วันที่ : 20/06/2569"
"","คลัง","","รหัสสินค้า","ชื่อสินค้า","","","","","","  จำนวน","","ราคาต่อหน่วย","","มูลค่าคงเหลือ","ยอดค้างรับ","ยอดค้างส่ง"
"","","","OS-GC-SG7000","ON STAGE SG CASE","","","","","",3,"ใบ",,"",0.00,"          16","          12"
"","","","OS-GCE6000B","ON STAGE ELECTRIC GUITAR CASE BLACK FOR STRAT/TELE","","","","","",2,"ใบ",,"",0.00,"          26","          26"
"","","","OS-GCE6000T","ON STAGE ELECTRIC GUITAR CASE TWEED FOR STRAT/TELE","","","","","",1,"ใบ",,"",0.00,"          86","          53"
"","","","OS-GPCA5550B","ON STAGE POLY FOAM ACOUSTIC GUITAR CASE BLK","","","","","",2,"ใบ",,"",0.00,"          20","          12"
"","","","OS-GS5000","OS WIRE FOLK STAND SMALL INSTRUMENT","","","","","",2,"อัน",,"",0.00,"          33","          15"
"","","","OS-GS6500","OS MIGHTY GUITAR STAND","","","","","",2,"ตัว",,"",0.00,"          55","           9"
"","","","OS-GS7140","OS PUSH DOWN SPRING LOCKING GUITAR STAND","","","","","",6,"อัน",,"",0.00,"          36","          27"
"","","","OS-GS7155","OS SINGLE GUITAR STAND HANG-IT (GS7155)","","","","","",1,"ตัว",,"",0.00,"          64","          20"
"","","","OS-GS7252B","OS DUO GUITAR STAND","","","","","",2,"ตัว",,"",0.00,"           5","          27"
"","","","OS-GS7253B-B","OS GUITAR STAND FLIP-IT DUO","","","","","",2,"ตัว",,"",0.00,"          10","           7"
"","","","OS-GS7255","OS DOUBLE GUITAR STAND HANG-IT","","","","","",1,"ตัว",,"",0.00,"          24","          11"
"","","","OS-GS7352B","OS TRIPLE GUITAR STAND","","","","","",1,"ชุด",,"",0.00,"           7","           6"
"","","","OS-GS7353B-B","OS GUITAR STAND FLIP-IT TRI","","","","","",3,"ตัว",,"",0.00,"           7","           6"
"","","","OS-GS7355","OS TRIPLE GUITAR STAND HANG-IT (GS7355)","","","","","",1,"ตัว",,"",0.00,"          39","           5"
"","","","OS-GS7362B","OS GUITAR STAND SINGLE A FRAME","","","","","",3,"ตัว",,"",0.00,"          88","          68"
"","","","OS-GS746-2DB","OS PRO DOUBLE A FRAME GUITAR STAND","","","","","",2,"ตัว",,"",0.00,"          30","          13"
"","","","OS-GS7561","OS 5-SPACE FOLDABLE MULTI GUITAR RACK","","","","","",7,"อัน",,"",0.00,"         131","          65"
"","","","OS-GS7640","OS GUITAR HANGER WALL METAL","","","","","",1,"ชุด",,"",0.00,"","          11"
"","","","OS-GS7655","ON STAGE FOLDING A FRAME GUITAR STAND","","","","","",13,"อัน",,"",0.00,"         637","         264"
"","","","OS-GS8100","OS GUITAR STAND PROGRIP","","","","","",3,"ตัว",,"",0.00,"           4","          17"
"","","","OS-GS8200","OS GUITAR STAND PROGRIP II","","","","","",2,"ตัว",,"",0.00,"           3","          18"
"","","","OS-GSA10BK","OS GUITAR STRAP WITH LEATHER END BLACK","","","","","",8,"เส้น",,"",0.00,"         283","         775"
"","","","OS-GSA10BL","OS GUITAR STRAP WITH LEATHER END BLUE","","","","","",5,"เส้น",,"",0.00,"          42","         185"
"","","","OS-GSA10GE","OS GUITAR STRAP WITH LEATHER ENDS GREEN","","","","","",7,"เส้น",,"",0.00,"         124","         142"
"","","","OS-HH7000","OS HEADPHONE HANGER","","","","","",1,"ตัว",,"",0.00,"           5","           1"
"","","","OS-IC-10","ON STAGE IC-10 INSTRUMENT CABLE 10 FT","","","","","",20,"เส้น",,"",0.00,"         779","         661"
"","","","OS-KB5503B","OS HEIGHT ADJUSTABLE KEYBOARD BENCH","","","","","",1,"ตัว",,"",0.00,"           4","           1"
"","","","OS-KB8802B","OS KEYBOARD/IPANO BLACK BENCH","","","","","",1,"อัน",,"",0.00,"           1","           1"
"","","","OS-KS6150","OS KEYBOARD MIDI SYNTH STAND","","","","","",2,"อัน",,"",0.00,"          24","          26"
"","","","OS-KS7191","OS CLASSIC DOUBLE-X KEYBOARD","","","","","",1,"อัน",,"",0.00,"         115","          45"
"","","","OS-KS7365-EJ","OS PRO HEAVY-DUTY FOLDING-Z W/2ND TIER","","","","","",5,"ชุด",,"",0.00,"          91","          36"
"","","","OS-KS7591","OS DOUBLE BRACED KEYBOARD STAND (KS7591)","","","","","",1,"อัน",,"",0.00,"           8","          11"
"","","","OS-KS8191","OS KEYBOARD STAND LOK-TIGHT DOUBLE X","","","","","",3,"ชุด",,"",0.00,"         328","         168"
"","","","OS-KS9102","OS QUATUM CORE COLUMN KEYBOARD STAND","","","","","",1,"อัน",,"",0.00,"           9","           3"
"","","","OS-KSA7500","OS KEYBOARD TIER","","","","","",4,"ชุด",,"",0.00,"          87","          60"
"","หจก.ห้างดนตรีเบ๊เงียบเส็ง                                ","หน้า   :       73"
"","สินค้าคงเหลือ แยกตามคลังสินค้า    ","ณ วันที่  20 มิ.ย. 2569"
"","รหัสสินค้าจาก","001-01005-000     ","ถึง","เงินมัดจำลูกค","วันที่ : 20/06/2569"
"","คลัง","","รหัสสินค้า","ชื่อสินค้า","","","","","","  จำนวน","","ราคาต่อหน่วย","","มูลค่าคงเหลือ","ยอดค้างรับ","ยอดค้างส่ง"
"","","","OS-KSA7550","OS PROFFESIONAL 2ND TIER","","","","","",1,"ชุด",,"",0.00,"           2","           7"
"","","","OS-KSP100","OS KEYBOARD SUSTAIN PEDAL","","","","","",2,"อัน",,"",0.00,"          47","          32"
"","","","OS-KT7800","OS KEYBOARD 3 POSITION BENCH X STYLE","","","","","",3,"อัน",,"",0.00,"          85","          21"
"","","","OS-KT7800+","OS KEYBOARD 3 POSITION DLX BENCH X STYLE","","","","","",6,"ตัว",,"",0.00,"         156","         105"
"","","","OS-LPT5000","OS LAPTOP COMPUTER STAND","","","","","",1,"ตัว",,"",0.00,"           9","          10"
"","","","OS-MBS5000","OS BROADCAST MIC BOOM ARM","","","","","",2,"ตัว",,"",0.00,"           7","           3"
"","","","OS-MS500","OS-TRAVEL MIC STAND","","","","","",1,"อัน",,"",0.00,"           3","           2"
"","","","OS-MS7201B","OS ROUND BASE MIC STAND","","","","","",1,"อัน",,"",0.00,"         165","         133"
"","","","OS-MS7311B","OS MIC STAND SML BOOM","","","","","",1,"ชุด",,"",0.00,"          25","          19"
"","","","OS-MS7411B","OS MIC STAND SML TRI/BOOM","","","","","",5,"ชุด",,"",0.00,"          25","          33"
"","","","OS-MS7411TB","OS DRUM AMP TRIPOD W/TELE BOOM","","","","","",2,"ตัว",,"",0.00,"          24","           6"
"","","","OS-MS7701B","OS MIC STAND EURO BOOM BLACK","","","","","",4,"ชุด",,"",0.00,"         613","         208"
"","","","OS-MS7920B","OS MIC STAND MINI BOOM","","","","","",2,"ชุด",,"",0.00,"          48","          30"
"","","","OS-MS9510","OS ONE HAND MIC STAND ROUND","","","","","",2,"ตัว",,"",0.00,"           8","           3"
"","","","OS-MS9701TB+","OS HEAVY  DOTY TRIPOD","","","","","",1,"ตัว",,"",0.00,"          15","          10"
"","","","OS-MSA7500CB","OS MIC STAND BOOM ARM","","","","","",2,"ชุด",,"",0.00,"          29","          43"
"","","","OS-MY110","OS UNBREAKABLERUBBER WIRELESS MIC CLIP","","","","","",3,"ตัว",,"",0.00,"          19","           4"
"","","","OS-RS7500","OS AMP STAND TILTBACK","","","","","",3,"ชุด",,"",0.00,"          69","          58"
"","","","OS-SM7022B","OS DETACHABLE SHEET MUSIC STAND","","","","","",2,"ตัว",,"",0.00,"          15","           9"
"","","","OS-SM7122BB","OS SHEET MUSIC STAND W/BAG","","","","","",4,"ชุด",,"",0.00,"         192","          96"
"","","","OS-SM7211B","OS CONDUCTOR STAND","","","","","",2,"ชุด",,"",0.00,"         211","         101"
"","","","OS-SM7312W","OS  MUSIC STAND W/WIDE RW BOOKPLATE","","","","","",2,"อัน",,"",0.00,"           5","           2"
"","","","OS-SMS6000-P","ON STAGE MONITOR STAND (PAIR)","","","","","",2,"คู่",,"",0.00,"          83","          20"
"","","","OS-SMS6600-P","OS HEX-BASED MONOTOR STAND (PAIR)","","","","","",1,"อัน",,"",0.00,"          12","           5"
"","","","OS-SMS7650","OS STUDIO STAND","","","","","",2,"ชุด",,"",0.00,"          10","           3"
"","","","OS-SS7730B","OS CLASSIC SPEAKER STAND","","","","","",2,"อัน",,"",0.00,"          16","           3"
"","","","OS-SS7761B","OS SPEAKER STAND ALUMINUM (เดี่ยว)","","","","","",5,"ชุด",,"",0.00,"          22","          10"
"","","","OS-TCM9161B","OS IPAD SNAP ON COVER W/ROUND CLAMP BLK","","","","","",3,"ชุด",,"",0.00,"","           5"
"","","","OS-WGS-100","ON STAGE GUITAR STAND WOODEN","","","","","",1,"ตัว",,"",0.00,"          27","          43"
"","","","OS-XCG-4","ON STAGE GUITAR STAND CLASSIC","","","","","",9,"ตัว",,"",0.00,"       1,407","         900"
"","","","P277-7300-201","PRESONUS REVELATOR MICROPHONE","","","","","",2,"ตัว",,"",0.00,"","           2"
"","","","P277-7406-203","PRESONUS HP4 HEADPHONE AMPLIFIER","","","","","",1,"ตัว",,"",0.00,"","           2"
"","","","P277-7506-107","PRESONUS ERIS E5 STUDIO MONITOR (เดี่ยว)","","","","","",1,"ตู้",,"",0.00,"","          28"
"","","","P277-7506-124","PRESONUS ERIS E5 BT 2ND GEN (คู่)","","","","","",2,"คู่",,"",0.00,"","           3"
"","","","P277-7506-126","PRESONUS ERIS STUDIO 4","","","","","",3,"เครื่อง",,"",0.00,"           2","           3"
"","หจก.ห้างดนตรีเบ๊เงียบเส็ง                                ","หน้า   :       74"
"","สินค้าคงเหลือ แยกตามคลังสินค้า    ","ณ วันที่  20 มิ.ย. 2569"
"","รหัสสินค้าจาก","001-01005-000     ","ถึง","เงินมัดจำลูกค","วันที่ : 20/06/2569"
"","คลัง","","รหัสสินค้า","ชื่อสินค้า","","","","","","  จำนวน","","ราคาต่อหน่วย","","มูลค่าคงเหลือ","ยอดค้างรับ","ยอดค้างส่ง"
"","","","P277-7700-105","PRESONUS AUDIOBOX USE 96K 25TH","","","","","",1,"ตัว",,"",0.00,"","           7"
"","","","P277-7700-108","PRESONUS AUDIOBOX ITWO","","","","","",1,"ตัว",,"",0.00,"","           2"
"","","","P277-7700-302","PRESONUS REVELATOR IO24","","","","","",1,"ตัว",,"",0.00,"","           1"
"","","","P277-7700-303","PRESONUS REVELATOR IO44","","","","","",1,"ตัว",,"",0.00,"","           2"
"","","","P277-7700-503","PRESONUS QUANTUM ES 2","","","","","",1,"เครื่อง",,"",0.00,"","           9"
"","","","P277-7700-612","FENDER QUANTUM LT2","","","","","",1,"ตัว",,"",0.00,"","           9"
"","","","P277-7700-613","FENDER QUANTUM LT4","","","","","",1,"ตัว",,"",0.00,"","          13"
"","","","P277-7700-712","FENDER AUDIOBOX GO","","","","","",2,"ตัว",,"",0.00,"","           9"
"","","","P277-7706-501","PRESONUS QUANTUM HD 2","","","","","",1,"เครื่อง",,"",0.00,"","           8"
"","","","P277-7706-502","PRESONUS QUANTUM HD 8 EU","","","","","",2,"เครื่อง",,"",0.00,"","           6"
"","","","P277-7706-614","FENDER QUANTUM LT 16","","","","","",1,"ตัว",,"",0.00,"","           6"
"","","","P277-9106-101","PRESONUS AIR10 LOUDSPEAKER","","","","","",1,"ตู้",,"",0.00
"","","","P277-9206-103","PRESONUS STUDIOLIVE AR8C MIXER","","","","","",1,"เครื่อง",,"",0.00
"","","","PM-CRODS","PROMARK COOL RODS","","","","","",3,"คู่",,"",0.00,"          86","          70"
"","","","PM-DSB1","PROMARK DELUXE STICK BAG DSB1","","","","","",1,"ใบ",,"",0.00,"          11","           6"
"","","","PM-DSB4","PROMARK STANDARD STICK BAG DSB4","","","","","",2,"ใบ",,"",0.00,"          28","          22"
"","","","PM-F5AAG","PROMARK FORWARD 5A ACTIVEGRIP ACORN","","","","","",9,"คู่",,"",0.00,"         101","         253"
"","","","PM-F5AFG","PROMARK FORWARD 5A FIREGRAIN","","","","","",6,"คู่",,"",0.00,"          16","         177"
"","","","PM-F7AAG","PROMARK FORWARD 7A ACTIVEGRIP ACORN","","","","","",3,"คู่",,"",0.00,"          12","          75"
"","","","PM-FBH565AW","PROMARK FORWARD 5A .565 ACORN WOOD","","","","","",7,"คู่",,"",0.00,"         144","          42"
"","","","PM-FBH580TW","PROMARK FORWARD BALANCE .580"","","","","","",3,"คู่",,"",0.00,"          30","          84"
"","","","PM-HRODS","PROMARK HOT RODS","","","","","",2,"คู่",,"",0.00,"         119","         111"
"","","","PM-JW1","PROMARK JIM WUNDERLICH MARIMBA SOFT","","","","","",3,"คู่",,"",0.00,"","           4"
"","","","PM-JW2","PROMARK JIM WUNDERLICH MARIMBA MEDIUM SOFT","","","","","",2,"คู่",,"",0.00,"","           4"
"","","","PM-JW3","PROMARK JIM WUNDERLICH MARIMBA MEDIUM","","","","","",6,"คู่",,"",0.00,"","           9"
"","","","PM-JW4","PROMARK JIM WUNDERLICH MARIMBA MEDIUM HARD","","","","","",6,"คู่",,"",0.00,"","           9"
"","","","PM-JW5","PROMARK JIM WUNDERLICH MARIMBA HARD","","","","","",2,"คู่",,"",0.00,"","           4"
"","","","PM-JW6R","PROMARK JIM WUNDERLICH VIBRAPHONE SOFT RATTAN","","","","","",2,"คู่",,"",0.00,"","           4"
"","","","PM-JW7R","PROMARK JIM WUNDERLICH VIBRAPHONE MEDIUM RATTAN","","","","","",5,"คู่",,"",0.00,"","           9"
"","","","PM-JW8R","PROMARK JIM WUNDERLICH VIBRAPHONE MEDIUM HARD","","","","","",5,"คู่",,"",0.00,"","           9"
"","","","PM-JW9R","PROMARK JIM WUNDERLICH VIBRAPHONE HARD RATTAN","","","","","",1,"คู่",,"",0.00,"","           4"
"","","","PM-KR","PROMARK KEY RING DRUM KEY","","","","","",2,"อัน",,"",0.00,"          30","          70"
"","","","PM-LA2BN","LA SPECIAL 2B NYLON TIP","","","","","",15,"คู่",,"",0.00,"         358","         271"
"","","","PM-LA2BW","LA SPECIAL 2B","","","","","",1,"คู่",,"",0.00,"       3,336","       1,694"
"","","","PM-LA5AN","LA SPECIAL 5A NYLON TIP","","","","","",9,"คู่",,"",0.00,"       2,964","       3,354"
"","หจก.ห้างดนตรีเบ๊เงียบเส็ง                                ","หน้า   :       75"
"","สินค้าคงเหลือ แยกตามคลังสินค้า    ","ณ วันที่  20 มิ.ย. 2569"
"","รหัสสินค้าจาก","001-01005-000     ","ถึง","เงินมัดจำลูกค","วันที่ : 20/06/2569"
"","คลัง","","รหัสสินค้า","ชื่อสินค้า","","","","","","  จำนวน","","ราคาต่อหน่วย","","มูลค่าคงเหลือ","ยอดค้างรับ","ยอดค้างส่ง"
"","","","PM-LA5AN-N","LA SPECIAL 5A NYLON TIP NO LOGO","","","","","",9,"คู่",,"",0.00
"","","","PM-LA5AW","LA SPECIAL 5A","","","","","",6,"คู่",,"",0.00,"      19,723","      10,072"
"","","","PM-LA5AW-3P","LA SPECIAL 5AW WOOD TIPS-3PAIRS","","","","","",1,"",,"",0.00,"          32","         351"
"","","","PM-LA5AW-N","LA SPECIAL 5A WOOD TIPS (NO LOGO)","","","","","",3,"คู่",,"",0.00
"","","","PM-LA5BN","LA SPECIAL 5B NYLON TIP","","","","","",4,"คู่",,"",0.00,"       1,817","       1,685"
"","","","PM-LA5BW","LA SPECIAL 5B","","","","","",25,"คู่",,"",0.00,"      19,041","      12,017"
"","","","PM-LA7AN","LA SPECIAL 7A NYLON TIP","","","","","",16,"คู่",,"",0.00,"       1,655","       1,730"
"","","","PM-LA7AW","LA SPECIAL 7A","","","","","",16,"คู่",,"",0.00,"       5,604","       4,598"
"","","","PM-LARSW","LA SPECIAL RHYTHM STICK","","","","","",8,"คู่",,"",0.00,"          66","          30"
"","","","PM-LRODS","PROMARK LIGHTHING RODS","","","","","",3,"คู่",,"",0.00,"           4","          71"
"","","","PM-MAILER5AW","PROMARK MAILER BUNDLE 5A","","","","","",1,"ชุด",,"",0.00,"           1","           1"
"","","","PM-OBD2","PROMARK OBD2","","","","","",1,"คู่",,"",0.00,"          12","          35"
"","","","PM-OBD4","PROMARK OBD4","","","","","",1,"คู่",,"",0.00,"          12","          36"
"","","","PM-PEDSB","PROMARK EVERYDAY STICK BAG","","","","","",2,"ใบ",,"",0.00,"          35","          32"
"","","","PM-PMBRM1","PROMARK BROOMSTICKS MEDIUM","","","","","",2,"คู่",,"",0.00,"           2","           3"
"","","","PM-PMHRB","PROMARK HYBRID ROD BAMBOO","","","","","",2,"คู่",,"",0.00,"           2","           1"
"","","","PM-PMHRN","PROMARK HYBRID ROD NYLON","","","","","",1,"คู่",,"",0.00,"           2","           1"
"","","","PM-PMNB2B","PM HVY NYLON BRUSHES 2B BLK","","","","","",1,"คู่",,"",0.00,"           3","           1"
"","","","PM-PMNB5B","PM HVY NYLON BRUSHES 5B YELLOW","","","","","",5,"คู่",,"",0.00,"           9","           1"
"","","","PM-PROHOOK","PROMARK SET OF 10 DISPLAY HOOKS","","","","","",1,"กล่อง",,"",0.00,"           4","           6"
"","","","PM-PROKITB","PROMARK DISPLAY SIGNAGE KIT B","","","","","",1,"อัน",,"",0.00,"           7","           5"
"","","","PM-PROLEGS","PROMARK SET OF 4 LEGS ATTACHED TO BIN","","","","","",1,"อัน",,"",0.00,"           4","           5"
"","","","PM-PROSH","PROMARK TOP SIGN HOLDER W/ 4 CLEAR LENS","","","","","",1,"อัน",,"",0.00,"           4","           6"
"","","","PM-PSMB3","PROMARK PSMB3","","","","","",1,"คู่",,"",0.00,"           5","           7"
"","","","PM-PW2BN","PROMARK OAK 2B NYLON TIP","","","","","",34,"คู่",,"",0.00,"","          24"
"","","","PM-PW2BN-O","PROMARK OAK 2B NYLON TIP","","","","","",20,"คู่",,"",0.00,"","          21"
"","","","PM-PW2BW-O","PROMARK OAK 2B WOOD TIP","","","","","",8,"คู่",,"",0.00,"","           9"
"","","","PM-PW2SW","PROMARK OAK TOMMY ALDRIDGE","","","","","",1,"คู่",,"",0.00
"","","","PM-PW515W","PROMARK PW515W JOEY JORDISON OAK","","","","","",2,"คู่",,"",0.00,"          53","         203"
"","","","PM-PW5AW","PROMARK OAK 5A WOOD TIP","","","","","",24,"คู่",,"",0.00,"          84","         277"
"","","","PM-PW5BN","PROMARK OAK 5B NYLON TIP","","","","","",6,"คู่",,"",0.00
"","","","PM-PW5BW","PROMARK OAK 5B WOOD TIP","","","","","",12,"คู่",,"",0.00,"          48","          77"
"","","","PM-PW747W","PROMARK PW747W NEIL PEART OAK WOOD TIP","","","","","",10,"คู่",,"",0.00,"          24","         100"
"","","","PM-PW747W-R40","PROMARK NEIL PEART LIMITED","","","","","",6,"คู่",,"",0.00,"","          18"
"","","","PM-R5AAG","PROMARK REBOUND 5A ACTIVEGRIP ACORN","","","","","",15,"คู่",,"",0.00,"         483","         422"
"","หจก.ห้างดนตรีเบ๊เงียบเส็ง                                ","หน้า   :       76"
"","สินค้าคงเหลือ แยกตามคลังสินค้า    ","ณ วันที่  20 มิ.ย. 2569"
"","รหัสสินค้าจาก","001-01005-000     ","ถึง","เงินมัดจำลูกค","วันที่ : 20/06/2569"
"","คลัง","","รหัสสินค้า","ชื่อสินค้า","","","","","","  จำนวน","","ราคาต่อหน่วย","","มูลค่าคงเหลือ","ยอดค้างรับ","ยอดค้างส่ง"
"","","","PM-R5ABAG","PM REBOUND 5AB ACTIVE GRIP HICKORY WOOD TIPS","","","","","",24,"คู่",,"",0.00,"          36","          16"
"","","","PM-R5ABFG","PM REBOUND 5AB FIREGRAIN HICKORY WOOD TIPS","","","","","",17,"คู่",,"",0.00,"          30","          18"
"","","","PM-R5AFG","PROMARK REBOUND 5A FIREGRAIN","","","","","",9,"คู่",,"",0.00,"         440","         459"
"","","","PM-R5AFG-4","PROMARK REBOUND 5A FIREGRAIN (4PAIRS)","","","","","",2,"",,"",0.00,"          75","          67"
"","","","PM-R5BAG","PROMARK REBOUND 5B ACTIVEGRIP ACORN","","","","","",14,"คู่",,"",0.00,"         270","          80"
"","","","PM-R5BFG","PROMARK REBOUND 5B FIREGRAIN","","","","","",8,"คู่",,"",0.00,"         212","         175"
"","","","PM-R5BFG-4","PROMARK REBOUND 5B FIREGRAIN (4PAIRS)","","","","","",4,"",,"",0.00,"          68","          38"
"","","","PM-R7AAG","PROMARK REBOUND 7A ACTIVEGRIP ACORN","","","","","",15,"คู่",,"",0.00,"         258","         177"
"","","","PM-R7AFG","PM REBOUND 7A FIREGRAIN WOOD TIPS","","","","","",2,"คู่",,"",0.00,"         120","          98"
"","","","PM-RBANW","PROMARK ANIKA NILLES SIGNATURE","","","","","",20,"คู่",,"",0.00,"         228","          92"
"","","","PM-RBBGBGW","PROMARK BOB GATZEN BALANCED GROOVE","","","","","",7,"คู่",,"",0.00,"","          31"
"","","","PM-RBCMW","PROMARK CARTER MCCLEAN SIGNATURE","","","","","",10,"คู่",,"",0.00,"          66","          70"
"","","","PM-RBH535AW","PROMARK REBOUND 7A RAW HICKORY WOOD TIP","","","","","",14,"คู่",,"",0.00,"          18","          13"
"","","","PM-RBH535TW","PROMARK REBOUND BALANCE 0.535"","","","","","",1,"คู่",,"",0.00,"          18","          78"
"","","","PM-RBH565AW","PROMARK REBOUND 5A .565 ACORN WOOD","","","","","",15,"คู่",,"",0.00,"         455","         106"
"","","","PM-RBH580AW","PM REBOUND 5AB HICKORY WOOD TIPS","","","","","",9,"คู่",,"",0.00,"          36","          36"
"","","","PM-RBH580TW","PROMARK REBOUND BALANCE 0.580"","","","","","",3,"คู่",,"",0.00,"","         102"
"","","","PM-RBH595AW","PROMARK REBOUND 5B WOOD TIPS","","","","","",23,"คู่",,"",0.00,"         235","         113"
"","","","PM-RBH595AW-4PF","PROMARK REBOUND 5B WOOD TIPS (3+ FIREGRAIN)","","","","","",3,"",,"",0.00,"         125","         138"
"","","","PM-RBH595TW","PROMARK REBOUND BALANCE 0.595"","","","","","",8,"คู่",,"",0.00,"","          84"
"","","","PM-RBHR535AW","PM REBOUND 7A RAW HICKORY WOOD TIPS","","","","","",16,"คู่",,"",0.00,"          84","         122"
"","","","PM-RBHR565AW","PM REBOUND 5A RAW HICKORY WOOD TIPS","","","","","",15,"คู่",,"",0.00,"         162","         169"
"","","","PM-RBHR595AW","PM REBOUND 5B RAW HICKORY WOOD TIPS","","","","","",39,"คู่",,"",0.00,"         204","         229"
"","","","PM-RBM535RW","PM REBOUND 7A MAPLE WOOD TIPS","","","","","",10,"คู่",,"",0.00,"          30","          43"
"","","","PM-RBM565RW","PM REBOUND 5A MAPLE WOOD TIPS","","","","","",14,"คู่",,"",0.00,"          60","          31"
"","","","PM-RBM595RW","PM REBOUND 5B MAPLE WOOD TIPS","","","","","",13,"คู่",,"",0.00,"          42","          62"
"","","","PM-RRODS","PROMARK ROCKET RODS","","","","","",8,"คู่",,"",0.00,"","           1"
"","","","PM-S22","PROMARK CYMBAL RATTER SIZZLER 22"","","","","","",2,"อัน",,"",0.00,"          26","          17"
"","","","PM-SD200","PROMARK STICK DEPOT SD200 HOLDS 2 PAIR","","","","","",3,"ชุด",,"",0.00,"          66","         121"
"","","","PM-SD330W","PROMARK SD330W TODD SUCHERMAN","","","","","",1,"คู่",,"",0.00,"          66","         103"
"","","","PM-SD400","PROMARK STICK DEPOT SD400 HOLDS 4 PAIR","","","","","",1,"ชุด",,"",0.00,"          46","          50"
"","","","PM-SD4W","PROMARK MAPLE BILL BRUFORD","","","","","",13,"คู่",,"",0.00,"          21","          79"
"","","","PM-SD531W","PROMARK MAPLE JASON BONHAM","","","","","",4,"คู่",,"",0.00,"           6","          13"
"","","","PM-SESB","PROMARK SILVER ESSENTIALS STICK BAG","","","","","",1,"ใบ",,"",0.00,"          16","          20"
"","","","PM-SRBLA","PROMARK STICK RAPP - BLACK","","","","","",11,"ชุด",,"",0.00,"          45","          92"
"","หจก.ห้างดนตรีเบ๊เงียบเส็ง                                ","หน้า   :       77"
"","สินค้าคงเหลือ แยกตามคลังสินค้า    ","ณ วันที่  20 มิ.ย. 2569"
"","รหัสสินค้าจาก","001-01005-000     ","ถึง","เงินมัดจำลูกค","วันที่ : 20/06/2569"
"","คลัง","","รหัสสินค้า","ชื่อสินค้า","","","","","","  จำนวน","","ราคาต่อหน่วย","","มูลค่าคงเหลือ","ยอดค้างรับ","ยอดค้างส่ง"
"","","","PM-SRBLU","PROMARK STICK RAPP - BLUE","","","","","",8,"ชุด",,"",0.00,"          22","          64"
"","","","PM-SRCR","PROMARK STICK RAPP - CHECK RED/BLACK","","","","","",1,"ชุด",,"",0.00,"","           1"
"","","","PM-SRODS","PORMARK STEALTH RODS","","","","","",3,"คู่",,"",0.00,"","           3"
"","","","PM-SRWHT","PROMARK STICK RAPP - WHITE","","","","","",1,"ชิ้น",,"",0.00,"           9","          26"
"","","","PM-TB3","PROMARK TELESCOPIC WIRE JAZZ BRUSH TB3","","","","","",2,"คู่",,"",0.00,"          74","          91"
"","","","PM-TS5","PROMARK TN STICK TS5","","","","","",5,"คู่",,"",0.00,"","          10"
"","","","PM-TS8","PROMARK SYS BLUE TENOR STICK NYLON TS8","","","","","",3,"คู่",,"",0.00,"          86","         148"
"","","","PM-TX2BN","PROMARK 2B NYLON TIP","","","","","",26,"คู่",,"",0.00,"         102","         232"
"","","","PM-TX2BW","PROMARK 2B","","","","","",3,"คู่",,"",0.00,"         678","       1,749"
"","","","PM-TX2BW-FG","PROMARK 2B WOOD TIPS FIRE GRAIN","","","","","",8,"คู่",,"",0.00,"          36","          96"
"","","","PM-TX2BXN","PROMARK HICKORY NYLON DAVE LOMBARDO","","","","","",25,"คู่",,"",0.00,"          12","          37"
"","","","PM-TX420N","PROMARK TX420N MIKE PORTNOY HICK NYLON TIP","","","","","",9,"คู่",,"",0.00,"         282","         370"
"","","","PM-TX515W","PROMARK TX515W JOEY JORDISON SIG WOOD","","","","","",1,"คู่",,"",0.00,"         119","         257"
"","","","PM-TX5ABW","PROMARK 5AB HICKORY WOOD TIP","","","","","",14,"คู่",,"",0.00,"          12","         315"
"","","","PM-TX5AN","PROMARK 5A NYLON TIP","","","","","",17,"คู่",,"",0.00,"         762","       1,739"
"","","","PM-TX5AW","PROMARK 5A","","","","","",34,"คู่",,"",0.00,"       7,724","       6,728"
"","","","PM-TX5AW-4P","PROMARK FORWARD 5A WOOD TIPS 4 PAIRS","","","","","",3,"",,"",0.00,"         753","         246"
"","","","PM-TX5AW-BL","PROMARK HICKORY CLASSIC 5A PAINT BLUE WOOD TIP","","","","","",1,"คู่",,"",0.00,"         168","         143"
"","","","PM-TX5AW-FG","PROMARK 5A WOOD TIPS FIRE GRAIN","","","","","",6,"คู่",,"",0.00,"         566","         503"
"","","","PM-TX5AW-GR","PROMARK HICKORY CLASSIC 5A PAINT GREEN WOOD TIP","","","","","",1,"คู่",,"",0.00,"         120","         126"
"","","","PM-TX5AW-GY","PROMARK HICKORY CLASSIC 5A PAINT GRAY WOOD TIP","","","","","",1,"คู่",,"",0.00,"         120","         110"
"","","","PM-TX5AW-OR","PROMARK HICKORY CLASSIC 5A PAINT ORANGE WOOD TIP","","","","","",2,"คู่",,"",0.00,"         180","         168"
"","","","PM-TX5AW-WH","PROMARK HICKORY CLASSIC 5A PAINT WHITE WOOD TIP","","","","","",1,"คู่",,"",0.00,"         138","         170"
"","","","PM-TX5AW-YL","PROMARK HICKORY CLASSIC 5A PAINT YELLOW WOOD TIP","","","","","",1,"คู่",,"",0.00,"         156","          92"
"","","","PM-TX5AXW","PROMARK CHRIS ADLER TX5AXW","","","","","",3,"คู่",,"",0.00,"          90","         117"
"","","","PM-TX5BGW","PROMARK BENNY GREB/ACRON TIP TX5BGW","","","","","",1,"คู่",,"",0.00,"          48","          66"
"","","","PM-TX5BN","PROMARK 5B NYLON TIP","","","","","",27,"คู่",,"",0.00,"         450","       1,216"
"","","","PM-TX5BW","PROMARK 5B","","","","","",19,"คู่",,"",0.00,"       6,668","       4,658"
"","","","PM-TX5BW-4","PROMARK HICKORY TX5BW 4 FOR 3 SPECIAL","","","","","",1,"",,"",0.00,"         188","         616"
"","","","PM-TX5BW-4P","PROMARK FORWARD 5B WOOD TIPS 4 PAIRS","","","","","",4,"",,"",0.00,"         830","         359"
"","","","PM-TX5BW-AG","PROMARK 5B WOOD TIPS ACTIVE GRIP","","","","","",1,"คู่",,"",0.00,"         150","         199"
"","","","PM-TX5BW-BL","PROMARK HICKORY CLASSIC 5B PAINT BLUE WOOD TIP","","","","","",1,"คู่",,"",0.00,"          66","          85"
"","","","PM-TX5BW-FG","PROMARK 5B WOOD TIPS FIRE GRAIN","","","","","",2,"คู่",,"",0.00,"         334","         366"
"","","","PM-TX5BW-GR","PROMARK HICKORY CLASSIC 5B PAINT GREEN WOOD TIP","","","","","",12,"คู่",,"",0.00,"          90","          73"
"","","","PM-TX5BW-OR","PROMARK HICKORY CLASSIC 5B PAINT ORANGE WOOD TIP","","","","","",6,"คู่",,"",0.00,"         105","         129"
"","หจก.ห้างดนตรีเบ๊เงียบเส็ง                                ","หน้า   :       78"
"","สินค้าคงเหลือ แยกตามคลังสินค้า    ","ณ วันที่  20 มิ.ย. 2569"
"","รหัสสินค้าจาก","001-01005-000     ","ถึง","เงินมัดจำลูกค","วันที่ : 20/06/2569"
"","คลัง","","รหัสสินค้า","ชื่อสินค้า","","","","","","  จำนวน","","ราคาต่อหน่วย","","มูลค่าคงเหลือ","ยอดค้างรับ","ยอดค้างส่ง"
"","","","PM-TX5BW-YL","PROMARK HICKORY CLASSIC 5B PAINT YELLOW WOOD TIP","","","","","",12,"คู่",,"",0.00,"         108","          91"
"","","","PM-TX5BXN","PROMARK HICKORY NYLON JASON BITTNER","","","","","",21,"คู่",,"",0.00,"          30","          52"
"","","","PM-TX707W","PROMARK TX707W SIMON PHILLIPS HICK WOOD","","","","","",6,"คู่",,"",0.00,"          60","          92"
"","","","PM-TX717W","PROMARK TX717W RICK LATHAM","","","","","",19,"คู่",,"",0.00,"          30","          99"
"","","","PM-TX718W","PROMARK 718 ACID JAZZ","","","","","",19,"คู่",,"",0.00,"          74","         146"
"","","","PM-TX721BW","PROMARK 721B MARCO MINNEMANN HICKORY","","","","","",7,"คู่",,"",0.00,"","           6"
"","","","PM-TX721W","PROMARK 721 MARCO MINNEMANN HICKORY","","","","","",18,"คู่",,"",0.00,"          24","          95"
"","","","PM-TX721W-O","PROMARK 721 MARCO MINNEMANN HICKORY","","","","","",3,"คู่",,"",0.00,"","           3"
"","","","PM-TX747BW","PROMARK 747B SUPER ROCK","","","","","",4,"คู่",,"",0.00,"          42","         114"
"","","","PM-TX747W","PROMARK TX747W ROCK HICKORY WOOD TIP","","","","","",9,"คู่",,"",0.00,"          18","          62"
"","","","PM-TX757W","PROMARK HICKORY NYLON RAY LUZIER","","","","","",7,"คู่",,"",0.00,"          12","          49"
"","","","PM-TX757W-O","PROMARK HICKORY NYLON RAY LUZIER","","","","","",1,"คู่",,"",0.00,"","           5"
"","","","PM-TX7AN","PROMARK 7A NYLON TIP","","","","","",11,"คู่",,"",0.00,"         642","       1,316"
"","","","PM-TX7AW","PROMARK 7A","","","","","",3,"คู่",,"",0.00,"       2,329","       3,669"
"","","","PM-TX7AW-4P","PROMARK FORWARD 7A WOOD TIPS 4 PAIRS","","","","","",3,"",,"",0.00,"         194","          41"
"","","","PM-TX7AW-FG","PROMARK 7A WOOD TIPS FIRE GRAIN","","","","","",2,"คู่",,"",0.00,"         288","         428"
"","","","PM-TX808LW","PROMARK HICKORY IAN PAICE","","","","","",4,"คู่",,"",0.00,"","          18"
"","","","PM-TX808W","PROMARK TX808W PAUL WERTICO","","","","","",6,"คู่",,"",0.00,"","           6"
"","","","PM-TX916W","PROMARK HICKORY ABE CUNNINGHAM","","","","","",9,"คู่",,"",0.00,"","          22"
"","","","PM-TXAFW","PROMARK ANTON FIG SIGNATURE STICK TXAFW","","","","","",20,"คู่",,"",0.00,"","          24"
"","","","PM-TXCPW","PROMARK HICKORY CARL PALMER","","","","","",2,"คู่",,"",0.00,"","           9"
"","","","PM-TXDC1W","PROMARK TXDC1W","","","","","",2,"คู่",,"",0.00,"         152","         195"
"","","","PM-TXDC27W","PROMARK SCOTT JOHNSON DC27 "SCOOTER"","","","","","",6,"คู่",,"",0.00,"          12","          13"
"","","","PM-TXDC50W","PROMARK SYSTEM BLUE WOOD TIP TXDC50W","","","","","",1,"คู่",,"",0.00,"          13","         173"
"","","","PM-TXDC52W","PROMARK SYSTEM BLUE WOOD TIP TXDC52W","","","","","",18,"คู่",,"",0.00,"           6","          30"
"","","","PM-TXGKAWW","PROMARK GLEN KOTCHE ACTIVE WAVE 570","","","","","",14,"คู่",,"",0.00,"          18","          58"
"","","","PM-TXJZN","PROMARK JAZZ HICKORY NYLON TIP","","","","","",4,"คู่",,"",0.00,"          42","          37"
"","","","PM-TXJZW","PROMARK TXJZW JAZZ ELVIN JONES HICKORY","","","","","",14,"คู่",,"",0.00,"          84","         179"
"","","","PM-TXJZW-O","PROMARK TXJZW JAZZ ELVIN JONES HICKORY","","","","","",1,"คู่",,"",0.00,"","           1"
"","","","PM-TXMLW","PM MIGUEL LAMAS SIGN","","","","","",6,"คู่",,"",0.00,"          66","          75"
"","","","PM-TXMP420XW","PROMARK 420X MIKE PORTNOY ACTIVE GRIP","","","","","",1,"คู่",,"",0.00,"         303","         489"
"","","","PM-TXPG2BW","PROMARK TXPG2BW HICKORY WITH PRO-GRIP","","","","","",38,"คู่",,"",0.00,"","          30"
"","","","PM-TXPG2BW-O","PROMARK TXPG2BW HICKORY WITH PRO-GRIP","","","","","",12,"คู่",,"",0.00,"","          12"
"","","","PM-TXPG5BW-O","PROMARK TXPG5BW HICKORY WITH PRO-GRIP","","","","","",7,"คู่",,"",0.00,"","           9"
"","","","PM-TXPG747W","PROMARK TXPG747W HICKORY WITH PRO-GRIP","","","","","",13,"คู่",,"",0.00,"","           1"
"","หจก.ห้างดนตรีเบ๊เงียบเส็ง                                ","หน้า   :       79"
"","สินค้าคงเหลือ แยกตามคลังสินค้า    ","ณ วันที่  20 มิ.ย. 2569"
"","รหัสสินค้าจาก","001-01005-000     ","ถึง","เงินมัดจำลูกค","วันที่ : 20/06/2569"
"","คลัง","","รหัสสินค้า","ชื่อสินค้า","","","","","","  จำนวน","","ราคาต่อหน่วย","","มูลค่าคงเหลือ","ยอดค้างรับ","ยอดค้างส่ง"
"","","","PM-TXPG747W-O","PROMARK TXPG2BW HICKORY WITH PRO-GRIP","","","","","",12,"คู่",,"",0.00,"","          28"
"","","","PM-TXR2BN","PROMARK NATURAL 2B NYLON TIP TXR2BN","","","","","",22,"คู่",,"",0.00,"","          20"
"","","","PM-TXR2BN-O","PROMARK NATURAL 2B NYLON TIP TXR2BN","","","","","",18,"คู่",,"",0.00,"","          18"
"","","","PM-TXR2BW","PROMARK 2B NATURAL TXR2BW","","","","","",20,"คู่",,"",0.00,"          24","          78"
"","","","PM-TXR5AN","PROMARK NATURAL 5A NYLON TIP TXR5AN","","","","","",15,"คู่",,"",0.00,"          57","         110"
"","","","PM-TXR5AW","PROMARK 5A NATURAL TXR5AW","","","","","",2,"คู่",,"",0.00,"         390","         803"
"","","","PM-TXR5BN","PROMARK NATURAL 5B NYLON TIP TXR5BN","","","","","",16,"คู่",,"",0.00,"          30","          62"
"","","","PM-TXR5BPW","PROMARK HICKORY PAT TORPEY","","","","","",7,"คู่",,"",0.00,"           6","          37"
"","","","PM-TXR5BW","PROMARK 5B NATURAL TXR5BW","","","","","",11,"คู่",,"",0.00,"         648","         836"
"","","","PM-TXR7AN","PROMARK 7A NATURAL NYLON TIP","","","","","",20,"คู่",,"",0.00,"          24","          41"
"","","","PM-TXR7AN-O","PROMARK 7A NATURAL NYLON TIP","","","","","",39,"คู่",,"",0.00,"","          39"
"","","","PM-TXR7AW","PROMARK 7A NATURAL WOOD TIP","","","","","",13,"คู่",,"",0.00,"          72","         102"
"","","","PM-TXRRW-AG","PROMARK RICH REDMOND AG SIGNATURE","","","","","",3,"คู่",,"",0.00,"          24","          19"
"","","","PM-TXSD9W","PROMARK HICKORY TEDDY CAMPBELL","","","","","",8,"คู่",,"",0.00,"          72","          98"
"","","","PT-101-C-14","PAISTE 101 14" CRASH","","","","","",2,"ใบ",,"",0.00,"         212","         124"
"","","","PT-101-C-16","PAISTE 101 16" CRASH","","","","","",2,"ใบ",,"",0.00,"         185","         133"
"","","","PT-101-H-14","PAISTE 101 HI HAT 14"","","","","","",5,"คู่",,"",0.00,"         279","         179"
"","","","PT-101-R-20","PAISTE 101 BRASS RIDE 20"","","","","","",1,"คู่",,"",0.00,"          28","          54"
"","","","PT-101-SET","PAISTE 101 SET 14" 16" 20"","","","","","",3,"ชุด",,"",0.00,"         113","          84"
"","","","PT-2002-C-16","PAISTE 2002 16" CRASH","","","","","",1,"ใบ",,"",0.00
"","","","PT-2002-C-17","PAISTE 2002 CRASH 17"","","","","","",1,"ใบ",,"",0.00,"           5","           6"
"","","","PT-2002-C-19","PAISTE 2002 19" CRASH","","","","","",1,"ใบ",,"",0.00,"           3","           4"
"","","","PT-2002-C-20","PAISTE 2002 20" CRASH","","","","","",1,"ใบ",,"",0.00,"           2","           2"
"","","","PT-2002-C-M16","PAISTE 2002 16" MEDIUM CRASH","","","","","",1,"ใบ",,"",0.00,"           2","           1"
"","","","PT-2002-C-P16","PAISTE 2002 POWER CRASH 16"","","","","","",1,"ใบ",,"",0.00
"","","","PT-2002-C-P18","PAISTE CYMBAL 2002 18" POWER CLASH","","","","","",1,"ใบ",,"",0.00,"           1","           1"
"","","","PT-2002-C-T17","PAISTE 2002 THIN  CRASH 17"","","","","","",1,"ใบ",,"",0.00,"           3","           3"
"","","","PT-2002-C-T18","PAISTE 2002 THIN  CRASH 18"","","","","","",1,"ใบ",,"",0.00,"           1","           3"
"","","","PT-2002-CN-18","PAISTE 2002 CHINA 18"","","","","","",1,"ใบ",,"",0.00,"           2","           4"
"","","","PT-2002-CN-20","PAISTE 2002 CHINA 20"","","","","","",1,"ใบ",,"",0.00,"           1"
"","","","PT-2002-H-13","PAISTE CYMBAL #2002 HI-HAT 13"","","","","","",1,"คู่",,"",0.00,"           1","           1"
"","","","PT-2002-H-H14","PAISTE 2002 HEAVY HIHAT 14"","","","","","",1,"คู่",,"",0.00,"           3","           4"
"","","","PT-2002-H-M14","PAISTE 2002 MEDIUM HI-HAT 14"","","","","","",1,"คู่",,"",0.00,"","           1"
"","","","PT-2002-H-S14","PAISTE #2002 SE HI-HAT 14"","","","","","",1,"คู่",,"",0.00,"           3","           3"
"","","","PT-2002-M18","PAISTE CYMBAL #2002 MEDIUM 18","","","","","",1,"ใบ",,"",0.00,"           1","           1"
"","หจก.ห้างดนตรีเบ๊เงียบเส็ง                                ","หน้า   :       80"
"","สินค้าคงเหลือ แยกตามคลังสินค้า    ","ณ วันที่  20 มิ.ย. 2569"
"","รหัสสินค้าจาก","001-01005-000     ","ถึง","เงินมัดจำลูกค","วันที่ : 20/06/2569"
"","คลัง","","รหัสสินค้า","ชื่อสินค้า","","","","","","  จำนวน","","ราคาต่อหน่วย","","มูลค่าคงเหลือ","ยอดค้างรับ","ยอดค้างส่ง"
"","","","PT-2002-R-20","PAISTE CYMBAL #2002 20"","","","","","",1,"ใบ",,"",0.00,"           4","           4"
"","","","PT-2002-R-22","PAISTE 2002 RIDE 22"","","","","","",1,"ใบ",,"",0.00,"           1","           1"
"","","","PT-2002-R-F18","PAISTE 2002 FLATRIDE 18"","","","","","",1,"ใบ",,"",0.00,"           1","           1"
"","","","PT-2002-S-12","PAISTE CYMBAL #2002 SPLASH 12"","","","","","",1,"ใบ",,"",0.00,"           1","           1"
"","","","PT-2002B-18","PAISTE 2002 BIG BEAT 18"","","","","","",1,"ใบ",,"",0.00,"           1","           5"
"","","","PT-2002B-19","PAISTE 2002 BIG BEAT 19"","","","","","",1,"ใบ",,"",0.00,"           2","           3"
"","","","PT-2002B-20","PAISTE 2002 BIG BEAT 20"","","","","","",1,"ใบ",,"",0.00,"           5","           7"
"","","","PT-2002E-C-20","2002 20" EXTREME CRASH","","","","","",1,"ตัว",,"",0.00,"           2","           1"
"","","","PT-201-C-14","PAISTE CYMBAL # 201 CRASH 14"","","","","","",4,"ใบ",,"",0.00,"          60","          70"
"","","","PT-201-C-16","PAISTE CYMBAL # 201 CRASH 16"","","","","","",2,"ใบ",,"",0.00,"         195","         195"
"","","","PT-201-CR-18","PAISTE CYMBAL # 201 CRASH RIDE 18"","","","","","",1,"ใบ",,"",0.00,"         118","         143"
"","","","PT-201-H-14","PAISTE CYMBAL # 201 HI HAT 14"","","","","","",5,"คู่",,"",0.00,"          68","         108"
"","","","PT-201-R-20","PAISTE CYMBAL # 201 RIDE 20"","","","","","",1,"ใบ",,"",0.00,"          16","          14"
"","","","PT-201-S-10","PAISTE CYMBAL # 201 SPLASH 10"","","","","","",2,"ใบ",,"",0.00,"          13","          45"
"","","","PT-201-SET","PAISTE 201 UNI. SET 14"HH/16"/20"","","","","","",1,"ชุด",,"",0.00,"          70","          61"
"","","","PT-502-R-20","PAISTE CYMBAL  #502 20"","","","","","",3,"ใบ",,"",0.00
"","","","PT-602-C-T16","PAISTE CYMBAL FO 602 THIN CRASH 16"","","","","","",1,"ใบ",,"",0.00,"           1","           2"
"","","","PT-602-C-T20","PAISTE CYMBAL FO 602 THIN CRASH 20","","","","","",1,"ใบ",,"",0.00,"           1","           1"
"","","","PT-602-H-H15","PAISTE FORMULA 602 HEAVY HIHAT 15"","","","","","",1,"ใบ",,"",0.00,"           2","           2"
"","","","PT-602-H-S15","PAISTE FO 602 SE HI HAT 15"","","","","","",1,"ใบ",,"",0.00,"           2","           2"
"","","","PT-602-H16","PAISTE FORMULA 602 HEAVY 16"","","","","","",1,"ใบ",,"",0.00,"           1","           1"
"","","","PT-602-H20","PAISTE FORMULA 602 HEAVY 20"","","","","","",1,"ใบ",,"",0.00,"           1","           1"
"","","","PT-602-M16","PAISTE FO 602 MEDIUM 16 "","","","","","",1,"ใบ",,"",0.00,"           1","           1"
"","","","PT-602-M17","PAISTE FO 602 MIDIUM 17"","","","","","",1,"ใบ",,"",0.00,"           1","           1"
"","","","PT-602-M18","PAISTE FO 602 MEDIUM 18"","","","","","",1,"ใบ",,"",0.00,"           2","           2"
"","","","PT-602-M19","PAISTE FO 602 MIDIUM 19"","","","","","",1,"ใบ",,"",0.00,"           1","           1"
"","","","PT-602-PT20","PAISTE FO 602 PAPERTHIN 20"","","","","","",1,"ใบ",,"",0.00
"","","","PT-602-R-F20","PAISTE CYMBAL FO 602 MED.FLAT RIDE 20"","","","","","",1,"ใบ",,"",0.00,"           1","           3"
"","","","PT-602-R-M20","PAISTE CYMBAL FO 602 MED.RIDE 20"","","","","","",1,"ใบ",,"",0.00,"           1","           2"
"","","","PT-602-R-TF20","PAISTE FO 602 THIN FLATRIDE 20"","","","","","",1,"ใบ",,"",0.00,"           1","           1"
"","","","PT-602-R-TF22","PAISTE FO 602 THIN FLATRIDE 22"","","","","","",1,"ใบ",,"",0.00,"           1","           1"
"","","","PT-602ME-C-16","PAISTE FO 602 MODERN ESSENTIALS CRASH 16"","","","","","",1,"ใบ",,"",0.00,"           3","           5"
"","","","PT-602ME-CN-18","PAISTE FO 602 MODERN ESSENTIALS CHINA 18"","","","","","",1,"ใบ",,"",0.00,"           1","           2"
"","","","PT-602ME-R-20","PAISTE FO 602 MODERN ESSENTIALS RIDE 20"","","","","","",1,"ใบ",,"",0.00,"           4","           2"
"","","","PT-802-R-H20","PAISTE CYMBAL # 802 PLUS 20" HEAVY RIDE","","","","","",1,"ใบ",,"",0.00
"","หจก.ห้างดนตรีเบ๊เงียบเส็ง                                ","หน้า   :       81"
"","สินค้าคงเหลือ แยกตามคลังสินค้า    ","ณ วันที่  20 มิ.ย. 2569"
"","รหัสสินค้าจาก","001-01005-000     ","ถึง","เงินมัดจำลูกค","วันที่ : 20/06/2569"
"","คลัง","","รหัสสินค้า","ชื่อสินค้า","","","","","","  จำนวน","","ราคาต่อหน่วย","","มูลค่าคงเหลือ","ยอดค้างรับ","ยอดค้างส่ง"
"","","","PT-900-C-16","PAISTE 900 16"CRASH","","","","","",1,"ใบ",,"",0.00,"           7","           7"
"","","","PT-900-C-17","PAISTE 900 17"CRASH","","","","","",2,"ใบ",,"",0.00,"           6","           7"
"","","","PT-900-C-18","PAISTE 900 18"CRASH","","","","","",1,"ใบ",,"",0.00,"           6","           7"
"","","","PT-900-C-19","PAISTE 900 19"CRASH","","","","","",1,"ใบ",,"",0.00,"           7","           7"
"","","","PT-900-C-20","PAISTE CYMBAL 900 CRASH 20"","","","","","",1,"ใบ",,"",0.00,"           3","           2"
"","","","PT-900-C-H16","PAISTE 900 HEAVY CRASH 16"","","","","","",2,"ใบ",,"",0.00,"           7","           7"
"","","","PT-900-C-H20","PAISTE 900 HEAVY CRASH 20"","","","","","",2,"ใบ",,"",0.00,"           3","           3"
"","","","PT-900-H-H15","PAISTE 900 15" HEAVY HI-HAT 15"","","","","","",2,"คู่",,"",0.00,"           6","           6"
"","","","PT-900-R-22","PAISTE 900 22" RIDE","","","","","",1,"ใบ",,"",0.00,"           3","           3"
"","","","PT-900-R-H20","PAISTE 900 HEAVY RIDE 20"","","","","","",1,"ใบ",,"",0.00,"           5","           4"
"","","","PT-900-R-H22","PAISTE 900 HEAVY RIDE 22"","","","","","",1,"ใบ",,"",0.00,"           2","           2"
"","","","PT-900-S-10","PAISTE CYMBAL 900 SPLASH 10"","","","","","",1,"ใบ",,"",0.00,"           5","           3"
"","","","PT-900-SET-H16","PAISTE 900 HEAVY SET EXT EVEN 14/18/20 +16","","","","","",1,"ชุด",,"",0.00,"           2","           1"
"","","","PT-900B-C-16","PAISTE COLOR SOUND 900 16" BLUE CRASH","","","","","",1,"ใบ",,"",0.00,"          11","           9"
"","","","PT-900B-C-17","PAISTE CYMBAL CS 900 BLUE CRASH 17"","","","","","",1,"ใบ",,"",0.00,"           3","           3"
"","","","PT-900B-C-19","PAISTE COLOR SOUND 900 19"BLUE CRASH","","","","","",1,"ใบ",,"",0.00,"           5","           6"
"","","","PT-900B-C-H-16","PAISTE COLOR SOUND 900 16" BLUE HEAVY CRASH","","","","","",1,"ใบ",,"",0.00,"           4","           3"
"","","","PT-900B-C-H19","PAISTE COLOR SOUND 900 19" BLUE HEAVY CRASH","","","","","",1,"ใบ",,"",0.00,"           1","           1"
"","","","PT-900B-H-H15","PAISTE COLOR SOUND 900 15" BLUE HEAVY HI-HAT","","","","","",1,"ใบ",,"",0.00,"           1","           1"
"","","","PT-900B-S-10","PAISTE COLOR SOUND 900 BLUE SPLASH 10","","","","","",1,"ใบ",,"",0.00,"           5","           2"
"","","","PT-900BK-C-20","PAISTE COLOR SOUND 900 BLACK CRASH 20"","","","","","",2,"ตัว",,"",0.00,"           2","           2"
"","","","PT-900BK-C-H19","PAISTE COLOR SOUND 900 BLACK CRASH HEAVY 19"","","","","","",1,"ตัว",,"",0.00,"           2","           2"
"","","","PT-900BK-C-H20","PAISTE COLOR SOUND 900 BLACK HEAVY CRASH 20"","","","","","",1,"ใบ",,"",0.00,"           5","           3"
"","","","PT-900BK-H-H15","PAISTE COLOR SOUND 900 BLACK HEAVY HI-HAT 15"","","","","","",2,"คู่",,"",0.00,"           2"
"","","","PT-900BK-R-20","PAISTE COLOR SOUND 900 BLACK RIDE 20"","","","","","",1,"ใบ",,"",0.00,"           2","           3"
"","","","PT-900BK-R-22","PAISTE COLOR SOUND 900 BLACK RIDE 22"","","","","","",2,"ใบ",,"",0.00,"           1"
"","","","PT-900P-C-17","PAISTE COLOR SOUND 900 PURPLE CRASH 17"","","","","","",1,"ใบ",,"",0.00,"           3","           2"
"","","","PT-900P-C-H18","PAISTE COLOR SOUND 900 PURPLE HEAVY CRASH 18"","","","","","",1,"ใบ",,"",0.00,"           2","           3"
"","","","PT-900P-H-14","PAISTE COLOR SOUND 900 PURPLE  HI-HAT 14"","","","","","",1,"คู่",,"",0.00,"           3","           3"
"","","","PT-900P-R-20","PAISTE COLOR SOUND 900 PURPLE RIDE 20"","","","","","",2,"ใบ",,"",0.00,"           2","           2"
"","","","PT-900P-R-H22","PAISTE COLOR SOUND 900 PURPLE HEAVY RIDE 22"","","","","","",1,"ใบ",,"",0.00,"           2","           1"
"","","","PT-900R-C-19","PAISTE COLOR SOUND 900 19" RED CRASH","","","","","",1,"ใบ",,"",0.00,"           5","           4"
"","","","PT-900R-C-20","PAISTE COLOR SOUND 900 20" RED CRASH","","","","","",1,"ใบ",,"",0.00,"           3","           3"
"","","","PT-900R-C-H20","PAISTE COLOR SOUND 900 RED HEAVY CRASH 20","","","","","",1,"ตัว",,"",0.00,"           2","           2"
"","","","PT-900R-H-14","PAISTE 900 RED 14" HI-HAT","","","","","",2,"คู่",,"",0.00,"           8","           7"
"","หจก.ห้างดนตรีเบ๊เงียบเส็ง                                ","หน้า   :       82"
"","สินค้าคงเหลือ แยกตามคลังสินค้า    ","ณ วันที่  20 มิ.ย. 2569"
"","รหัสสินค้าจาก","001-01005-000     ","ถึง","เงินมัดจำลูกค","วันที่ : 20/06/2569"
"","คลัง","","รหัสสินค้า","ชื่อสินค้า","","","","","","  จำนวน","","ราคาต่อหน่วย","","มูลค่าคงเหลือ","ยอดค้างรับ","ยอดค้างส่ง"
"","","","PT-900R-H-H14","PAISTE COLOR SOUND 900 RED HEAVY HI-HAT 14''","","","","","",2,"คู่",,"",0.00,"           7","           5"
"","","","PT-900R-R-H22","PAISTE COLOR SOUND 900 22" RED HEAVY RIDE","","","","","",1,"ใบ",,"",0.00,"           2","           2"
"","","","PT-900R-S-10","PAISTE COLOR SOUND 900 10" RED SPLASH","","","","","",1,"ใบ",,"",0.00,"          11","          11"
"","","","PT-A-C-M14","PAISTE ALPHA 14" MEDIUM CRASH","","","","","",12,"ใบ",,"",0.00,"","           3"
"","","","PT-AB-C-M18","PAISTE ALPHA BRILLIANT MEDIUM CRASH 18"","","","","","",2,"ใบ",,"",0.00
"","","","PT-AB-C-R16","PAISTE ALPHA BRILLIANT ROCK CRASH 16"","","","","","",1,"ใบ",,"",0.00,"","           1"
"","","","PT-AB-H-S14","PAISTE ALPHA BRILLIANT SE HIHAT 14"","","","","","",1,"ใบ",,"",0.00
"","","","PT-AB-R-FL20","PAISTE ALPHA BRILLIANT FULL RIDE 20"","","","","","",1,"ใบ",,"",0.00,"","           4"
"","","","PT-AB-R-R20","PAISTE ALPHA BRILLIANT ROCK  RIDE 20"","","","","","",1,"ใบ",,"",0.00,"           1","           2"
"","","","PT-AB-SET-MT18","PAISTE ALPHA BRILLIANT METAL SET 14/17/18/20","","","","","",1,"ชุด",,"",0.00,"","           6"
"","","","PT-AB-SET-U18","PAISTE ALPHA BRILLIANT UNIVERSAL SET 14/16/20 + 18","","","","","",1,"ชุด",,"",0.00,"           5","           4"
"","","","PT-ABO-R-22","PAISTE ALPHA BOOMER RIDE 22"","","","","","",1,"ใบ",,"",0.00,"           1","           2"
"","","","PT-AC-B20","PAISTE 20" CYMBAL BAG ECO BLACK","","","","","",3,"ใบ",,"",0.00,"           8","          22"
"","","","PT-AC-BW22","PAISTE 22" Prof. CYMBAL BAG BLACK/WHITE","","","","","",1,"ใบ",,"",0.00,"           4","           5"
"","","","PT-AC-PR","PAISTE CYMBAL PROTECTOR","","","","","",1,"ขวด",,"",0.00,"          36","          97"
"","","","PT-EP-B-F12","PAISTE CYMBAL E/P 12" FLANGER BELL","","","","","",2,"ใบ",,"",0.00
"","","","PT-EP-S-F12","PAISTE CYMBAL E/P 12" FLANGER SPLASH","","","","","",1,"ใบ",,"",0.00
"","","","PT-FO-C-14","PAISTE CYMBAL FORMULA 14"","","","","","",1,"ใบ",,"",0.00
"","","","PT-FO-R-20","PAISTE CYMBAL FORMULA 20"","","","","","",3,"ใบ",,"",0.00
"","","","PT-FO-S-10","PAISTE CYMBAL FORMULA 10"","","","","","",4,"ใบ",,"",0.00
"","","","PT-G-ML-M6","PAISTE GONG MALLET M6","","","","","",1,"อัน",,"",0.00,"           6","           4"
"","","","PT-GB-C-18","PAISTE CYMBAL GIANT BEAT 18"","","","","","",1,"ใบ",,"",0.00,"           2","           2"
"","","","PT-GB-R-20","PAISTE CYMBAL GIANT BEAT 20"","","","","","",1,"ใบ",,"",0.00,"","           4"
"","","","PT-GB-T20","PAISTE CYMBAL GIANT BEAT THIN 20"","","","","","",1,"ใบ",,"",0.00,"           1","           1"
"","","","PT-IN-C-14","PAISTE CYMBAL INNOVATIONS 14"","","","","","",1,"ใบ",,"",0.00
"","","","PT-IN-C-16","PAISTE CYMBAL INNOVATIONS 16"","","","","","",1,"ใบ",,"",0.00
"","","","PT-IN-R-20","PAISTE CYMBAL INNOVATIONS 20"","","","","","",1,"ใบ",,"",0.00
"","","","PT-M-C-D17","PAISTE MASTERS DARK CRASH 17"","","","","","",1,"ใบ",,"",0.00,"           4","           4"
"","","","PT-M-C-D20","PAISTE MASTERS CRASH 20"","","","","","",2,"ใบ",,"",0.00,"           5","           6"
"","","","PT-M-H-D14","PAISTE CYMBAL MASTERS DARK HI-HAT 14"","","","","","",1,"ตัว",,"",0.00,"           3","           6"
"","","","PT-M-R-D22","PAISTE CYMBAL MASTERS DARK RIDE 22","","","","","",2,"ตัว",,"",0.00,"           5","           5"
"","","","PT-M-R-DC22","PAISTE CYMBAL MASTERS DARK CRISP RIDE 22","","","","","",1,"ตัว",,"",0.00,"","           1"
"","","","PT-M-R-DF22","PAISTE MASTER DARK FLAT RIDE 22"","","","","","",1,"ใบ",,"",0.00,"           1","           1"
"","","","PT-M-R-DR22","PAISTE MASTER 22" DRY RIDE","","","","","",1,"ใบ",,"",0.00,"           2","           1"
"","","","PT-M-R-T24","PAISTE CYMBAL MASTERS 24" THIN","","","","","",1,"ใบ",,"",0.00,"           3","           2"
"","หจก.ห้างดนตรีเบ๊เงียบเส็ง                                ","หน้า   :       83"
"","สินค้าคงเหลือ แยกตามคลังสินค้า    ","ณ วันที่  20 มิ.ย. 2569"
"","รหัสสินค้าจาก","001-01005-000     ","ถึง","เงินมัดจำลูกค","วันที่ : 20/06/2569"
"","คลัง","","รหัสสินค้า","ชื่อสินค้า","","","","","","  จำนวน","","ราคาต่อหน่วย","","มูลค่าคงเหลือ","ยอดค้างรับ","ยอดค้างส่ง"
"","","","PT-M-R-XDR20","PAISTE Master 20" Extra Dry Ride 20"","","","","","",1,"ใบ",,"",0.00,"           1"
"","","","PT-M-R-XDR21","PAISTE Master 21" Extra Dry Ride 21"","","","","","",1,"ใบ",,"",0.00,"           1"
"","","","PT-M-R-XDR22","PAISTE Master 22" Extra Dry Ride 22"","","","","","",1,"ใบ",,"",0.00,"           2","           1"
"","","","PT-M-SW22","PAISTE MASTERS SWISS 22"","","","","","",1,"ใบ",,"",0.00,"","           1"
"","","","PT-M-XT19","PAISTE MASTERS 19" EXTRA THIN","","","","","",1,"ใบ",,"",0.00,"           1"
"","","","PT-M-XT20","PAISTE MASTERS 20" EXTRA THIN","","","","","",1,"ใบ",,"",0.00,"           1"
"","","","PT-P8T5N-H-S14","PAISTE PST3 NEW SOUND EDGE HATS 14","","","","","",1,"ใบ",,"",0.00
"","","","PT-PST3-B-16","PAISTE PST 3 16" BAND PAIR","","","","","",1,"คู่",,"",0.00,"          25"
"","","","PT-PST3-C-14","PAISTE CYMBAL # PST3 CRASH 14"","","","","","",2,"ใบ",,"",0.00,"          17","          10"
"","","","PT-PST3-C-16","PAISTE CYMBAL # PST3 CRASH 16"","","","","","",1,"ใบ",,"",0.00,"          44","           7"
"","","","PT-PST3-H-14","PAISTE CYMBAL # PST3 HI HAT 14"","","","","","",1,"คู่",,"",0.00,"          15","           7"
"","","","PT-PST3-R-20","PAISTE CYMBAL # PST3 RIDE 20"","","","","","",2,"ใบ",,"",0.00,"           8","           2"
"","","","PT-PST5-B-14","PAISTE PST5 BAND PAIR 14"","","","","","",1,"คู่",,"",0.00,"","           4"
"","","","PT-PST5-C-R16","PAISTE PST5 ROCK CRASH 16"","","","","","",1,"ใบ",,"",0.00,"           2","           2"
"","","","PT-PST5-C-R18","PAISTE PST 5 ROCK CRASH 18"","","","","","",1,"ใบ",,"",0.00,"           3","           5"
"","","","PT-PST5-C-T18","PAISTE CYMBAL PST 5 THIN CRASH 18"","","","","","",1,"ใบ",,"",0.00,"           2","           4"
"","","","PT-PST5-R-M20","PAISTE CYMBAL # PST5 MEDIUM RIDE 20"","","","","","",1,"ใบ",,"",0.00,"","           2"
"","","","PT-PST5-R-R20","PAISTE PST5 ROCK RIDE 20"","","","","","",2,"ใบ",,"",0.00,"           1","           1"
"","","","PT-PST5-S-10","PAISTE CYMBAL # PST5 SPLASH 10"","","","","","",1,"ใบ",,"",0.00,"           5","           7"
"","","","PT-PST5N-B-14","PAISTE PST5N NEW BAND PAIR 14"","","","","","",1,"คู่",,"",0.00,"           8","           3"
"","","","PT-PST5N-C-M14","PAISTE CYMBAL # PST5 NEW MEDIUM CRASH 14"","","","","","",1,"ใบ",,"",0.00,"           5","           1"
"","","","PT-PST5N-C-M16","PAISTE CYMBAL # PST5 NEW MEDIUM CRASH 16"","","","","","",2,"ใบ",,"",0.00,"          35","          24"
"","","","PT-PST5N-C-M18","PAISTE PST5 NEW MEDIUM CRASH 18"","","","","","",1,"ใบ",,"",0.00,"          29","           8"
"","","","PT-PST5N-C-R16","PAISTE PST5 NEW ROCK CRASH 16","","","","","",1,"ใบ",,"",0.00,"          32","          22"
"","","","PT-PST5N-C-R18","PAISTE PST5 NEW ROCK CRASH 18","","","","","",3,"ใบ",,"",0.00,"          10"
"","","","PT-PST5N-H-M14","PAISTE PST5 NEW MEDIUM HI HAT 14"","","","","","",2,"คู่",,"",0.00,"          12","          11"
"","","","PT-PST5N-H-R14","PAISTE PST5 NEW ROCK HI HAT 14"","","","","","",4,"คู่",,"",0.00
"","","","PT-PST5N-R-R20","PAISTE PST5 NEW ROCK RIDE 20"","","","","","",3,"ใบ",,"",0.00
"","","","PT-PST7-C-16","PAISTE PST7 CRASH 16"","","","","","",1,"ใบ",,"",0.00,"           4","           4"
"","","","PT-PST7-C-T16","PAISTE PST7 THIN CRASH 16"","","","","","",1,"ใบ",,"",0.00,"           1","           4"
"","","","PT-PST7-C-T18","PAISTE PST7 THIN CRASH 18"","","","","","",1,"ใบ",,"",0.00,"","           2"
"","","","PT-PST7-H-L14","PAISTE PST7 LIGHT HI-HAT 14"","","","","","",1,"คู่",,"",0.00,"           2","           9"
"","","","PT-PST7-R-20","PAISTE PST7 RIDE 20"","","","","","",1,"ใบ",,"",0.00,"           3","           3"
"","","","PT-PST7-R-H20","PAISTE PST7 HEAVY RIDE 20"","","","","","",1,"ใบ",,"",0.00,"","           1"
"","","","PT-PST7-R-L20","PAISTE PST7 LIGHT RIDE 20"","","","","","",1,"ใบ",,"",0.00,"","           2"
"","หจก.ห้างดนตรีเบ๊เงียบเส็ง                                ","หน้า   :       84"
"","สินค้าคงเหลือ แยกตามคลังสินค้า    ","ณ วันที่  20 มิ.ย. 2569"
"","รหัสสินค้าจาก","001-01005-000     ","ถึง","เงินมัดจำลูกค","วันที่ : 20/06/2569"
"","คลัง","","รหัสสินค้า","ชื่อสินค้า","","","","","","  จำนวน","","ราคาต่อหน่วย","","มูลค่าคงเหลือ","ยอดค้างรับ","ยอดค้างส่ง"
"","","","PT-PST7-S-10","PAISTE PST7 SPLASH 10"","","","","","",1,"ใบ",,"",0.00,"          10","          15"
"","","","PT-PST8-C-M18","PAISTE PST8 REFLECTOR MED CRASH 18"","","","","","",1,"ใบ",,"",0.00,"           2","           5"
"","","","PT-PST8-C-R16","PAISTE PST8 REFLECTOR ROCK CRASH 16"","","","","","",1,"ใบ",,"",0.00,"          12","           4"
"","","","PT-PST8-C-R17","PAISTE PST8 REFLECTOR ROCK CRASH 17"","","","","","",1,"ใบ",,"",0.00,"           4","           4"
"","","","PT-PST8-CN-R18","PAISTE PST8 REFLECTOR ROCK CHINA 18"","","","","","",1,"ใบ",,"",0.00,"           2","           2"
"","","","PT-PST8-H-S14","PAISTE PST8 REFLECTOR SOUND EDGE HATS 14"","","","","","",1,"คู่",,"",0.00,"           7","           7"
"","","","PT-PST8-R-R22","PAISTE PST8 REFLECTOR ROCK RIDE 22"","","","","","",1,"ใบ",,"",0.00
"","","","PT-PST8-S-R10","PAISTE PST8 REFLECTOR ROCK SPLASH 10"","","","","","",1,"ใบ",,"",0.00,"           3","           2"
"","","","PT-PST8-SET-CJ","PAISTE PST8 REFLECTOR CAJON SET 12/16","","","","","",1,"ชุด",,"",0.00,"           1","           4"
"","","","PT-PST8-SET-R","PAISTE PST8 REFLECTOR ROCK SET (14/16/20)","","","","","",1,"ชุด",,"",0.00,"           1"
"","","","PT-PSTX-C-F14","PSTX SWISS FLANGER  CRASH 14"","","","","","",1,"ใบ",,"",0.00,"           5","           6"
"","","","PT-PSTX-C-M20","PSTX 20" SWISS MEDIUM CRASH","","","","","",2,"ใบ",,"",0.00,"           6","           6"
"","","","PT-PSTX-C-T16","PSTX SWISS THIN CRASH 16"","","","","","",1,"ใบ",,"",0.00,"          11","          14"
"","","","PT-PSTX-C-T18","PSTX SWISS THIN CRASH 18"","","","","","",1,"ใบ",,"",0.00,"          10","          10"
"","","","PT-PSTX-CJ16","PSTX 16" CAJON","","","","","",1,"ใบ",,"",0.00,"           2","           2"
"","","","PT-PSTX-H-16","PSTX SWISS HATS 16"","","","","","",1,"ใบ",,"",0.00,"","           1"
"","","","PT-PSTX-ST-1210","PSTX 12/10 SPLASH STACK","","","","","",1,"ใบ",,"",0.00,"          10","           7"
"","","","PT-RUDE-B-SR14","PAISTE RUDE SHRED BELL 14"","","","","","",1,"ใบ",,"",0.00,"","           1"
"","","","PT-RUDE-BA20","PAISTE RUDE BASHER 20"","","","","","",1,"ใบ",,"",0.00,"","           1"
"","","","PT-RUDE-C-T17","PAISTE RUDE THIN CRASH 17"","","","","","",1,"ใบ",,"",0.00,"           4","           2"
"","","","PT-RUDE-C-T18","PAISTE RUDE THIN CRASH 18"","","","","","",1,"ใบ",,"",0.00,"           7","           6"
"","","","PT-RUDE-C-W17","PAISTE RUDE WILD CRASH 17"","","","","","",1,"ใบ",,"",0.00,"           3","           2"
"","","","PT-RUDE-CN-18","PAISTE RUDE CLASSIC 18" CHINA","","","","","",2,"ใบ",,"",0.00,"          30","          26"
"","","","PT-RUDE-CN-N18","PAISTE RUDE 18" NOVO CHINA","","","","","",1,"ใบ",,"",0.00,"           2","           4"
"","","","PT-RUDE-CN-W18","PAISTE RUDE WILD CHINA 18"","","","","","",1,"ใบ",,"",0.00,"           3","           5"
"","","","PT-RUDE-CR-16","PAISTE CYMBAL RUDE 16" C/R","","","","","",1,"ใบ",,"",0.00,"           2","           7"
"","","","PT-RUDE-CR-18","PAISTE CYMBAL RUDE 18" C/R","","","","","",1,"ใบ",,"",0.00,"          11","          11"
"","","","PT-RUDE-CR-19","PAISTE CYMBAL RUDE 19" C/R","","","","","",1,"ใบ",,"",0.00,"          12","           8"
"","","","PT-RUDE-CR-20","PAISTE RUDE CLASSIC RIDE CRASH 20"","","","","","",2,"ใบ",,"",0.00,"           3","           4"
"","","","PT-RUDE-H-S14","PAISTE RUDE CLASSIC SOUND EDGE HI HAT 14","","","","","",1,"ใบ",,"",0.00,"           1","           3"
"","","","PT-RUDE-R-P20","PAISTE RUDE CLASSIC 20" POWER RIDE","","","","","",1,"ใบ",,"",0.00,"           1","           3"
"","","","PT-SI-C-FL16","PAISTE CYMBAL SIGNATURE 16" FULL CRASH","","","","","",2,"ใบ",,"",0.00,"","           1"
"","","","PT-SI-C-FS17","PAISTE CYMBAL SIGNATURE 17" FAST CRASH","","","","","",1,"ใบ",,"",0.00,"           1","           1"
"","","","PT-SI-C-ME16","PAISTE SIGNATURE MELLOW CRASH 16"","","","","","",1,"ใบ",,"",0.00,"           4","           4"
"","","","PT-SI-C-ME17","PAISTE SIGNATURE MELLOW CRASH 17"","","","","","",1,"ใบ",,"",0.00,"           5","           6"
"","หจก.ห้างดนตรีเบ๊เงียบเส็ง                                ","หน้า   :       85"
"","สินค้าคงเหลือ แยกตามคลังสินค้า    ","ณ วันที่  20 มิ.ย. 2569"
"","รหัสสินค้าจาก","001-01005-000     ","ถึง","เงินมัดจำลูกค","วันที่ : 20/06/2569"
"","คลัง","","รหัสสินค้า","ชื่อสินค้า","","","","","","  จำนวน","","ราคาต่อหน่วย","","มูลค่าคงเหลือ","ยอดค้างรับ","ยอดค้างส่ง"
"","","","PT-SI-C-ME18","PAISTE SIGNATURE MELLOW CRASH 18"","","","","","",1,"ตัว",,"",0.00,"           4","           5"
"","","","PT-SI-C-P17","PAISTE SIGNATURE POWER CRASH 17"","","","","","",1,"ใบ",,"",0.00,"","           1"
"","","","PT-SI-C-P18","PAISTE SIGNATURE POWER CRASH 18"","","","","","",1,"ใบ",,"",0.00,"           1","           1"
"","","","PT-SI-CN-T18","PAISTE SIGNATURE THIN CHINA 18"","","","","","",1,"ใบ",,"",0.00,"           2","           1"
"","","","PT-SI-H-M14","PAISTE SIGNATURE MEDIUM HIHAT 14"","","","","","",1,"คู่",,"",0.00,"           5","           5"
"","","","PT-SI-R-DH22","PT SIGNATURE DRY HEAVY RIDE 22" MONAD","","","","","",1,"ใบ",,"",0.00,"           2","           1"
"","","","PT-SI-S-10","PAISTE CYMBAL SIGNATURE 10"","","","","","",1,"ใบ",,"",0.00,"           4","           4"
"","","","PT-SID-H-14","PAISTE SIGNATURE DARK ENERGY HAT 14"","","","","","",1,"คู่",,"",0.00,"           3","           6"
"","","","PT-SID1-C-18","PAISTE SIGNATURE DARK ENERGY CRASH MARK I 18"","","","","","",1,"ใบ",,"",0.00,"           4","           6"
"","","","PT-SIP-C-16","PAISTE SIGNATURE PRECISION CRASH 16"","","","","","",1,"ใบ",,"",0.00,"           1","           1"
"","","","PT-SIP-C-17","PAISTE SIGNATURE PRECISION CRASH 17"","","","","","",1,"ใบ",,"",0.00
"","","","PT-SIP-C-H16","PAISTE SIGNATURE PRECISION HEAVY CRASH 16"","","","","","",1,"ใบ",,"",0.00,"","           2"
"","","","PT-SIP-C-H18","PAISTE SIGNATURE PRECISION HEAVY CRASH 18"","","","","","",1,"ใบ",,"",0.00,"           1","           1"
"","","","PT-SIP-C-T16","PAISTE SIGNATURE PRECISION THIN CRASH 16"","","","","","",2,"ใบ",,"",0.00,"           1","           1"
"","","","PT-SIP-C-T18","PAISTE SIGNATURE PRECISION THIN CRASH 18"","","","","","",1,"ใบ",,"",0.00,"           2","           2"
"","","","PT-SIP-H-14","PAISTE SIGNATURE PRECISION HI-HAT 14"","","","","","",1,"คู่",,"",0.00
"","","","PT-SIP-H-H14","PAISTE SIGNATURE PRECISION HEAVY HI-HAT 14"","","","","","",1,"คู่",,"",0.00,"","           1"
"","","","PT-SIP-R-H20","PAISTE SIGNATURE PRECISION HEAVY RIDE 20"","","","","","",1,"ใบ",,"",0.00,"","           2"
"","","","PT-SIP-R-H22","PAISTE SIGNATURE PRECISION RIDE 22"","","","","","",1,"ใบ",,"",0.00
"","","","PT-SIR-C-HF19","PAISTE SIGNATURE REFLECTOR HEAVY FULL CRASH 19"","","","","","",1,"ใบ",,"",0.00,"           2","           1"
"","","","PT-SIR-H-H14","PAISTE REFLECTOR HEAVY HIHAT CUSTOM 14"","","","","","",1,"คู่",,"",0.00,"           1","           2"
"","","","PT-SIR-R-B22","PAISTE SIGNATURE REFLECTOR BELL RIDE 22"","","","","","",1,"ใบ",,"",0.00,"","           1"
"","","","PT-SIT-H-M14","PAISTE SIGNATURE TRADITIONAL MEDIUM HI-HAT 14"","","","","","",1,"คู่",,"",0.00,"           3","           4"
"","","","PT-TC-H-MT14","PAISTE TWENTY CUSTOM METAL HATS 14"","","","","","",1,"คู่",,"",0.00
"","","","PT-TM-R-C22","PAISTE CYMBAL TWENTY MASTERS CRISP RIDE 22"","","","","","",1,"ใบ",,"",0.00
"","","","PT-TM-R-DC20","PAISTE CYMBAL TWENTY MASTERS DRK CR1 RIDE 20"","","","","","",1,"ใบ",,"",0.00
"","","","PT-TM-R-DD20","PAISTE CYMBAL TWENTY MASTERS DARK DRY 20"","","","","","",2,"ใบ",,"",0.00,"","           1"
"","","","PT-TM-R-DK22","PAISTE CYMBAL TWENTY MASTERS DARK  RIDE 22"","","","","","",1,"ใบ",,"",0.00
"","","","PT-TW-CN-16","PAISTE TWENTY CHINA 16"","","","","","",1,"ใบ",,"",0.00
"","","","PW-AMSG-10","PLANET WAVE AM. STAGE INST CABLE 10"","","","","","",1,"เล่ม",,"",0.00,"          71","          86"
"","","","PW-AMSG-30","PLANET WAVE AM. STAGE INST CABLE 30"","","","","","",2,"อัน",,"",0.00,"          21","          54"
"","","","PW-AMSGRA-10","PLANET WAVE AM STAGE INST. CABLE R/A 10"","","","","","",1,"เล่ม",,"",0.00,"          79","          62"
"","","","PW-AMSGRA-15","PLANET WAVE AM STAGE INST. CABLE R/A 15"","","","","","",1,"เล่ม",,"",0.00,"          36","          42"
"","","","PW-AMSGRA-20","PLANET WAVE AM STAGE INST. CABLE R/A 20"","","","","","",1,"เล่ม",,"",0.00,"          22","          33"
"","","","PW-AMSM-10","PW AM STAGE MICROPHONE CABLE 10"","","","","","",1,"เล่ม",,"",0.00,"          10","           7"
"","หจก.ห้างดนตรีเบ๊เงียบเส็ง                                ","หน้า   :       86"
"","สินค้าคงเหลือ แยกตามคลังสินค้า    ","ณ วันที่  20 มิ.ย. 2569"
"","รหัสสินค้าจาก","001-01005-000     ","ถึง","เงินมัดจำลูกค","วันที่ : 20/06/2569"
"","คลัง","","รหัสสินค้า","ชื่อสินค้า","","","","","","  จำนวน","","ราคาต่อหน่วย","","มูลค่าคงเหลือ","ยอดค้างรับ","ยอดค้างส่ง"
"","","","PW-CGT-10","PW CLASSIC SERIES INSTR CABLE 10" S/S","","","","","",1,"ตัว",,"",0.00,"          46","         113"
"","","","PW-CGT-15","PW CLASSIC SERIES INSTR CABLE 15" S/S","","","","","",1,"เส้น",,"",0.00,"          31","          48"
"","","","PW-CGT-20","PW CLASSIC SERIES INSTR CABLE 20" S/S","","","","","",1,"เส้น",,"",0.00,"          10","          38"
"","","","PW-CGTP-305","PW CLASSIC SERIES INSTR CABLE 6" A/A (PK3)","","","","","",1,"ตัว",,"",0.00,"          19","          18"
"","","","PW-CGTRA-10","PW CLASSIC SERIES INSTR CABLE 10" S/A","","","","","",1,"เส้น",,"",0.00,"          50","          64"
"","","","PW-CGTRA-20","PW CLASSIC SERIES INSTR CABLE 20" S/A","","","","","",1,"เส้น",,"",0.00,"          52","          48"
"","","","PW-CMIC-10","PW MICROPHONE CABLE 10" XLR-XLR","","","","","",1,"เส้น",,"",0.00,"         126","         255"
"","","","PW-CMIC-25","PW MICROPHONE CABLE 25" XLR-XLR","","","","","",1,"เส้น",,"",0.00,"          53","          97"
"","","","PW-CP-01","PLANET WAVE RATCHET CAPO","","","","","",1,"อัน",,"",0.00,"         103","         100"
"","","","PW-CP-02","PLANET WAVE NS PRO CAPO","","","","","",1,"อัน",,"",0.00,"         106","          87"
"","","","PW-CP-02S","PLANET WAVE NS PRO CAPO SILVER","","","","","",1,"อัน",,"",0.00,"          68","          45"
"","","","PW-CP-04","PLANET WAVE NS CLASSICAL PRO CAPO","","","","","",1,"อัน",,"",0.00,"          46","          77"
"","","","PW-CP-07","PLANET WAVE NS CAPO LITE","","","","","",1,"อัน",,"",0.00,"         252","         402"
"","","","PW-CT-17BK","PLANET WAVE ECLIPSE TUNER BLACK","","","","","",1,"อัน",,"",0.00,"         158","         458"
"","","","PW-DP0002W","PLANET WAVE DP0002 GUITAR PRO WINDER WHITE","","","","","",1,"อัน",,"",0.00,"          71","          23"
"","","","PW-HDS","PLANET WAVE THE HEADSTAND","","","","","",1,"อัน",,"",0.00,"          33","          38"
"","","","PW-LMN","PLANET WAVE LEMON OIL CLEANER","","","","","",3,"อัน",,"",0.00,"         438","       1,599"
"","","","PW-PL-01","PW RESTORE DETAILER CREAM POLISH","","","","","",4,"อัน",,"",0.00,"         186","         101"
"","","","PW-PL-02","PLANET WAVE LIQUID CARNAUBO WAX","","","","","",2,"อัน",,"",0.00,"         103","         244"
"","","","PW-XPNDPB-01","DD PLANETWAVE EXPANDING SINGLE ROW PEDALBOARD","","","","","",1,"ตัว",,"",0.00,"          17","           6"
"","","","PW-XPNDPB-02","DD PLANETWAVE EXPANDING DOUBLE ROW PEDALBOARD","","","","","",2,"อัน",,"",0.00,"           7","           3"
"","","","Q09-0001-62814","SPM-TCE/7E33601101","","","","","",4,"อัน",211.96,"",847.84
"","","","Q09-0001-62933","SPM-TCE/7E34004211","","","","","",13,"อัน",163.51,"",2125.63
"","","","Q09-0001-63004","SPM-TCE/7E348408111","","","","","",2,"อัน",476.91,"",953.82
"","","","Q09-0001-63022","SPM-TCE/7E49000231","","","","","",2,"อัน",493.06,"",986.12
"","","","Q09-0001-63077","SPM-TCE/7E52201801","","","","","",1,"อัน",163.51,"",163.51
"","","","Q09-0001-63253","SPM-TCE/7E58204512","","","","","",4,"อัน",163.51,"",654.04
"","","","Q09-0001-63289","SPM-TCE/7E59700101","","","","","",1,"อัน",163.51,"",163.51
"","","","Q09-0001-63420","SPM-TCE/7E84011013","","","","","",1,"อัน",1562.45,"",1562.45
"","","","Q09-0001-63422","SPM-TCE/7E84011111","","","","","",1,"อัน",1874.84,"",1874.84
"","","","Q09-0001-63423","SPM-TCE/7E84011211","","","","","",1,"อัน",2376.47,"",2376.47
"","","","Q09-0001-63434","SPM-TCE/7E84112001","","","","","",1,"อัน",458.24,"",458.24
"","","","SK-AXP1000","SAKAE SINGLE BASS DRUM PEDAL AXP1000","","","","","",1,"ตัว",,"",0.00,"           3","           2"
"","","","SK-HS-200D","SAKAE HI-HAT STAND","","","","","",2,"อัน",,"",0.00,"","           1"
"","","","SK-SD1455MA/M-T","SAKAE SD1455MA/M-TC","","","","","",1,"ใบ",,"",0.00,"           1"
"","หจก.ห้างดนตรีเบ๊เงียบเส็ง                                ","หน้า   :       87"
"","สินค้าคงเหลือ แยกตามคลังสินค้า    ","ณ วันที่  20 มิ.ย. 2569"
"","รหัสสินค้าจาก","001-01005-000     ","ถึง","เงินมัดจำลูกค","วันที่ : 20/06/2569"
"","คลัง","","รหัสสินค้า","ชื่อสินค้า","","","","","","  จำนวน","","ราคาต่อหน่วย","","มูลค่าคงเหลือ","ยอดค้างรับ","ยอดค้างส่ง"
"","","","SM-6106","POCKET TRUSS ROD WRENCHED FOR 5/16" GIBSON NUT","","","","","",1,"อัน",,"",0.00
"","","","TE-000CAR00","TC ELECTRONIC BLOOD MOON PHASER","","","","","",1,"เครื่อง",,"",0.00,"           6","          10"
"","","","TE-000CAS00","TC ELECTRONIC CINDERS OVERDRIVE","","","","","",1,"เครื่อง",,"",0.00,"          11","          26"
"","","","TE-000CAW00","TC ELECTRONIC RUSH BOOSTER","","","","","",1,"เครื่อง",,"",0.00,"          15","          12"
"","","","TE-000CAX00","TC ELECTRONIC RUSTY FUZZ","","","","","",1,"เครื่อง",,"",0.00,"           4","          11"
"","","","TE-960610005","TC NOVA DELAY","","","","","",1,"ตัว",,"",0.00
"","","","TE-960700001","TC CORONA CHORUS","","","","","",3,"ตัว",,"",0.00,"          26","          31"
"","","","TE-960710001","TC MOJO MOJO OVERDRIVE","","","","","",1,"ตัว",,"",0.00,"          21","          32"
"","","","TE-960801001","TC DITTO LOOPER","","","","","",1,"ตัว",,"",0.00,"          19","          60"
"","","","TE-960806001","TC ELECTRONIC FLASHBACK MINI DELAY","","","","","",1,"ตัว",,"",0.00,"          31","          32"
"","","","TE-960809001","TC ELECTRONIC SHAKER MINI VIBROTO","","","","","",1,"ตัว",,"",0.00,"           1","           2"
"","","","TE-960811005","TC ELECTRONIC ALTER EGO X4","","","","","",1,"ตัว",,"",0.00,"","          14"
"","","","TE-960813001","TC HYPERGRAVITY COMPRESSOR","","","","","",1,"ตัว",,"",0.00,"           8","          15"
"","","","TE-960814001","TC SPECTRA COMP BASS COMPRESSOR","","","","","",1,"ตัว",,"",0.00,"           5","           8"
"","","","TE-960819005","TC BODYREZ","","","","","",1,"ตัว",,"",0.00,"           4","           8"
"","","","TE-960821001","TC BONAFIDE BUFFER","","","","","",2,"เครื่อง",,"",0.00,"           6","          19"
"","","","TE-960823001","TC ELECTRONIC FLASHBLACK II DELAY & LOOPER","","","","","",1,"ตัว",,"",0.00,"          41","          41"
"","","","TE-960825001","TC HYPERGRAVITY MINI COMPRESSOR","","","","","",1,"ตัว",,"",0.00,"           2","           9"
"","","","TE-960830001","TC VISCOUS VIBE","","","","","",1,"ตัว",,"",0.00,"","           8"
"","","","TE-960840001","TC DITTO STEREO LOOPER","","","","","",1,"ตัว",,"",0.00,"          17","          22"
"","","","TE-960900005","TC FLASHBACK X4","","","","","",1,"ตัว",,"",0.00,"           3","          17"
"","","","TE-966100001","TC POLYTUNE MINI","","","","","",1,"ตัว",,"",0.00,"           7","          30"
"","","","TE-966111001","TC POLYTUNE CLIP","","","","","",1,"ตัว",,"",0.00,"         189","         492"
"","","","TE-966111101","TC POLYTUNE CLIP BLACK","","","","","",3,"ตัว",,"",0.00,"         206","         346"
"","","","TE-996006005","TC HELICON VOICETONE C1","","","","","",1,"ตัว",,"",0.00,"          74","          30"
"","","","TE-996010005","TC ELECTRONIC VOICETONE X1","","","","","",1,"ตัว",,"",0.00,"           4","           7"
"","","","TE-996011005","TC ELECTRONIC HELICON VOICETONE E1","","","","","",1,"เครื่อง",,"",0.00,"           7","          13"
"","","","TE-996012005","TC HELICON VOICETONE H1","","","","","",1,"ตัว",,"",0.00,"           8","          28"
"","","","TE-996356005","TC VOICELIVE PLAY","","","","","",6,"เครื่อง",,"",0.00,"          36","          31"
"","","","TE-996371001","TC HARMONY SINGER 2","","","","","",1,"ตัว",,"",0.00,"         129","         418"
"","","","TE-D9M00","TC PLETHORA X5","","","","","",1,"เครื่อง",,"",0.00,"          37","          20"
"","","","TE-DHQ0000010","TC POLYTUNE 3 MINI","","","","","",1,"อัน",,"",0.00,"          55","          44"
"","","","TE-DI10000010","TC BRAINWAVES PITCH SIFTER","","","","","",1,"อัน",,"",0.00,"           2","          14"
"","","","TE-DPE00","TC GO GUITAR PRO","","","","","",1,"เครื่อง",,"",0.00,"           9","          13"
"","","","TE-DPG00","TC ELECTRONIC GO TWIN","","","","","",1,"เครื่อง",,"",0.00,"           9","          12"
"","หจก.ห้างดนตรีเบ๊เงียบเส็ง                                ","หน้า   :       88"
"","สินค้าคงเหลือ แยกตามคลังสินค้า    ","ณ วันที่  20 มิ.ย. 2569"
"","รหัสสินค้าจาก","001-01005-000     ","ถึง","เงินมัดจำลูกค","วันที่ : 20/06/2569"
"","คลัง","","รหัสสินค้า","ชื่อสินค้า","","","","","","  จำนวน","","ราคาต่อหน่วย","","มูลค่าคงเหลือ","ยอดค้างรับ","ยอดค้างส่ง"
"","","","TE-GO-XLR","TC GO XLR","","","","","",1,"เครื่อง",,"",0.00,"          35","          28"
"","","","TE-H0103","TC ELECTRONIC POWER PLUG 12","","","","","",2,"ตัว",,"",0.00,"           7","          13"
"","","","TE-H0104","TC ELECTRONIC GO VOCAL INTERFACE","","","","","",1,"เครื่อง",,"",0.00,"           9","           9"
"","","","TE-H0107","TC MCA 100 MIC CONTROL ADAPTOR","","","","","",1,"ตัว",,"",0.00,"           9","          14"
"","","","TE-H0110","TC TUBE PIVOT OD","","","","","",1,"ตัว",,"",0.00,"          11","           8"
"","","","TE-H0111","TC JUNE 60 V2","","","","","",2,"ตัว",,"",0.00,"           7","           6"
"","","","TE-M01002","TC ELECTRONIC GLR","","","","","",1,"ตัว",,"",0.00,"           4","           9"
"","","","TE-M01003","TC ELECTRONIC GLT","","","","","",2,"เครื่อง",,"",0.00,"          14","          11"
"","","","TE-M01004","TC ELECTRONIC DITTO + LOOPER","","","","","",1,"เครื่อง",,"",0.00,"           9","           8"
"","","","TE-M01005","TC HALL OF FAME 2X4","","","","","",1,"เครื่อง",,"",0.00,"           2","           2"
"","","","TE-M01006","TC MOJO MOJO PAUL GILBERT EDITION","","","","","",1,"เครื่อง",,"",0.00,"          11","           6"
"","","","TE-M01010","TC INFINITE SAMPLE SUSTAINER","","","","","",1,"เครื่อง",,"",0.00,"           6","           5"
"","","","TE-M01012","TC ELECTRONIC JIM45 PREAMP","","","","","",1,"ตัว",,"",0.00,"           2"
"","","","TE-M01019","TC GO XLR MINI","","","","","",1,"ตัว",,"",0.00,"           1","           1"
"","","","TE-M01020","TC ELECTRONIC DITTO JAM X2 LOOPER","","","","","",1,"ตัว",,"",0.00,"           2","           2"
"","","","TE-M01021","TC ELECTRONIC CHOKA TREMOLO","","","","","",1,"ตัว",,"",0.00,"           1","           1"
"","","","TE-M01022","TC ELECTRONIC HONEY POT FUZZ","","","","","",1,"ตัว",,"",0.00,"           3","           3"
"","","","TE-M03001","TC ELECTRONIC EL CAMBO","","","","","",1,"เครื่อง",,"",0.00,"           3","           5"
"","","","TE-M03004","TC EYEMASTER METAL DISTORTION","","","","","",1,"เครื่อง",,"",0.00,"           4","           4"
"","","","VP-ADAPTOR-12V","VIPER ADAPTOR 12V FOR LP350, KROME EX","","","","","",3,"อัน",490.00,"",1470.00
"","","","VP-ADAPTOR-15V","VIPER ADAPTOR 15V FOR B2,XE20","","","","","",2,"อัน",680.00,"",1360.00
"","","","VP-ADAPTOR-19V","VIPER ADAPTOR 19V FOR LP-380","","","","","",8,"อัน",665.00,"",5320.00
"","","","VP-ADAPTOR-24V","VIPER ADAPTOR 24V FOR C1,G1","","","","","",5,"อัน",720.00,"",3600.00
"","","","VP-ADAPTOR-9V","VIPER ADAPTOR 9V FOR KROSS, MICROKORG","","","","","",4,"อัน",320.00,"",1280.00
"","","","VP-ADAPTOR-9VR","VIPER ADAPTOR 9V FOR HEADRUSH","","","","","",2,"อัน",,"",0.00,"           5"
"","","","","","","","","","","---------------","","---------------","","---------------","---------------","---------------"
"","รวมคลัง","","01",3066,"สินค้า","","","","",22597,"",7.48,"",168933.80,611179,659533
"","","","","","","","","","","===============","","===============","","===============","===============","==============="
"","02","PRODUCT WITH PROBLEM"
"","","","001-08384","FENDER AMP.SUPER CHAMP XD","","","","","",1,"ตู้",,"",0.00
"","","","001-14673","FENDER ECONOMY J.BASS/P.BASS MOLDED CASE","","","","","",1,"ใบ",,"",0.00
"","","","002-01051","KORG KEYBOARD PA-50","","","","","",1,"เครื่อง",,"",0.00
"","","","002-01069","KORG KEYBOARD X-50 61 KEYS","","","","","",1,"เครื่อง",,"",0.00
"","","","002-03035","KORG VOX EFFECT TONELAB","","","","","",1,"เครื่อง",,"",0.00
"","","","002-03044","KORG VOX CT-03BT BRIT BOOST","","","","","",1,"เครื่อง",,"",0.00
"","หจก.ห้างดนตรีเบ๊เงียบเส็ง                                ","หน้า   :       89"
"","สินค้าคงเหลือ แยกตามคลังสินค้า    ","ณ วันที่  20 มิ.ย. 2569"
"","รหัสสินค้าจาก","001-01005-000     ","ถึง","เงินมัดจำลูกค","วันที่ : 20/06/2569"
"","คลัง","","รหัสสินค้า","ชื่อสินค้า","","","","","","  จำนวน","","ราคาต่อหน่วย","","มูลค่าคงเหลือ","ยอดค้างรับ","ยอดค้างส่ง"
"","","","002-03054","KORG EFFECTOR AX-5G","","","","","",1,"เครื่อง",,"",0.00
"","","","002-03074","KORG PANDORA PX-MINI BLACK","","","","","",1,"เครื่อง",,"",0.00
"","","","002-11072","VOX AMP. GUITAR NT2H (HEAD)","","","","","",1,"ตู้",,"",0.00
"","","","002-AP2-BS","VOX AMPLUG V2 BASS","","","","","",1,"ตัว",,"",0.00,"           3"
"","","","003-01014","ALESIS DRUM MODULE DM-10","","","","","",1,"เครื่อง",,"",0.00
"","","","003-03007","ALESIS EFFECT MICROVERB IV","","","","","",4,"เครื่อง",,"",0.00
"","","","003-03055","ALESIS COMP/LIMITER 3632","","","","","",1,"เครื่อง",,"",0.00
"","","","003-04018","ALESIS Q25 NOTE USB/MIDI CONTROLLER","","","","","",1,"เครื่อง",,"",0.00
"","","","003-05001","ALESIS EFFECT GUITAR FX","","","","","",1,"เครื่อง",,"",0.00
"","","","006-02002","EMG BASS PICKUP PJ SET","","","","","",1,"ชุด",,"",0.00
"","","","006-02005","EMG BASS PICKUP 35P4 (4 STRING)","","","","","",1,"ชุด",,"",0.00
"","","","032-04001","SAMSON EXPEDITION SPEAKER EX-10","","","","","",1,"ตู้",,"",0.00
"","","","032-04015","SAMSON LIVE L-612M 2WAY ACTIVE MONITOR","","","","","",1,"ตู้",,"",0.00
"","","","032-04023","SAMSON EXPEDITION XP308I PA SYSTEM 8"","","","","","",1,"ชุด",,"",0.00
"","","","032-08017","SAMSON ACTIVE MONITOR STUDIO GT USB","","","","","",1,"คู่",,"",0.00
"","","","032-10551","SAMSON Q7 NEODYMIUM DYN VOCAL MIC","","","","","",2,"ตัว",,"",0.00
"","","","032-14005","SAMSON C02 SINGLE PENCIL CONDENSOR MIC","","","","","",1,"ตัว",,"",0.00
"","","","032-16002","SAMSON TS-100 HEAVY DUTY SPEAKER STAND","","","","","",2,"คู่",,"",0.00
"","","","032-16009","SAMSON SB100 STUDIO BOOM STAND","","","","","",1,"ชุด",,"",0.00
"","","","043-05006-3AW","EPIPHONE LP CUSTOM A.WHITE","","","","","",1,"ตัว",,"",0.00
"","","","043-05007-2EB","EPIPHONE LES PAUL LP-100 EBONY","","","","","",1,"ตัว",,"",0.00
"","","","043-05007-2HS","EPIPHONE LP-100 H.CHERRY BURST","","","","","",1,"ตัว",,"",0.00
"","","","043-05007-2VS","EPIPHONE LP-100 V.SUNBURST","","","","","",1,"ตัว",,"",0.00
"","","","043-05021-2AW","EPIPHONE LTD ED.G-400 ALPHINE WHITE","","","","","",1,"ตัว",,"",0.00
"","","","043-05062-TB","EPIPHONE BASS THUNDERBIRD PR0 IV BLACK","","","","","",1,"ตัว",,"",0.00
"","","","043-05064-VS","EPIPHONE BASS VIOLA VINTAGE SUNBURST","","","","","",1,"ตัว",,"",0.00
"","","","043-05080","EP. GIG BAG 940-EPIGIG PREMIUM ELECTRIC GUITAR","","","","","",1,"ใบ",,"",0.00
"","","","043-05092-VS","EPIPHONE ACOUSTIC EJ-200SCE VIN.SUNBURST","","","","","",3,"ตัว",,"",0.00
"","","","043-05093-HC","EPIPHONE HUMMING BIRD PRO HERT.CHERRYBURST","","","","","",4,"ตัว",,"",0.00
"","","","043-05114-VS","EPIPHONE ACOUSTIC DR-100 VINT.SUNBURST","","","","","",1,"ตัว",,"",0.00
"","","","043-05120-VS","EP. A/E MASTERBILT DR-500MCE V.SUNBURST","","","","","",1,"ตัว",,"",0.00
"","","","043-05125-NA","EPIPHONE PRO-1 ACOUSTIC NATURAL","","","","","",1,"ตัว",,"",0.00
"","","","043-05331-CH","EP SG SPECIAL VE CHERRY","","","","","",1,"ตัว",,"",0.00
"","","","043-20002","GIBSON STRING SEG-700UL BRITE WIRES 09/42","","","","","",1,"ชุด",,"",0.00
"","","","043-20003","GIBSON STRING SEG-700L BRITE WIRES 10/46","","","","","",19,"ชุด",,"",0.00
"","หจก.ห้างดนตรีเบ๊เงียบเส็ง                                ","หน้า   :       90"
"","สินค้าคงเหลือ แยกตามคลังสินค้า    ","ณ วันที่  20 มิ.ย. 2569"
"","รหัสสินค้าจาก","001-01005-000     ","ถึง","เงินมัดจำลูกค","วันที่ : 20/06/2569"
"","คลัง","","รหัสสินค้า","ชื่อสินค้า","","","","","","  จำนวน","","ราคาต่อหน่วย","","มูลค่าคงเหลือ","ยอดค้างรับ","ยอดค้างส่ง"
"","","","043-20052","GIBSON STRING SAG-MB11 MASTERBUILT 11-52","","","","","",7,"ชุด",,"",0.00
"","","","046-01025-FRD","STERLING CUTLASS CT-30 SSS FIESTA RED","","","","","",1,"ตัว",,"",0.00
"","","","046-02003-HB","STERLING SUB RAY 4 HONEYBURST","","","","","",1,"ตัว",,"",0.00
"","","","050-04034","THAI GUITAR BAG FOR JAZZMASTER/JAGUAR","","","","","",1,"ตัว",,"",0.00
"","","","BS-BA102029","BLACKSTAR FLY BASS PACK MINI AMP","","","","","",1,"ชุด",,"",0.00
"","","","BS-BA144024","BLACKSTAR SUPER FLY ACTIVE CAB","","","","","",1,"ตู้",,"",0.00
"","","","CR-CCB520900","CRUSH CHAMELEON COMPLETE 5PC 22,10,12,16,14S BLACK","","","","","",1,"ชุด",,"",0.00
"","","","CR-DTR300","CRUSH 3" ROUND SEAT W/ LEADSCREW","","","","","",1,"ตัว",,"",0.00
"","","","EB-02720","ERNIE BALL COBALT POWER SLINKY 11/48","","","","","",4,"ชุด",,"",0.00
"","","","EB-02806","ERNIE BALL BASS FLAT WOUND III 045/100 S","","","","","",1,"ชุด",,"",0.00
"","","","F011-3900-700","FD AM PRO II STRAT RW 3TSB","","","","","",1,"ตัว",,"",0.00
"","","","F011-9100-770","FENDER AM DLX STRAT HSS RW SSM","","","","","",1,"ตัว",,"",0.00
"","","","F013-5760-355","FENDER DLX ACTIVE P.BASS SPECIAL RW BLIZZARD PEARL","","","","","",1,"ตัว",,"",0.00
"","","","F014-4553-552","FENDER PLAYER STRAT PLUS TOP PF TBS","","","","","",1,"ก้อน",,"",0.00
"","","","F022-0928-000","EVH STRAP CLASPS W/ EYE HOOKS","","","","","",1,"ชุด",,"",0.00
"","","","F023-4810-000","FENDER AMP.MINI DELUXE","","","","","",2,"ตู้",,"",0.00
"","","","F030-0574-500","SQ DELUXE ACTIVE JAZZ BASS IV SUNBURST","","","","","",1,"ตัว",,"",0.00
"","","","F030-1265-505","SQUIER VINT. MOD TELE DLX MN OWT","","","","","",1,"ตัว",,"",0.00
"","","","F030-6702-521","FENDER SQ VINTAGE 70 J.BASS NATURAL","","","","","",2,"ตัว",,"",0.00
"","","","F030-6760-521","FENDER SQ VINTAGE MOD. J.BASS V NATURAL","","","","","",1,"ตัว",,"",0.00
"","","","F032-9000-500","SQUIER VINT MOD JAGUAR BASS V 3TS","","","","","",1,"ตัว",,"",0.00
"","","","F037-0327-510","SQUIER CONT. STRAT HH ACT RW FLAT BLACK","","","","","",1,"ตัว",,"",0.00
"","","","F095-0816-021","FENDER FA-100 W/ GIGBAG","","","","","",2,"ตัว",,"",0.00
"","","","F096-1539-232","FENDER A.GUITAR CD-60 SUNBURST W/CASE","","","","","",1,"ตัว",,"",0.00
"","","","F096-8081-061","FENDER T-BUCKET BASS E FLM MPL TCS","","","","","",1,"ตัว",,"",0.00
"","","","F096-8602-021","FENDER A/E GUITAR MALIBU SCE NATURAL","","","","","",1,"ตัว",,"",0.00
"","","","F099-0213-020","FD BARSTOOL 24IN GUILD MADE TO BE PLAYED","","","","","",1,"ตัว",,"",0.00
"","","","F099-0690-000","FENDER LOCK STRAP & BUTTONS","","","","","",20,"ชุด",,"",0.00
"","","","F099-0701-004","FENDER BLUES DELUXE HARMONICA D","","","","","",1,"อัน",,"",0.00
"","","","F099-1023-506","FENDER CLASSIC SRS CASE STAND 3 BLACK","","","","","",1,"ใบ",,"",0.00
"","","","F099-1522-406","FENDER  GIGBAG FB620 ELECTRIC BASS","","","","","",1,"ใบ",,"",0.00
"","","","F099-2101-000","FENDER PICKUP '60 JAZZ BASS (SET OF 2)","","","","","",1,"ชุด",,"",0.00
"","","","F099-2109-000","FENDER PICKUP C.SHOP 51 NOCASTER TELE (2)","","","","","",1,"ชุด",,"",0.00
"","","","F099-2113-000","FENDER PICKUP CUSTOM SHOP FAT 50S (3)","","","","","",1,"ชุด",,"",0.00
"","","","F099-2290-000","FD ULTRA NOISELESS STRAT VINT SET","","","","","",1,"อัน",,"",0.00
"","หจก.ห้างดนตรีเบ๊เงียบเส็ง                                ","หน้า   :       91"
"","สินค้าคงเหลือ แยกตามคลังสินค้า    ","ณ วันที่  20 มิ.ย. 2569"
"","รหัสสินค้าจาก","001-01005-000     ","ถึง","เงินมัดจำลูกค","วันที่ : 20/06/2569"
"","คลัง","","รหัสสินค้า","ชื่อสินค้า","","","","","","  จำนวน","","ราคาต่อหน่วย","","มูลค่าคงเหลือ","ยอดค้างรับ","ยอดค้างส่ง"
"","","","F099-2292-000","FENDER ULTRA NOISELESS TELE VINT SET","","","","","",1,"ชุด",,"",0.00
"","","","F099-2379-000","FD 70TH ANNIV 1954 STRAT PICKUP SET","","","","","",1,"ชุด",,"",0.00
"","","","F099-6102-306","FENDER CASE DLX MOLDED STRAT/TELE","","","","","",1,"ใบ",,"",0.00
"","","","F230-0306-900","FENDER AMP.MUSTANG III","","","","","",2,"ตู้",,"",0.00
"","","","F230-0506-900","FENDER AMP.MUSTANG V HEAD","","","","","",1,"เครื่อง",,"",0.00
"","","","F231-0106-000","FD MUSTANG GT 40","","","","","",2,"ตู้",,"",0.00
"","","","F231-5306-920","FENDER AMP.BASS RUMBLE 15","","","","","",1,"ตู้",,"",0.00
"","","","F291-6767-503","JACKSON X SERIES SLAT 8 FAT FRET GLOSS","","","","","",1,"ตัว",,"",0.00
"","","","F555-0113-497","FD TUBE GT-6L6-C (HP) MED DUET","","","","","",1,"คู่",,"",0.00
"","","","F633-5000-932","FENDER SQ CA P.BASS SPECIAL RW BROWN SUNBURST","","","","","",1,"ตัว",,"",0.00
"","","","HR-FRFR112","HEADRUSH FRFR-112 POWERED SPEAKER","","","","","",1,"ตู้",,"",0.00
"","","","OS-GS7155","OS SINGLE GUITAR STAND HANG-IT (GS7155)","","","","","",1,"ตัว",,"",0.00
"","","","OS-GS7361","OS 3-SPACE FOLDABLE MULTI GUITAR RACK","","","","","",3,"ตัว",,"",0.00
"","","","PM-LA2BW","LA SPECIAL 2B","","","","","",53,"คู่",,"",0.00
"","","","PT-201-C-16","PAISTE CYMBAL # 201 CRASH 16"","","","","","",1,"ใบ",,"",0.00
"","","","PT-201-CR-18","PAISTE CYMBAL # 201 CRASH RIDE 18"","","","","","",1,"ใบ",,"",0.00
"","","","PT-PSTX-C-M18","PSTX SWISS MEDIUM CRASH 18"","","","","","",1,"ใบ",,"",0.00
"","","","TE-996354105","TC VOICELIVE 3 EXTREME","","","","","",1,"เครื่อง",,"",0.00
"","","","","","","","","","","---------------","","---------------","","---------------","---------------","---------------"
"","รวมคลัง","","02",94,"สินค้า","","","","",209,"",,"",0.00,3,0
"","","","","","","","","","","===============","","===============","","===============","===============","==============="
"","03","PRODUCT RETURN FROM REVIEW"
"","","","F225-3100-410","EVH 5150 III 1X12" CABINET IVORY","","","","","",2,"ตู้",,"",0.00
"","","","","","","","","","","---------------","","---------------","","---------------","---------------","---------------"
"","รวมคลัง","","03",1,"สินค้า","","","","",2,"",,"",0.00,0,0
"","","","","","","","","","","===============","","===============","","===============","===============","==============="
"","04","PRODUCT GIVEN AWAY FOR REVIEW"
"","","","KP-KP2WH","KICKPORT KP2 WHITE","","","","","",1,"อัน",,"",0.00
"","","","","","","","","","","---------------","","---------------","","---------------","---------------","---------------"
"","รวมคลัง","","04",1,"สินค้า","","","","",1,"",,"",0.00,0,0
"","","","","","","","","","","===============","","===============","","===============","===============","==============="
"","05","สินค้าสำหรับศิลปิน"
"","","","PM-DSB1","PROMARK DELUXE STICK BAG DSB1","","","","","",1,"ใบ",,"",0.00
"","","","PT-AB-SC-T18","PAISTE  ALPHA "B" THIN SWISS CRASH 18"","","","","","",1,"ใบ",,"",0.00
"","","","PT-SI-C-FS16","PAISTE CYMBAL SIGNATURE 16" FAST CRASH","","","","","",1,"ใบ",,"",0.00
"","หจก.ห้างดนตรีเบ๊เงียบเส็ง                                ","หน้า   :       92"
"","สินค้าคงเหลือ แยกตามคลังสินค้า    ","ณ วันที่  20 มิ.ย. 2569"
"","รหัสสินค้าจาก","001-01005-000     ","ถึง","เงินมัดจำลูกค","วันที่ : 20/06/2569"
"","คลัง","","รหัสสินค้า","ชื่อสินค้า","","","","","","  จำนวน","","ราคาต่อหน่วย","","มูลค่าคงเหลือ","ยอดค้างรับ","ยอดค้างส่ง"
"","","","","","","","","","","---------------","","---------------","","---------------","---------------","---------------"
"","รวมคลัง","","05",3,"สินค้า","","","","",3,"",,"",0.00,0,0
"","","","","","","","","","","===============","","===============","","===============","===============","==============="
"","06","PRODUCT FOR RENTAL"
"","","","CR-M4HH","CRUSH M4 HI HAT STAND","","","","","",1,"ชุด",,"",0.00
"","","","KP-FX2BDB","FX PORTS FOR "BASS DRUM" BLACK","","","","","",1,"อัน",,"",0.00
"","","","KP-KP2WH","KICKPORT KP2 WHITE","","","","","",1,"อัน",,"",0.00
"","","","","","","","","","","---------------","","---------------","","---------------","---------------","---------------"
"","รวมคลัง","","06",3,"สินค้า","","","","",3,"",,"",0.00,0,0
"","","","","","","","","","","===============","","===============","","===============","===============","==============="
"","07","PRODUCT ON REPAIR"
"","","","002-11056-CL","VOX AMP. GUITAR MINI 3 CLASSIC","","","","","",1,"ตู้",,"",0.00
"","","","043-01340-PBB","GIBSON SG STANDARD PELHAM BLUE BURST","","","","","",1,"ตัว",,"",0.00
"","","","043-01402-SBT","GB LP MODERN SPARKLING BURGUNDY TOP","","","","","",1,"ตัว",,"",0.00
"","","","043-05011-VC","EP TONY IOMMI SG SPECIAL VINT.CHERRY","","","","","",1,"ตัว",,"",0.00
"","","","043-05032-ODB","EPIPHONE ES-335 OLIVE DRAB","","","","","",1,"ตัว",,"",0.00
"","","","043-05129-VS","EPIPHONE LTD ED AJ-210 OUTFIT VINTAGE SUNBURST","","","","","",1,"ตัว",,"",0.00
"","","","046-01016-SBK","STERLING MAJ-100 STEALTH BLACK W/BAG","","","","","",1,"ตัว",,"",0.00
"","","","F011-5300-706","FENDER JIM ROOT JAZZMASTER BLACK","","","","","",1,"ก้อน",,"",0.00
"","","","F011-8012-712","FENDER AM ULTRA STRAT MN ULTRABURST","","","","","",1,"ตัว",,"",0.00
"","","","F037-0491-506","SQ CONT ACT P BASS PH V LRL BLACK","","","","","",1,"ตัว",,"",0.00
"","","","F037-4020-521","SQ CLASSIC VIBE 70'S STRAT LRL NATURAL","","","","","",1,"ตัว",,"",0.00
"","","","F037-4520-592","SQ CLASSIC VIBE 70 P BASS MN WALNUT","","","","","",1,"ตัว",,"",0.00
"","","","F037-8551-500","SQ FSR AFFINITY P BASS PJ LRL BPG 3TS","","","","","",1,"ตัว",,"",0.00
"","","","F037-9670-503","SQUIER DEBUT TELE LRL WPG 2TS","","","","","",1,"ตัว",,"",0.00
"","","","F097-0213-321","FENDER CD-140SCE DREAD NATURAL W/CASE","","","","","",1,"ตัว",,"",0.00
"","","","F097-0713-010","FENDER A. REDONDO PLAYER ELECTRIC BELMONT BLUE","","","","","",1,"ตัว",,"",0.00
"","","","F097-1210-521","FENDER ACOUSTIC FA-125 DREAD NATURAL","","","","","",1,"ตัว",,"",0.00
"","","","F097-2713-532","FENDER FA-125CE DREAD SUNBURST W/BAG","","","","","",1,"ตัว",,"",0.00
"","","","F097-4010-521","FENDER CA DEBUT REDONDO  CE NATURAL","","","","","",1,"ตัว",,"",0.00
"","","","","","","","","","","---------------","","---------------","","---------------","---------------","---------------"
"","รวมคลัง","","07",19,"สินค้า","","","","",19,"",,"",0.00,0,0
"","","","","","","","","","","===============","","===============","","===============","===============","==============="
"","08","PRODUCT ON REVIEW"
"","","","BS-BA198022","BLACKSTAR DEBUT 10E BLACK","","","","","",1,"ตัว",,"",0.00
"","หจก.ห้างดนตรีเบ๊เงียบเส็ง                                ","หน้า   :       93"
"","สินค้าคงเหลือ แยกตามคลังสินค้า    ","ณ วันที่  20 มิ.ย. 2569"
"","รหัสสินค้าจาก","001-01005-000     ","ถึง","เงินมัดจำลูกค","วันที่ : 20/06/2569"
"","คลัง","","รหัสสินค้า","ชื่อสินค้า","","","","","","  จำนวน","","ราคาต่อหน่วย","","มูลค่าคงเหลือ","ยอดค้างรับ","ยอดค้างส่ง"
"","","","F014-5802-305","FENDER JIMI HENDRIX STRAT MN OWT","","","","","",1,"ตัว",,"",0.00
"","","","","","","","","","","---------------","","---------------","","---------------","---------------","---------------"
"","รวมคลัง","","08",2,"สินค้า","","","","",2,"",,"",0.00,0,0
"","","","","","","","","","","===============","","===============","","===============","===============","==============="
"","09","จองของ"
"","","","043-03180-CH","GB '59 ES-355 REISSUE VINT CHERRY VOS GH","","","","","",1,"ตัว",,"",0.00
"","","","","","","","","","","---------------","","---------------","","---------------","---------------","---------------"
"","รวมคลัง","","09",1,"สินค้า","","","","",1,"",,"",0.00,0,0
"","","","","","","","","","","===============","","===============","","===============","===============","==============="
"","10","DISPLAY"
"","","","001-13061B","PICK(ตัว)","","","","","",2,"ตัว",,"",0.00
"","","","OS-GS7140","OS PUSH DOWN SPRING LOCKING GUITAR STAND","","","","","",1,"อัน",,"",0.00
"","","","OS-GS7655","ON STAGE FOLDING A FRAME GUITAR STAND","","","","","",15,"อัน",,"",0.00
"","","","","","","","","","","---------------","","---------------","","---------------","---------------","---------------"
"","รวมคลัง","","10",3,"สินค้า","","","","",18,"",,"",0.00,0,0
"","","","","","","","","","","===============","","===============","","===============","===============","==============="
"","11","PRODUCT WITH PROBLEM AT PETCHBURI"
"","","","F231-5806-920","FENDER RUMBLE 150 HEAD","","","","","",2,"ตู้",,"",0.00
"","","","F233-0206-900","FENDER AMP. CHAMPION 20","","","","","",4,"ตู้",,"",0.00
"","","","F233-0406-900","FENDER AMP. CHAMPION 100","","","","","",2,"ตู้",,"",0.00
"","","","","","","","","","","---------------","","---------------","","---------------","---------------","---------------"
"","รวมคลัง","","11",3,"สินค้า","","","","",8,"",,"",0.00,0,0
"","","","","","","","","","","===============","","===============","","===============","===============","==============="
"","12","โกดัง PETCHBURI"
"","","","","","","","","","","---------------","","---------------","","---------------","---------------","---------------"
"","รวมคลัง","","12",0,"สินค้า","","","","",0,"",,"",0.00,0,0
"","","","","","","","","","","===============","","===============","","===============","===============","==============="
"","รวมทั้งสิ้น",12,"คลัง",3196,"สินค้า","","","","",22863,"",7.39,"",168933.80,611182,659533
"","","","","","","","","","","===============","","===============","","===============","===============","==============="
"",">>>>  จบรายงาน  <<<<"
