"","Music Concept WT                                         ","หน้า   :        1"
"","สินค้าคงเหลือ แยกตามคลังสินค้า    ","ณ วันที่  24 พ.ค. 2569"
"","รหัสสินค้าจาก","001-01005-000     ","ถึง","VP-ADAPTOR-9V","วันที่ : 24/05/2569"
"","หมวดสินค้าจาก","                  ","ถึง","9999"
"","คลังสินค้าจาก","01                ","ถึง","06"
"","คลัง","","รหัสสินค้า","ชื่อสินค้า","","","","","","  จำนวน","","ราคาต่อหน่วย","","มูลค่าคงเหลือ","ยอดค้างรับ","ยอดค้างส่ง"
"","PL","","","","ล๊อตคงเหลือ","","  จำนวน","ราคาต่อหน่วย","มูลค่าในล๊อต"
"","01","คลังมิวสิกคอนเซพท์"
"","","","001-01087-095","FENDER LTD.1964 RELIC STRAT AGED V.WHITE","","","","","",1,"ตัว",,"",0.00
"","","","001-08378","FENDER CLASSICS VOLUME PEDAL","","","","","",1,"ตัว",,"",0.00
"","","","001-12130","FENDER NYLON STRING .028","","","","","",34,"เส้น",,"",0.00
"","","","001-12131","FENDER NYLON STRING .032","","","","","",34,"เส้น",,"",0.00
"","","","001-12132","FENDER NYLON STRING .040","","","","","",33,"เส้น",,"",0.00
"","","","001-13061B-8","EVH SIG PICK","","","","","",6,"ตัว",,"",0.00
"","","","001-13061B-DDT","D'ADDARIO THUMB PICK (ตัว)","","","","","",3,"ตัว",,"",0.00
"","","","001-13061B-EB","PICK ERNIE BALL (อัน)","","","","","",580,"อัน",,"",0.00
"","","","001-13061B-EBE","ERNIE BALL PICK EVERLAST (1)","","","","","",77,"ตัว",,"",0.00
"","","","001-13061B-EBP","ERNIE BALL PICK PRODIGY (1)","","","","","",8,"อัน",,"",0.00
"","","","001-13061B-FD","PICK FENDER (อัน)","","","","","",354,"อัน",,"",0.00
"","","","001-13061B-GB","PICK GIBSON (อัน)","","","","","",55,"อัน",,"",0.00
"","","","002-01089","KORG NANO BAG (POLYESTER)","","","","","",1,"ใบ",,"",0.00
"","","","002-01107-BLK","KORG NANO KEY2 BLACK","","","","","",1,"เครื่อง",,"",0.00,"          93","           4"
"","","","002-01107-FAG","KORG NANOKEY FOLD ALPHINE GREEN","","","","","",1,"เครื่อง",,"",0.00,"           1"
"","","","002-01107-FBK","KORG NANOKEY-FD BK","","","","","",1,"ตัว",,"",0.00,"          19"
"","","","002-01107-FSB","KORG NANOKEY FOLD SAND BEIGE","","","","","",1,"ตัว",,"",0.00,"           1"
"","","","002-01108-BLK","KORG NANO KONTROL2 BLACK","","","","","",3,"เครื่อง",,"",0.00,"          67"
"","","","002-01109-BLK","KORG NANO PAD2 BLACK","","","","","",2,"เครื่อง",,"",0.00,"          28"
"","","","002-01129-KIC","KORG VOLCA KICK","","","","","",4,"เครื่อง",,"",0.00,"           3"
"","","","002-01129-MIX","KORG VOLCA MIX","","","","","",2,"เครื่อง",,"",0.00,"           3"
"","","","002-01145-25A","KORG MICROKEY2 25 KEYS AIR","","","","","",1,"เครื่อง",,"",0.00,"         168","           6"
"","","","002-01145-37A","KORG MICROKEY2 37 KEYS AIR","","","","","",1,"เครื่อง",,"",0.00,"         165"
"","","","002-01145-49A","KORG MICROKEY2 49 KEYS AIR","","","","","",1,"เครื่อง",,"",0.00,"         185","           6"
"","","","002-01145-61A","KORG MICROKEY2 61 KEYS AIR","","","","","",1,"เครื่อง",,"",0.00,"         133","           2"
"","","","002-01146-XD","KORG SYNTHESIZER MINILOGUE-XD","","","","","",1,"เครื่อง",,"",0.00,"          50"
"","","","002-01146-XDM","KORG SYNTHESIZER MINILOGUE -XD MODULE","","","","","",2,"เครื่อง",,"",0.00,"          23"
"","","","002-01150-WH","KORG MINI CNTRL PLUGKEY WHITE","","","","","",2,"เครื่อง",,"",0.00
"","","","002-01151-GD","KORG SYNTHESIZER MONOLOGUE GOLD","","","","","",1,"เครื่อง",,"",0.00,"          13"
"","","","002-01151-SV","KORG SYNTHESIZER MONOLOGUE SILVER","","","","","",1,"เครื่อง",,"",0.00,"          15"
"","","","002-01155-61","KORG SYNTHESIZER KROSS-2 61 KEY","","","","","",3,"เครื่อง",,"",0.00,"         940","          11"
"","Music Concept WT                                         ","หน้า   :        2"
"","สินค้าคงเหลือ แยกตามคลังสินค้า    ","ณ วันที่  24 พ.ค. 2569"
"","รหัสสินค้าจาก","001-01005-000     ","ถึง","VP-ADAPTOR-9V","วันที่ : 24/05/2569"
"","คลัง","","รหัสสินค้า","ชื่อสินค้า","","","","","","  จำนวน","","ราคาต่อหน่วย","","มูลค่าคงเหลือ","ยอดค้างรับ","ยอดค้างส่ง"
"","","","002-01161-AWH","KORG PIANO C1 AIR WHITE","","","","","",1,"เครื่อง",,"",0.00,"           8"
"","","","002-01163-HP","KORG D-1 WIRELESS IR HEADPHONES IS430","","","","","",1,"ชุด",,"",0.00
"","","","002-01164","KORG NANOKONTROL STUDIO","","","","","",2,"เครื่อง",,"",0.00,"          30"
"","","","002-01166-61","KORG KEYBOARD KROME-EX 61 KEY","","","","","",1,"เครื่อง",,"",0.00,"         155","           3"
"","","","002-01166-73","KORG KEYBOARD KROME-EX 73 KEY","","","","","",1,"เครื่อง",,"",0.00,"          33"
"","","","002-01167","KORG NANOKEY STUDIO","","","","","",1,"เครื่อง",,"",0.00,"          13"
"","","","002-01170-BLK","KORG DIGITAL PIANO B2 BLACK","","","","","",4,"ตัว",,"",0.00,"         200","          12"
"","","","002-01187","KORG SQUENCER SQ-64","","","","","",1,"เครื่อง",,"",0.00,"          10"
"","","","002-01188-RD","KORG RK100S 2 RED","","","","","",1,"เครื่อง",,"",0.00,"          16"
"","","","002-01194","KORG NTS-2 OSC BOOK","","","","","",1,"เครื่อง",,"",0.00,"           7"
"","","","002-01200","KORG NTS-2 OSC","","","","","",1,"เครื่อง",,"",0.00,"           7"
"","","","002-01206","KORG MPS-10 DRUM, PERCUSSION & SAMPLER PAD","","","","","",1,"เครื่อง",,"",0.00,"           4"
"","","","002-01206-MBK","KORG MICROKORG 2 BLACK","","","","","",2,"เครื่อง",,"",0.00,"           8"
"","","","002-01207","KORG EAR PHONES PIANO RECORD","","","","","",1,"ชุด",,"",0.00,"           6"
"","","","002-01209","KORG HANDY TRAXX TUBE","","","","","",1,"เครื่อง",,"",0.00,"           1"
"","","","002-01213","KORG HANDY TRAXX 1BIT","","","","","",1,"เครื่อง",,"",0.00,"           1"
"","","","002-02028","KORG KAOSSILATOR MINI","","","","","",1,"เครื่อง",,"",0.00,"           1"
"","","","002-02032","KORG KAOSS PAD QUAD","","","","","",2,"เครื่อง",,"",0.00,"           6"
"","","","002-02033","KORG KAOSSILATOR 2 (KO2)สีเหลือง","","","","","",8,"เครื่อง",,"",0.00,"          13"
"","","","002-02034","KORG MINI KAOSSPAP 2 (KP2)","","","","","",5,"เครื่อง",,"",0.00,"          19"
"","","","002-02036-BL","KORG SYNTH. MODULE ELECTRIBE 2 BLUE","","","","","",1,"เครื่อง",,"",0.00
"","","","002-02041","KORG PIANO GS-X","","","","","",1,"เครื่อง",,"",0.00,"           1"
"","","","002-02043","KORG MICRO AUDIO 022","","","","","",1,"ตัว",,"",0.00,"           1"
"","","","002-03082","VOX LIL' LOOPER VLL-1","","","","","",8,"เครื่อง",,"",0.00,"          37"
"","","","002-03083-GTR","VOX STOMPLAB IG SL1G GUITAR","","","","","",1,"เครื่อง",,"",0.00,"           4","          16"
"","","","002-03088","VOX AMPHONES ACTIVE BASS","","","","","",1,"ชุด",,"",0.00,"          41"
"","","","002-03095","KORG EFFECTS NUVIBE VIBRATO CHORUS","","","","","",2,"เครื่อง",,"",0.00
"","","","002-03100-CD","VOX EFFECT VE COPPERHEAD DRIVE","","","","","",1,"ตัว",,"",0.00,"           3"
"","","","002-03100-CE","VOX EFFECT VE CUTTING EDGE","","","","","",1,"ตัว",,"",0.00,"           5"
"","","","002-03100-ME","VOX EFFECT VE MYSTIC EDGE","","","","","",2,"ตัว",,"",0.00,"           5"
"","","","002-03100-SD","VOX EFFECT VE SILK DRIVE","","","","","",1,"ตัว",,"",0.00,"           1"
"","","","002-03101","KORG EFFECT PEDAL HD-S","","","","","",2,"ตัว",,"",0.00,"           2"
"","","","002-03102","KORG EFFECT PEDAL TR-S","","","","","",2,"ตัว",,"",0.00,"           2"
"","","","002-05019","KORG TUNER DT-7","","","","","",1,"เครื่อง",,"",0.00
"","","","002-05045","KORG TUNER AW-2U (UKULELE)","","","","","",1,"เครื่อง",,"",0.00,"           2"
"","Music Concept WT                                         ","หน้า   :        3"
"","สินค้าคงเหลือ แยกตามคลังสินค้า    ","ณ วันที่  24 พ.ค. 2569"
"","รหัสสินค้าจาก","001-01005-000     ","ถึง","VP-ADAPTOR-9V","วันที่ : 24/05/2569"
"","คลัง","","รหัสสินค้า","ชื่อสินค้า","","","","","","  จำนวน","","ราคาต่อหน่วย","","มูลค่าคงเหลือ","ยอดค้างรับ","ยอดค้างส่ง"
"","","","002-05054","KORG CONTACT MICROPHONE CM-200 BLACK","","","","","",3,"ตัว",,"",0.00,"          11"
"","","","002-05061","KORG ACOUSTIC TUNER RIMPITCH-C RP-C1","","","","","",5,"ตัว",,"",0.00,"          40","          10"
"","","","002-05072","KORG TUNER WDT-1 WALL DISPLAY","","","","","",1,"เครื่อง",,"",0.00
"","","","002-05082","KORG TUNER PITCHCLIP2 PC-2","","","","","",6,"เครื่อง",,"",0.00,"         487","          10"
"","","","002-05086","KORG TUNER PITCHCLIP2 PC-2+","","","","","",17,"ตัว",,"",0.00,"         874","          50"
"","","","002-05087","VOX PEDAL TUNER VXT-1","","","","","",4,"เครื่อง",,"",0.00,"           8"
"","","","002-05088","KORG TUNER PB-X-MINI","","","","","",2,"เครื่อง",,"",0.00,"         101","          20"
"","","","002-05089","KORG TUNER PB-XS","","","","","",2,"เครื่อง",,"",0.00,"          48"
"","","","002-05090","KORG TUNER OT-120","","","","","",3,"เครื่อง",,"",0.00,"          11"
"","","","002-05099","KORG TUNER PITCHBLACK PB-X","","","","","",3,"ตัว",,"",0.00,"          14"
"","","","002-05099-BL","KORG PITCHBLACK X BLUE","","","","","",2,"ตัว",,"",0.00,"           6"
"","","","002-05099-CR","KORG PITCHBLACK X CREAM","","","","","",2,"ตัว",,"",0.00,"           6"
"","","","002-05100","KORG PB-X PRO","","","","","",1,"เครื่อง",,"",0.00,"          16"
"","","","002-05114","KORG METRONOME BEATLAB BTL MINI+PAD","","","","","",2,"เครื่อง",,"",0.00
"","","","002-05118-BK","KORG PITCH STRAP TUNER PST-1 BLACK","","","","","",2,"ตัว",,"",0.00,"           5"
"","","","002-05118-GD","KORG PITCH STRAP TUNER PST-1 GOLD","","","","","",5,"ตัว",,"",0.00,"           5"
"","","","002-05118-SV","KORG PITCH STRAP TUNER PST-1 SILVER","","","","","",5,"ตัว",,"",0.00,"           9"
"","","","002-05119-BK","KORG TUNER TM-70T BLACK","","","","","",3,"ตัว",,"",0.00,"          46"
"","","","002-07003","KORG EXPRESSION PEDAL EXP-2","","","","","",1,"ตัว",,"",0.00,"          11"
"","","","002-07009","KORG DAMPER PEDAL SWITCH DS-1H","","","","","",2,"ตัว",,"",0.00,"          34","           1"
"","","","002-07014","VOX VFS-2A PEDAL SWITCH","","","","","",1,"ตัว",,"",0.00,"           4"
"","","","002-07015","KORG FOOT CONTROLLER PEDAL UNIT PU-2","","","","","",1,"ตัว",,"",0.00,"           8"
"","","","002-07016","VOX VOLUME PEDAL V860","","","","","",1,"ตัว",,"",0.00
"","","","002-07109","VOX CABLE CLASS A VGC-13 4M","","","","","",2,"เส้น",,"",0.00,"          18"
"","","","002-07110","VOX CABLE CLASS A VGC-19 6M","","","","","",3,"เส้น",,"",0.00,"          13","           1"
"","","","002-07518","KORG SOFT CASE KINGKORG & KROME 61 KEY","","","","","",1,"ใบ",,"",0.00,"          19"
"","","","002-07519","KORG SOFT CASE MS20 MINI","","","","","",1,"ใบ",,"",0.00
"","","","002-07521-140","KORG PIANO MAT 140X60 (พรม)","","","","","",1,"ผืน",,"",0.00,"           1"
"","","","002-07521-150","KORG PIANO MAT 150X100 (พรม)","","","","","",1,"ผืน",,"",0.00,"           2"
"","","","002-07533","KORG SC-EK/PA-GRBK","","","","","",1,"ใบ",,"",0.00
"","","","002-08004","KORG ELECTRONIC DRUM KR MINI","","","","","",6,"เครื่อง",,"",0.00,"          19"
"","","","002-08005","KORG CLIPHIT CLIP DRUM KIT CH-01","","","","","",1,"เครื่อง",,"",0.00,"           9"
"","","","002-10008","KORG DIGITAL MULTITRACK D-4","","","","","",1,"เครื่อง",,"",0.00
"","","","002-11049","VOX WAH WAH V845","","","","","",2,"ตัว",,"",0.00,"         100","           5"
"","","","002-11095-CB","VOX AMP. GUITAR VT20X CLASSIC BLUE","","","","","",1,"ตู้",,"",0.00,"           1"
"","Music Concept WT                                         ","หน้า   :        4"
"","สินค้าคงเหลือ แยกตามคลังสินค้า    ","ณ วันที่  24 พ.ค. 2569"
"","รหัสสินค้าจาก","001-01005-000     ","ถึง","VP-ADAPTOR-9V","วันที่ : 24/05/2569"
"","คลัง","","รหัสสินค้า","ชื่อสินค้า","","","","","","  จำนวน","","ราคาต่อหน่วย","","มูลค่าคงเหลือ","ยอดค้างรับ","ยอดค้างส่ง"
"","","","002-11101-AC","VOX AMP. GUITAR MV50 AC","","","","","",2,"เครื่อง",,"",0.00,"          34","           1"
"","","","002-11101-CL","VOX AMP. GUITAR MV50 CLEAN","","","","","",1,"เครื่อง",,"",0.00,"          53","           1"
"","","","002-11101-HG","VOX AMP. GUITAR MV50 HIGH GAIN","","","","","",4,"เครื่อง",,"",0.00,"           5"
"","","","002-11102-108","VOX AMP. BC108 CABINET BLACK","","","","","",1,"ตู้",,"",0.00,"          77","           2"
"","","","002-11103-ABS","VOX AMP. ADIO AIR BASS","","","","","",1,"ตู้",,"",0.00,"           3"
"","","","002-11106","VOX AC30 RADIO","","","","","",1,"เครื่อง",,"",0.00
"","","","002-11117-50","VOX AMP MINI GO-50","","","","","",1,"ตู้",,"",0.00,"           7"
"","","","002-11118","VOX AMP. CLUBMAN 60","","","","","",1,"ตู้",,"",0.00,"           3"
"","","","002-11923","VOX HEADLESS BASS BLACK VSBA-HL4","","","","","",1,"ตัว",,"",0.00,"           1"
"","","","002-AP-BM","VOX AMPLUG BRIAN MAY AP-BM","","","","","",2,"เครื่อง",,"",0.00,"          18","           5"
"","","","002-AP2-BMS","VOX AMPLUG BRIAN MAY","","","","","",2,"ตัว",,"",0.00,"          12"
"","","","002-AP2-CAB","VOX AMPLUG V2 CABINET","","","","","",3,"ตู้",,"",0.00,"          17"
"","","","002-AP2-IO","VOX AMPLUG AP-I/O USB AUDIO INTERFACE","","","","","",3,"ตัว",,"",0.00,"          38"
"","","","002-AP3-AC","VOX AMPLUG 3 AC","","","","","",3,"ตัว",,"",0.00,"          76"
"","","","002-AP3-BA","VOX AMPLUG 3 BASS","","","","","",5,"ตัว",,"",0.00,"         176"
"","","","002-AP3-BQ","VOX AMPLUG 3 BOUTIQUE","","","","","",1,"ตัว",,"",0.00,"          46"
"","","","002-AP3-HG","VOX AMPLUG 3 HIGH GAIN","","","","","",4,"ตัว",,"",0.00,"          46"
"","","","002-AP3-MB","VOX AMPLUG 3 MODERN BASS","","","","","",2,"ตัว",,"",0.00,"          52"
"","","","002-AP3-UD","VOX AMPLUG 3 UK DRIVE","","","","","",2,"ตัว",,"",0.00,"          60"
"","","","002-AP3-US","VOX AMPLUG 3 US SILVER","","","","","",3,"ตัว",,"",0.00,"          58"
"","","","002-KORG-MASK","KORG LOGO CLOTH MASK","","","","","",4,"ตัว",,"",0.00,"           5"
"","","","002-VH-Q1","KORG HEADPHONE VH-Q1 BLACK","","","","","",1,"อัน",,"",0.00,"           1"
"","","","003-01012","ALESIS DM 5 PRO DUAL ZONE DRUM PAD LDP-4","","","","","",1,"ใบ",,"",0.00,"           1"
"","","","004-04032","ART COOL SWITCH A/B-Y SWITCH","","","","","",3,"เครื่อง",,"",0.00
"","","","006-01007","EMG GUITAR PICKUP SA SET","","","","","",2,"ชุด",,"",0.00
"","","","006-01008","EMG GUITAR PICKUP S SET","","","","","",2,"ชุด",,"",0.00,"           1"
"","","","006-01023","EMG GUITAR PICKUP ZW (ZAKK WYLDE)","","","","","",2,"ชุด",,"",0.00,"          20"
"","","","006-01026-BLK","EMG GUITAR PICKUP SA BLACK ( 1 ตัว )","","","","","",1,"ตัว",,"",0.00,"           6"
"","","","006-01026-WHT","EMG GUITAR PICKUP SA IVORY ( 1 ตัว )","","","","","",1,"ตัว",,"",0.00
"","","","006-01029-BLK","EMG GUITAR PICKUP 58 BLACK","","","","","",1,"ชุด",,"",0.00,"           1"
"","","","006-01030-BLK","EMG GUITAR PICKUP 91 BLACK","","","","","",3,"ชุด",,"",0.00
"","","","006-01032-GD","EMG GUITAR PICKUP 81 GOLD","","","","","",1,"ชุด",,"",0.00
"","","","006-01033-GD","EMG GUITAR PICKUP 85 GOLD","","","","","",1,"ชุด",,"",0.00
"","","","006-01051","EMG PICKUP MF SET BRUSHED BLACK CHROME","","","","","",1,"ชุด",,"",0.00,"           7"
"","","","006-01052-NBLK","EMG PICKUP SUPER 77-N RA-350C BLACK","","","","","",1,"ชุด",,"",0.00
"","Music Concept WT                                         ","หน้า   :        5"
"","สินค้าคงเหลือ แยกตามคลังสินค้า    ","ณ วันที่  24 พ.ค. 2569"
"","รหัสสินค้าจาก","001-01005-000     ","ถึง","VP-ADAPTOR-9V","วันที่ : 24/05/2569"
"","คลัง","","รหัสสินค้า","ชื่อสินค้า","","","","","","  จำนวน","","ราคาต่อหน่วย","","มูลค่าคงเหลือ","ยอดค้างรับ","ยอดค้างส่ง"
"","","","006-01053-BBLK","EMG PICKUP FAT 55-B RA-360A BLACK","","","","","",1,"เครื่อง",,"",0.00,"           2"
"","","","006-01060-BLK","EMG BASS PICKUP TA SET BLACK","","","","","",1,"ชุด",,"",0.00,"           3"
"","","","006-01062","EMG GUITAR PICKUP JIM ROOT SETZEBRA","","","","","",1,"ชุด",,"",0.00,"          14"
"","","","006-02003","EMG BASS PICKUP J SET","","","","","",2,"ชุด",,"",0.00,"           6"
"","","","006-02007","EMG BASS PICKUP 35P (5 STRING)","","","","","",1,"ชุด",,"",0.00
"","","","006-02010","EMG BASS PICKUP 35DC (4 STRING)","","","","","",1,"ชุด",,"",0.00,"           1"
"","","","006-02010-RED","EMG BASS PICKUP 35DC RED (4 STRING)","","","","","",1,"ตัว",,"",0.00,"           2"
"","","","006-02015","EMG BASS PICKUP 40P","","","","","",2,"ชุด",,"",0.00
"","","","006-02016","EMG BASS PICKUP P5J SET BLACK ( 5 STRING )","","","","","",1,"ชุด",,"",0.00
"","","","006-02029-BLK","EMG PICKUP BASS J5 SET BLACK","","","","","",1,"ชุด",,"",0.00,"           3"
"","","","006-02118","EMG BASS PICKUP MM-CS","","","","","",1,"ชุด",,"",0.00,"           1"
"","","","006-02121-BLK","EMG BASS PICKUP DE SET 4 STRING BLACK","","","","","",1,"ชุด",,"",0.00,"           3"
"","","","006-02123-RD","EMG BASS PICKUP FB SET RED","","","","","",1,"ชุด",,"",0.00,"           1"
"","","","006-03001","EMG CONTROL BTC CONTROL","","","","","",1,"ชุด",,"",0.00
"","","","006-03013","EMG BQC SYSTEM","","","","","",1,"ชุด",,"",0.00,"           4"
"","","","006-03016","EMG BQS CONTROL","","","","","",1,"ชุด",,"",0.00,"           1"
"","","","006-03019","EMG BQS SYSTEM ACTIVE","","","","","",1,"ชุด",,"",0.00,"           2"
"","","","006-03020","EMG 25KB ACTIVE TONE GUITAR LS (แกนยาว)","","","","","",3,"ชุด",,"",0.00
"","","","006-03021","EMG 25KB ACTIVE TONE GUITAR (แกนสั้น)","","","","","",6,"ชุด",,"",0.00
"","","","006-03025","EMG 25K CONTROL TONE SPL (แกนสั้น)","","","","","",5,"ชุด",,"",0.00,"           9","           1"
"","","","006-03026","EMG 25K CONTROL VOLUME LS (แกนยาว)","","","","","",5,"ชุด",,"",0.00,"           8","           3"
"","","","006-03027","EMG 25K CONTROL VOLUME SPL SI (แกนสั้น)","","","","","",4,"ชุด",,"",0.00,"          13"
"","","","006-03028","EMG 25K CONTROL PUSH/PULL LS SL (แกนยาว)","","","","","",2,"ชุด",,"",0.00
"","","","006-04002","EMG H4A PASSIVE GUITAR PICKUP","","","","","",2,"ตัว",,"",0.00,"           3"
"","","","007-11052-JPT","MM STRING RAY 5 H SPCL BLK PG GLD HDWE JACKPOT","","","","","",1,"ตัว",,"",0.00,"           2"
"","","","007-11059-66","MM BONGO 5 HH STEALTH BLK MATTE PG BM MATTE","","","","","",1,"ตัว",,"",0.00,"           1"
"","","","007-11061-CWB","MM SR II CORY WONG CHARCOAL BLUE ROASTED GLD HDWE","","","","","",1,"ตัว",,"",0.00,"           2"
"","","","007-31062","OLP GUITAR LUKE SIGNATURE BLUE","","","","","",1,"ตัว",,"",0.00
"","","","007-AL9-79-075224","HEADRUSH BOARD PCB (HEADRUSH PEDAL BOARD)","","","","","",3,"อัน",,"",0.00
"","","","007-B04237","MUSIC MAN JP12 STRAP BUTTON","","","","","",1,"ชุด",,"",0.00
"","","","007-DB185W","MUSIC MAN JP MAJESTY BRIDG","","","","","",1,"อัน",,"",0.00
"","","","007-M05167","MUSIC MAN STINGRAY HH KNOB CHROME","","","","","",1,"ตัว",,"",0.00
"","","","007-M05181","MUSIC MAN LOCKING TUNER G-D-A-E GUITAR CHOME","","","","","",3,"ชุด",,"",0.00
"","","","007-M05382","MUSIC MAN POTENTIOMETER 3EQ BASS","","","","","",2,"ตัว",,"",0.00
"","","","007-M05389","MUSIC MAN POTENTIOMETER VOL LUKE / JP PZO","","","","","",2,"อัน",,"",0.00
"","Music Concept WT                                         ","หน้า   :        6"
"","สินค้าคงเหลือ แยกตามคลังสินค้า    ","ณ วันที่  24 พ.ค. 2569"
"","รหัสสินค้าจาก","001-01005-000     ","ถึง","VP-ADAPTOR-9V","วันที่ : 24/05/2569"
"","คลัง","","รหัสสินค้า","ชื่อสินค้า","","","","","","  จำนวน","","ราคาต่อหน่วย","","มูลค่าคงเหลือ","ยอดค้างรับ","ยอดค้างส่ง"
"","","","007-M05402","MUSIC MAN PREAMP 3EQ SR","","","","","",1,"เครื่อง",,"",0.00
"","","","007-M05416","MUSIC MAN SWITCH 3-WAY PETRUCCI W/T CURCUITBOARD","","","","","",1,"อัน",,"",0.00
"","","","007-M05422","MUSIC MAN SWITCH PIEZO MODE ASSY-JP","","","","","",1,"ตัว",,"",0.00
"","","","007-M05437","MUSIC MAN PETURCCI TREMOLO ARM","","","","","",1,"อัน",,"",0.00
"","","","007-M05465","MUSIC MAN FR BRIDGE SADDLE A-B STRING","","","","","",2,"ตัว",,"",0.00
"","","","007-M05466","MUSIC MAN FR BRIDGE SADDLE D-G STRING","","","","","",4,"ตัว",,"",0.00
"","","","007-M05490","MUSIC MAN TREMOLO ARM WHITE TIP","","","","","",1,"อัน",,"",0.00
"","","","007-M05935","MUSIC MAN 9V BATTERY BOX STEVE LUKATHER","","","","","",1,"ตัว",,"",0.00
"","","","007-M06007","MUSIC  MAN 25K PUSH/PUSH VOLUME W/FLEX - 2019","","","","","",5,"ชิ้น",,"",0.00
"","","","007-M061000","MUSIC MAN MAJESTY HARNESS VERSION2 BATTERY BOX KIT","","","","","",1,"ชุด",,"",0.00
"","","","007-M07040","MUSIC MAN VINTAGE TREM ARM BLACK MATTE / BLACK TIP","","","","","",1,"ชิ้น",,"",0.00
"","","","007-MB343W","MUSIC MAN STINGRAY5 SADDLE FOR D STRING","","","","","",1,"ตัว",,"",0.00
"","","","007-MC302W","MUSIC MAN JACK FOR PETRUCCI PIEZO JACK ASSY","","","","","",38,"ชิ้น",,"",0.00
"","","","007-MC314W","MUSIC MAN 4-BAND TONE POT FOR BONGO","","","","","",3,"ตัว",,"",0.00
"","","","007-MC724Y","MUSIC MAN VALENTINE CONTROL 3-WAY ASSY WITH POT/SW","","","","","",1,"ชุด",,"",0.00
"","","","007-MC815W","MUSIC MAN POT 25K VOLUME PIEZO JOHN PETRUCCI","","","","","",1,"อัน",,"",0.00
"","","","007-MC837W","MUSIC MAN JP13 PCB VOLME","","","","","",2,"อัน",,"",0.00
"","","","007-MC850Y","MUSIC MAN LUKE IV HSS PRE-AMP ASSEMBLY","","","","","",1,"ชิ้น",,"",0.00
"","","","007-MD318W","MUSIC MAN SCREW #4x1/2" PHIL(10)","","","","","",11,"ตัว",,"",0.00
"","","","007-ME045W","MUSIC MAN COMPENSATED NUT JP6-JP7 (RIGHT) BLK","","","","","",1,"ตัว",,"",0.00
"","","","007-ME312W","MUSIC MAN BONGO VOLUME POT 2","","","","","",1,"ตัว",,"",0.00
"","","","007-RC007Y","MUSIC MAN BONGO V2 HH PRE-AMP","","","","","",1,"ชิ้น",,"",0.00
"","","","007-XG961W","MUSIC MAN LUKE GUITAR NECK PLATE","","","","","",1,"อัน",,"",0.00
"","","","018-01095","AKAI USB/ MICRO KEYBOARD CONTROLLER LPK25","","","","","",4,"เครื่อง",,"",0.00
"","","","018-01096","AKAI USB/MIDI MPC PAD CONTROLLER LPD-8","","","","","",6,"เครื่อง",,"",0.00
"","","","032-01008","SAMSON MIXER MDR-1064","","","","","",1,"เครื่อง",,"",0.00
"","","","032-04025-008","SAMSON XP40IW 8" WIRELESS PA SYS CH.8","","","","","",1,"ชุด",,"",0.00
"","","","032-06017","SAMSON S-PHANTHOM POWER SUPPLY 48V","","","","","",1,"เครื่อง",,"",0.00,"           1"
"","","","032-06021","SAMSON S-CONVERT","","","","","",1,"ตัว",,"",0.00,"           2"
"","","","032-08016","SAMSON ACTIVE MONITOR STUDIODOCK 3i USB","","","","","",3,"คู่",,"",0.00,"           2"
"","","","032-13005","SAMSON 7 KIT 7 PCS DRUM MIC SET","","","","","",1,"ชุด",,"",0.00
"","","","032-14004","SAMSON C05 CL CONDENSOR MIC","","","","","",1,"ตัว",,"",0.00,"           1"
"","","","032-14016","SAMSON CL5 HANDHELD CONDENSER MICROPHONE","","","","","",1,"ตัว",,"",0.00,"           1"
"","","","032-15006","SAMSON R10S CARDIOID DYNAMIC MIC W/SWITC","","","","","",2,"ตัว",,"",0.00
"","","","032-16002","SAMSON TS-100 HEAVY DUTY SPEAKER STAND","","","","","",1,"คู่",,"",0.00,"","           2"
"","Music Concept WT                                         ","หน้า   :        7"
"","สินค้าคงเหลือ แยกตามคลังสินค้า    ","ณ วันที่  24 พ.ค. 2569"
"","รหัสสินค้าจาก","001-01005-000     ","ถึง","VP-ADAPTOR-9V","วันที่ : 24/05/2569"
"","คลัง","","รหัสสินค้า","ชื่อสินค้า","","","","","","  จำนวน","","ราคาต่อหน่วย","","มูลค่าคงเหลือ","ยอดค้างรับ","ยอดค้างส่ง"
"","","","038-01016","WHARFEDALE SPEAKER EVP-S15M","","","","","",2,"ตู้",,"",0.00
"","","","041-10001","EWI XLR MALE ES3M-CR","","","","","",70,"ตัว",,"",0.00,"","           4"
"","","","041-10002","EWI XLR FEMALE ES3F-CR","","","","","",115,"ตัว",,"",0.00,"","           4"
"","","","043-01093-1VS","GIBSON JOHN LENNON LES PAUL JR","","","","","",1,"ตัว",,"",0.00
"","","","043-01333-NA","GIBSON SG SPECIAL 2018 NATURAL SATIN","","","","","",-1,"ตัว",,"",0.00,"           2"
"","","","043-01333-SC","GIBSON SG SPECIAL 2018 SATIN CHERRY","","","","","",1,"ตัว",,"",0.00,"           1"
"","","","043-01337-TV","GIBSON SG STD '61 STOP BAR TV YELLOW","","","","","",1,"ตัว",,"",0.00,"           4"
"","","","043-01339-BF","GIBSON SG MODERN BLUEBERRY FADED","","","","","",1,"ตัว",,"",0.00,"           9"
"","","","043-01340-CW","GIBSON SG STANDARD CLASSIC WHITE","","","","","",1,"ตัว",,"",0.00,"           4"
"","","","043-01340-TL","GIBSON SG STANDARD TRANSLUCENT TEAL","","","","","",1,"ตัว",,"",0.00,"           7"
"","","","043-01342-WN","GIBSON SG TRIBUTE NATURAL WALNUT","","","","","",1,"ตัว",,"",0.00,"           2"
"","","","043-01402-CB","GIBSON LP MODERN FIGURED CHERRYBURST","","","","","",1,"ตัว",,"",0.00,"           4"
"","","","043-01402-PB","GIBSON LP MODERN FADED PELHAM BLUE TOP","","","","","",1,"ตัว",,"",0.00,"           5"
"","","","043-01406-GT","GIBSON LP STD 50S GOLDTOP","","","","","",1,"ตัว",,"",0.00,"           9"
"","","","043-01406-HS","GIBSON LP STD '50S HER CHERRY SUNBURST","","","","","",1,"ตัว",,"",0.00,"          13"
"","","","043-01407-SC","GIBSON LP STD 60S FIGURED TOP 60S CHERRY","","","","","",1,"ตัว",,"",0.00,"           3"
"","","","043-01407-TF","GB LP STD 60S FIGURED TOP TRANSLUCENT FUCHSIA","","","","","",1,"ตัว",,"",0.00,"           3"
"","","","043-01408-VC","GB LP SPECIAL VINT CHERRY","","","","","",1,"ตัว",,"",0.00,"           1"
"","","","043-01421-IG","GIBSON LP MODERN LITE INVERNESS GREEN SATIN","","","","","",1,"ตัว",,"",0.00,"           1"
"","","","043-01430-TE","GIBSON LP STUDIO SESSION TRANSLUCENT EBONY BURST","","","","","",1,"ตัว",,"",0.00,"           4"
"","","","043-01434-WR","GIBSON 50TH ANNIV LP MUSIC CITY SPCL WINE RED","","","","","",1,"ตัว",,"",0.00,"           1"
"","","","043-01435-TS","GIBSON LP CUSTOM 70S TOBACCO SUNBURST","","","","","",1,"ตัว",,"",0.00,"           2"
"","","","043-01440-EB","GIBSON NOEL GALLAGHER LP STD EBONY","","","","","",1,"ตัว",,"",0.00,"           3"
"","","","043-01603-EB","GIBSON SG STD BASS 2019 EBONY","","","","","",1,"ตัว",,"",0.00,"           1"
"","","","043-01604-VS","GIBSON THUNDERBIRD BASS 2019 VINT. SUNBURST","","","","","",1,"ตัว",,"",0.00
"","","","043-02102-0IT","GIBSON ES-335 FIGURED ICE TEA","","","","","",1,"ตัว",,"",0.00,"           2"
"","","","043-02102-HA","GB ES-335 FIGURED HONEY AMBER","","","","","",1,"ตัว",,"",0.00,"           1"
"","","","043-02139-VS","GB ES-335 VINT SUNBURST","","","","","",1,"ตัว",,"",0.00,"           1"
"","","","043-02142-1EB","GIBSON ES-355 EBONY GLOSS BIGSBY","","","","","",1,"ตัว",,"",0.00,"           1"
"","","","043-02157","GIBSON ES-355 BLACK BEAUTY","","","","","",1,"ตัว",,"",0.00
"","","","043-02159-CH","GB ES-339 CHERRY","","","","","",1,"ตัว",,"",0.00
"","","","043-02160-SC","GIBSON ES-339 FIGURED 60S CHERRY","","","","","",1,"ตัว",,"",0.00,"           3"
"","","","043-03003-3AW","GIBSON LES PAUL CUSTOM A.WHITE","","","","","",1,"ตัว",,"",0.00,"          15","           1"
"","","","043-03003-3EB","GIBSON LES PAUL CUSTOM EBONY","","","","","",1,"ตัว",,"",0.00,"           8"
"","","","043-03008-1VS","GIBSON 59 ES-335 REISSUE V.SUNBURST","","","","","",1,"ตัว",,"",0.00,"           3"
"","Music Concept WT                                         ","หน้า   :        8"
"","สินค้าคงเหลือ แยกตามคลังสินค้า    ","ณ วันที่  24 พ.ค. 2569"
"","รหัสสินค้าจาก","001-01005-000     ","ถึง","VP-ADAPTOR-9V","วันที่ : 24/05/2569"
"","คลัง","","รหัสสินค้า","ชื่อสินค้า","","","","","","  จำนวน","","ราคาต่อหน่วย","","มูลค่าคงเหลือ","ยอดค้างรับ","ยอดค้างส่ง"
"","","","043-03126-GPB","GB 1959 LP STD REISSUE HEAVY AGED GOLDEN POPPY BUR","","","","","",1,"ตัว",,"",0.00,"           6"
"","","","043-03189-ST","GB 1959 LP STD REISSUE LIGHT AGED SUNRISE TEABURST","","","","","",1,"ตัว",,"",0.00,"           5"
"","","","043-03224-DL","GIBSON 1959 LP STD REISSUE VOS DIRTY LEMON","","","","","",1,"ตัว",,"",0.00,"           6"
"","","","043-03235-EB","GB 1954 LP STD EBONY WRAPAROUND 2HB PU VOS NH","","","","","",1,"ตัว",,"",0.00
"","","","043-03248-PW","GB 57 LP CSTM 3-PU POLARIS WHT BIGS MURPHY UL LA","","","","","",1,"ตัว",,"",0.00,"           3"
"","","","043-03258-TS","GB 59 LP BOTB 58 MURPHY HVY AGED TOBACCO SUNBURST","","","","","",1,"ตัว",,"",0.00,"           2"
"","","","043-03259-FCB","GB 59 LP BOTB 58 MURPHY HVY AGED FADED CHERRYBURST","","","","","",1,"ตัว",,"",0.00,"           1"
"","","","043-03266-APW","GB 64 JOHNNY WINTER FIREBIRD V ANT. POLARIS WHT AG","","","","","",1,"ตัว",,"",0.00,"           1"
"","","","043-04328-AN","GIBSON SJ-200 ORIGINAL ANT NATURAL W/CASE","","","","","",1,"ตัว",,"",0.00,"           7"
"","","","043-04336-VCS","GIBSON DOVE ORIGINAL VINT CHERRY SUNBURST","","","","","",1,"ตัว",,"",0.00,"          10"
"","","","043-04341-NA","GIBSON G-45 NATURAL","","","","","",1,"ตัว",,"",0.00,"          19","           3"
"","","","043-04342-NA","GIBSON G-WRITER EC NATURAL","","","","","",1,"ตัว",,"",0.00,"          21","           4"
"","","","043-04343-NA","GIBSON G-200 EC NATURAL","","","","","",1,"ตัว",,"",0.00,"           5"
"","","","043-04354-VS","GIBSON KEB 'MO' 3.0 VINT SUNBURST","","","","","",1,"ตัว",,"",0.00
"","","","043-04371-SVS","GIBSON J-45 SPECIAL SATIN VINT SUNBURST","","","","","",1,"ตัว",,"",0.00,"           2"
"","","","043-04371-SWR","GIBSON J-45 SPECIAL SATIN WINE RED","","","","","",1,"ตัว",,"",0.00
"","","","043-04373-AN","GB J-45 STUDIO WALNUT NATURAL SATIN BACK/SIDE","","","","","",1,"ตัว",,"",0.00,"           1"
"","","","043-04374-SVCS","GB HUMMINGBIRD SPECIAL SATIN VINT CHERRY SUNBURST","","","","","",1,"ตัว",,"",0.00,"           1"
"","","","043-04381-OD","GIBSON SJ-200 OLIVE DRAB","","","","","",1,"ตัว",,"",0.00,"           2"
"","","","043-05032-2VS","EPIPHONE DOT ES-335 VINTAGE SUNBURST","","","","","",1,"ตัว",,"",0.00,"          15","           5"
"","","","043-05062-NA","EPIPHONE BASS THUNDERBIRD PRO IV NATURAL","","","","","",1,"ตัว",,"",0.00,"","           1"
"","","","043-05066-FPE","EP JACK CASADY BASS FADED PELHAM BLUE","","","","","",1,"ตัว",,"",0.00,"           2"
"","","","043-05067-3WR","EPIPHONE BROADWAY WINE RED  W/GIG BAG","","","","","",1,"ตัว",,"",0.00,"           5"
"","","","043-05093-FCB","EP. HUMMINGBIRD STUDIO FADED CHERRY BURST","","","","","",1,"ตัว",,"",0.00,"          25"
"","","","043-05114-NA","EPIPHONE A. DR-100 NATURAL (EA10NACH1)","","","","","",1,"ตัว",,"",0.00,"         187","           1"
"","","","043-05125-VS","EPIPHONE PRO-1 ACOUSTIC VINT. SUNBURST","","","","","",4,"ตัว",,"",0.00,"         239","           6"
"","","","043-05135-3NA","EPIPHONE SHERATON NATURAL W/GIG BAG","","","","","",1,"ตัว",,"",0.00,"           4"
"","","","043-05136-2VS","EPIPHONE CASINO VINTAGE SUNBURST W/GIG BAG","","","","","",1,"ตัว",,"",0.00,"           9"
"","","","043-05140-PB","EPIPHONE DAVE GROHL DG-335 W/HARD CASE","","","","","",1,"ตัว",,"",0.00,"          26"
"","","","043-05142-3EB","EPIPHONE LP CUSTOM EBONY  W/HARD CASE","","","","","",1,"ตัว",,"",0.00,"           6"
"","","","043-05211-TS","EP BASS THUNDERBIRD VINTAGE PRO TS","","","","","",1,"ตัว",,"",0.00,"           4"
"","","","043-05212-CC","EPIPHONE NEWPORT BASS CALIFORNIA CORAL","","","","","",1,"ตัว",,"",0.00,"           2"
"","","","043-05310-AFD","EPIPHONE SLASH AFD LP SPECIAL II GUITAR OUTFIT","","","","","",1,"ตัว",,"",0.00,"         203","          11"
"","","","043-05339-FC","EPIPHONE UKULELE HUMMINGBIRD FADED CHERRY","","","","","",2,"ตัว",,"",0.00,"          24"
"","","","043-05344-RBM","EPIPHONE LES PAUL MUSE RADIO BLUE MATTALIC","","","","","",1,"ตัว",,"",0.00,"           8"
"","Music Concept WT                                         ","หน้า   :        9"
"","สินค้าคงเหลือ แยกตามคลังสินค้า    ","ณ วันที่  24 พ.ค. 2569"
"","รหัสสินค้าจาก","001-01005-000     ","ถึง","VP-ADAPTOR-9V","วันที่ : 24/05/2569"
"","คลัง","","รหัสสินค้า","ชื่อสินค้า","","","","","","  จำนวน","","ราคาต่อหน่วย","","มูลค่าคงเหลือ","ยอดค้างรับ","ยอดค้างส่ง"
"","","","043-05349-BB","EPIPHONE LES PAUL STD 60S BOURBON BURST","","","","","",1,"ตัว",,"",0.00,"          42"
"","","","043-05363-IT","EPIPHONE MASTERBILT FRONTIER ICE TEA","","","","","",1,"ตัว",,"",0.00,"           7"
"","","","043-05364-FC","EPIPHONE MASTERBILT TEXAN FADED CHERRY AGED GLOSS","","","","","",1,"ตัว",,"",0.00,"           3"
"","","","043-05369-HS","EPIPHONE LP STUDIO E1 HER. CHERRY","","","","","",1,"ตัว",,"",0.00,"           5"
"","","","043-05377-RTA","EPIPHONE SG PROPHECY RED TIGER AGED GLOSS","","","","","",1,"ตัว",,"",0.00,"           4"
"","","","043-05380-ACH","EP MB HUMMINGBIRD 12-STRING AGED CHERRY SB GLOSS","","","","","",1,"ตัว",,"",0.00,"           4"
"","","","043-05386-BBB","EPIPHONE ES-335 FIGURED BLUEBERRY BURST","","","","","",1,"ตัว",,"",0.00,"          15"
"","","","043-05389-CBF","EPIPHONE LP MODERN FIGURED CARIBBEAN BLUE FADED","","","","","",1,"ตัว",,"",0.00,"           9"
"","","","043-05395-ACW","EPIPHONE 1961 LP SG STD AGED 60S CLASSIC WHT","","","","","",1,"ตัว",,"",0.00,"           2"
"","","","043-05401-ACW","EPIPHONE JOAN JETT OLYMPIC SPCL AGED CLASSIC WHT","","","","","",1,"ตัว",,"",0.00,"           2"
"","","","043-05411-LR","EPIPHONE POWER PLYR SG LAVA RED W/GIGBAG, CBL, PIC","","","","","",1,"ตัว",,"",0.00,"          10"
"","","","043-05422-3WH","EP EMILY WOLFE SHERATON WHITE WOLFE W/CASE","","","","","",1,"ตัว",,"",0.00,"           2"
"","","","043-05423-3RB","EP ALEX LIFESON LES PAUL CSTM AXCESS QUILT RUBY","","","","","",1,"ตัว",,"",0.00,"           6"
"","","","043-05428-DWR","EPIPHONE JOE BONAMASSA 1963 SG CSTM DARK WINE RED","","","","","",1,"ตัว",,"",0.00
"","","","043-05430-PB","EP JARED JAMES NICHOLS"BLUES POWER"LP CSTM AGED PB","","","","","",1,"ตัว",,"",0.00,"           2"
"","","","043-05431-AG","EP KIRK HAMMETT"GREENY" 1959 LP STD AGED GREENY","","","","","",1,"ตัว",,"",0.00,"           3"
"","","","043-05432-AA","EP 150TH ANNIV ZEPHYR DLX REGENT AGED ANTIQUE","","","","","",1,"ตัว",,"",0.00,"           2"
"","","","043-05435-EB","EPIPHONE SG TRIBUTE E1 EBONY","","","","","",1,"ตัว",,"",0.00,"           8"
"","","","043-05437-CW","EP 1963 SG CSTM W MAESTRO VIBROLA CLASSIC WHT","","","","","",1,"ตัว",,"",0.00,"           2"
"","","","043-05438-IG","EPIPHONE LP STD 50S FIGURED IVERNESS GREEN W/GIGBA","","","","","",1,"ตัว",,"",0.00,"           2"
"","","","043-05439-AW","EP LP CSTM ALPHINE WHITE GOLD HDWE W/GIGBAG","","","","","",1,"ตัว",,"",0.00,"           5"
"","","","043-05442-EB","EP JIMI HENDRIX "LOVE DROPS" FLYING V EBONY","","","","","",1,"ตัว",,"",0.00,"           7"
"","","","043-05452-DG","EPIPHONE 1957 LP GOLD TOP REISSUE DOUBLE GOLD","","","","","",1,"ตัว",,"",0.00,"           3"
"","","","043-05462-NA","EPIPHONE HUMMINGBRID DLX EC NATURAL W/CASE","","","","","",1,"ตัว",,"",0.00,"           2"
"","","","043-05467-FU","EP LP STD 60S FIGURED FUCHSIA W/GIGBAG","","","","","",1,"ตัว",,"",0.00,"           1"
"","","","043-05478-MB","EPIPHONE SG MODERN FIGURED MOJAVE BURST W/GIGBAG","","","","","",1,"ตัว",,"",0.00,"           1"
"","","","043-05479-AEB","EP JOE BONAMASSA 59 LP CSTM ANT. EBONY BIGSBY","","","","","",1,"ตัว",,"",0.00,"           1"
"","","","043-1008Z","GIBSON ES-175 CASE FOR 1959 HISTORIC","","","","","",1,"ใบ",,"",0.00
"","","","043-20004","GIBSON STRING SEG-700ML BRITE WIRES 011-","","","","","",26,"ชุด",,"",0.00,"          40","          10"
"","","","043-20054","GIBSON STRING SAG-MB13 MASTERBUILT 013-0","","","","","",9,"ชุด",,"",0.00,"          20","          20"
"","","","043-94008-374","GIBSON GUITAR CASE FOR SG","","","","","",1,"ใบ",,"",0.00,"           1"
"","","","043-9AIGG-910","GIBSON GUITAR POLISH PUMP","","","","","",12,"ขวด",,"",0.00,"         430","          15"
"","","","043-9AIGG-925","GIBSON STANDARD POLISH CLOTH","","","","","",3,"ผืน",,"",0.00,"          49","           2"
"","","","043-9AILC-975","GIBSON LUTHIER'S CHOICE TRIPLE PACK","","","","","",10,"ชุด",,"",0.00,"          59","           4"
"","","","043-9APRG-73M","GIBSON 1/2 GLOSS WEDGE STYLE MEDIUM","","","","","",1,"ห่อ",,"",0.00,"           1","           1"
"","Music Concept WT                                         ","หน้า   :       10"
"","สินค้าคงเหลือ แยกตามคลังสินค้า    ","ณ วันที่  24 พ.ค. 2569"
"","รหัสสินค้าจาก","001-01005-000     ","ถึง","VP-ADAPTOR-9V","วันที่ : 24/05/2569"
"","คลัง","","รหัสสินค้า","ชื่อสินค้า","","","","","","  จำนวน","","ราคาต่อหน่วย","","มูลค่าคงเหลือ","ยอดค้างรับ","ยอดค้างส่ง"
"","","","043-9APRG-73T","GIBSON 1/2 GLOSS WEDGE STYLE THIN","","","","","",1,"ห่อ",,"",0.00,"           1"
"","","","043-9APRG-74H","GIBSON 1/2 GLOSS STANDARD STYLE HEAVY","","","","","",1,"ห่อ",,"",0.00,"          10","           2"
"","","","043-9ASAU-BRN","GIBSON AUSTIN COMFORT STRAP BRN","","","","","",1,"เส้น",,"",0.00,"","           1"
"","","","043-9ASCL-BRN","GIBSON CLASSIC STRAP BRN LEATHER","","","","","",2,"เส้น",,"",0.00,"           6"
"","","","043-9ASGS-B10","GIBSON REGULAR STYLE 2" STRAP JET BLACK","","","","","",8,"เส้น",,"",0.00,"         128","          10"
"","","","043-9ASGSB-10","GIBSON THE SEATBELT STRAP BLK","","","","","",2,"เส้น",,"",0.00,"          35"
"","","","043-9ASSD-BLK","GIBSON THE SPILT DIAMOND STRAP BLACK","","","","","",2,"เส้น",,"",0.00,"          20"
"","","","043-9ASTD-MG","GIBSON HANDCRAFTED MAHOGANY GUITAR STAND","","","","","",2,"ตัว",,"",0.00,"          18"
"","","","043-9ATMT-01","GIBSON MULTI TOOL","","","","","",3,"ชุด",,"",0.00,"          66","           2"
"","","","043-9GA-CLK3","GIBSON VINT LIGHTED WALL CLOCK, GIBSON INC","","","","","",1,"เรือน",,"",0.00,"           1"
"","","","043-9GA-DNMC","GIBSON FADED DENIM HAT","","","","","",2,"ใบ",,"",0.00,"          37"
"","","","043-9GA-SGN1","GIBSON VINT LIGHTED SIGN. GUITARS","","","","","",1,"ตัว",,"",0.00,"           4"
"","","","043-9GC-R05","GIBSON MEMORY CABLE GC-R05 16 FT","","","","","",1,"เส้น",,"",0.00
"","","","043-9IM57-ADB","GIBSON PICKUP 57 BURSTBUCKER TYPE1 DBL BLACK","","","","","",1,"อัน",,"",0.00,"           4"
"","","","043-9IM57-ANH","GIBSON PICKUP BURSTBUCKER TYPE 1","","","","","",1,"ตัว",,"",0.00,"           3"
"","","","043-9IM57-BDB","GIBSON PICKUP BURSTBUCKER TYPE 2 DBL BLACK","","","","","",1,"ชุด",,"",0.00,"           3"
"","","","043-9IM57-CDB","GIBSON PICKUP BURSTBUCKER TYPE 3 DBL BLACK","","","","","",1,"ตัว",,"",0.00,"           3"
"","","","043-9IM90-RDB","GIBSON PICKUP 490R CLASSIC DBL BLK NECK","","","","","",1,"ตัว",,"",0.00,"           2"
"","","","043-9IM90-RGH","GIBSON PICKUP 490R GOLD","","","","","",1,"ตัว",,"",0.00,"           3"
"","","","043-9IM98-TZB","GIBSON PICKUP 498T ZEBRA BRIDGE","","","","","",1,"ตัว",,"",0.00,"           6"
"","","","043-9PBBR-010","GB ABR-1 TUNE-O-MATIC BRIDGE CHROME","","","","","",2,"ชุด",,"",0.00,"           5"
"","","","043-9PBBR-015","GIBSON ABR-1 NICKEL W/FULL ASSEMBLY","","","","","",2,"ชุด",,"",0.00,"          17"
"","","","043-9PBBR-030","GB NASHVILLE TUNE-O-MATIC BRIDGE CHROME","","","","","",3,"ชุด",,"",0.00,"          13"
"","","","043-9PBBR-045","GB NASHVILLE TUNE-O-MATIC BRIDGE NICKEL","","","","","",1,"ชุด",,"",0.00,"          27","           1"
"","","","043-9PBBR-065","GIBSON HISTORIC NON WIRE ABR-1 BRIDGE GOLD","","","","","",4,"ชุด",,"",0.00,"           8","           1"
"","","","043-9PMMH-025","GIBSON MODERN GOLD MACHINE HEADS METAL","","","","","",4,"ชุด",,"",0.00,"          12"
"","","","043-9PMMH-030","GIBSON MACHINE HEAD BLACK GROVER","","","","","",1,"ชุด",,"",0.00,"           2"
"","","","043-9PMMH-040","GIBSON VINTAGE LP CLASSIC MACHINE HEAD","","","","","",2,"ชุด",,"",0.00,"          10"
"","","","043-9PPAT-300","GIBSON 300K OHM LINEAR TAPER LONG SHAFT","","","","","",4,"ตัว",,"",0.00,"          21"
"","","","043-9PPAT-500","GIBSON 500K OHM AUDIO TAPER LONG SHAFT","","","","","",8,"ตัว",,"",0.00,"         206","           1"
"","","","043-9PPAT-510","GIBSON 500K OHM AUDIO TAPER SHORT SHAFT","","","","","",10,"ตัว",,"",0.00,"         147","          10"
"","","","043-9PPAT-520","GIBSON 500K OHM AUDIO TAPER PUSH PULL SHAFT","","","","","",11,"ตัว",,"",0.00,"          49"
"","","","043-9PRCP-030","GIBSON SG CONTROL PLATE BLACK","","","","","",3,"ชุด",,"",0.00,"           3"
"","","","043-9PRDK-030","GIBSON LES PAUL BACKPLATE COMBO BLACK","","","","","",2,"ชุด",,"",0.00,"          21"
"","","","043-9PRHK-010","GIBSON TOP HAT KNOBS BLACK","","","","","",5,"ชุด",,"",0.00,"          32"
"","Music Concept WT                                         ","หน้า   :       11"
"","สินค้าคงเหลือ แยกตามคลังสินค้า    ","ณ วันที่  24 พ.ค. 2569"
"","รหัสสินค้าจาก","001-01005-000     ","ถึง","VP-ADAPTOR-9V","วันที่ : 24/05/2569"
"","คลัง","","รหัสสินค้า","ชื่อสินค้า","","","","","","  จำนวน","","ราคาต่อหน่วย","","มูลค่าคงเหลือ","ยอดค้างรับ","ยอดค้างส่ง"
"","","","043-9PRHK-020","GIBSON TOP HAT KNOBS GOLD","","","","","",5,"ชุด",,"",0.00,"          49"
"","","","043-9PRJP-020","GIBSON JACK PLATE GOLD","","","","","",4,"ชุด",,"",0.00,"          26"
"","","","043-9PRJP-050","GIBSON JACK PLATE EXPLORER CHROME","","","","","",2,"ชุด",,"",0.00,"           8"
"","","","043-9PRKP-059","GB HISTORIC SPEC KNOB POINTERS NICKEL(4)","","","","","",1,"ชุด",,"",0.00,"          24"
"","","","043-9PRKP-060","GIBSON HISTORIC SPEC KNOB POINTER S GOLD (4)","","","","","",3,"ชุด",,"",0.00,"           7"
"","","","043-9PRMK-010","GB TOP HAT STYLE BLACK W/SILVER METAL INSERT","","","","","",4,"ชุด",,"",0.00,"          54"
"","","","043-9PRMK-020","GIBSON TOP HAT STYLE BLACK W/GOLD METAL INSE","","","","","",3,"ชุด",,"",0.00,"          46"
"","","","043-9PRMK-030","GB TOP HAT STYLE GOLD W/GOLD METAL INSER","","","","","",6,"ชุด",,"",0.00,"          60"
"","","","043-9PRPB-010","GIBSON PICKGUARD BRACKET GOLD","","","","","",5,"ชุด",,"",0.00,"          17"
"","","","043-9PRPB-020","GIBSON PICKGUARD BRACKET CHROME","","","","","",7,"ชุด",,"",0.00,"          11"
"","","","043-9PRPB-030","GIBSON PICKGUARD BRACKET NICKEL","","","","","",2,"ชุด",,"",0.00,"          18"
"","","","043-9PRPC-010","GIBSON NECK POSITION HUM.COVER CHROME","","","","","",3,"ตัว",,"",0.00,"          21"
"","","","043-9PRPC-015","GIBSON BRIDGE POSITION HUM.COVER CHROME","","","","","",3,"ตัว",,"",0.00,"          17"
"","","","043-9PRPC-020","GIBSON NECK POSITION HUM.COVER GOLD","","","","","",4,"ตัว",,"",0.00,"          21"
"","","","043-9PRPC-025","GIBSON BRIDGE POSITION HUM.COVER GOLD","","","","","",6,"ตัว",,"",0.00,"          24"
"","","","043-9PRPC-030","GIBSON NECK POSITION HUM.COVER NICKEL","","","","","",3,"ตัว",,"",0.00,"          33"
"","","","043-9PRPC-035","GIBSON BRIDGE POSITION HUM.COVER NICKEL","","","","","",2,"ตัว",,"",0.00,"          10"
"","","","043-9PRPC-050","GB P-90/P-100 PICKUP "SOAPBAR" COVER BLACK","","","","","",3,"ตัว",,"",0.00,"           3"
"","","","043-9PRPG-010","GIBSON LP STUDIO PICKGUARD BLACK","","","","","",1,"ชุด",,"",0.00,"           7"
"","","","043-9PRPG-020","GIBSON LP COSTOM PICKGUARD BLACK","","","","","",1,"ชุด",,"",0.00,"          13"
"","","","043-9PRPG-030","GIBSON LP STANDARD PICKGUARD CREME","","","","","",1,"ชุด",,"",0.00,"          30"
"","","","043-9PRPG-050","GIBSON HISTORIC 59 CREME PICKGUARD","","","","","",3,"ชุด",,"",0.00,"          12"
"","","","043-9PRPR-020","GIBSON PICKUP MTG.RING 3/8" BRIDGE BLACK","","","","","",3,"ชุด",,"",0.00,"          39"
"","","","043-9PRSK-010","GIBSON SPEED KNOBS BLACK","","","","","",2,"ชุด",,"",0.00,"          48"
"","","","043-9PRSK-020","GIBSON SPEED KNOBS GOLD","","","","","",7,"ชุด",,"",0.00,"          67"
"","","","043-9PRSP-010","GIBSON LP SWITCHPLATE COVER BLACK","","","","","",2,"ชุด",,"",0.00,"          23"
"","","","043-9PRTK-020","GIBSON TOGGLE SWITCH CAP WHITE","","","","","",5,"ตัว",,"",0.00,"          42"
"","","","043-9PRTR-010","GIBSON TRUSS ROD COVER BLACK","","","","","",14,"ชุด",,"",0.00,"          87","           2"
"","","","043-9PRTR-020","GIBSON TRUSS ROD COVER LES PAUL CUSTOM","","","","","",3,"ชุด",,"",0.00,"          21"
"","","","043-9PRTR-030","GIBSON TRUSS ROD COVER LP STANDARD","","","","","",4,"ชุด",,"",0.00,"          25"
"","","","043-9PRTR-040","GIBSON TRUSS ROD COVER LP STUDIO","","","","","",4,"ชุด",,"",0.00,"           9"
"","","","043-9PRWA-010","GIBSON SWITCHWASHER BLACK GOLD IMPRINT","","","","","",1,"อัน",,"",0.00,"          36"
"","","","043-9PRWA-020","GIBSON SWITCHWASHER BLACK / WHITE IMPRIN","","","","","",5,"อัน",,"",0.00,"          22"
"","","","043-9PRWA-030","GIBSON SWITCHWASHER CREME GOLD IMPRINT","","","","","",1,"อัน",,"",0.00,"          44"
"","","","043-9PSTS-020","GIBSON STRAIGHT TYPE W/CREAM SWITCH CAP","","","","","",8,"ตัว",,"",0.00,"          63"
"","Music Concept WT                                         ","หน้า   :       12"
"","สินค้าคงเหลือ แยกตามคลังสินค้า    ","ณ วันที่  24 พ.ค. 2569"
"","รหัสสินค้าจาก","001-01005-000     ","ถึง","VP-ADAPTOR-9V","วันที่ : 24/05/2569"
"","คลัง","","รหัสสินค้า","ชื่อสินค้า","","","","","","  จำนวน","","ราคาต่อหน่วย","","มูลค่าคงเหลือ","ยอดค้างรับ","ยอดค้างส่ง"
"","","","043-9PTTP-010","GIBSON STOP BAR CHROME","","","","","",3,"ชุด",,"",0.00,"           9"
"","","","043-9PTTP-020","GIBSON GOLD STOP BAR WITH STUDS & INSERT","","","","","",3,"ชุด",,"",0.00,"          12"
"","","","043-9PTTP-050","GIBSON BLACK CHROME STOP BAR WITH STUDS INSERT","","","","","",2,"ชุด",,"",0.00
"","","","043-9SAG-BRW11","GB BRITE WIRE REINFORCEC ACOUSTIC GTR STRING #11","","","","","",20,"ชุด",,"",0.00,"         863","          75"
"","","","043-9SAG-BRW12","GB BRITE WIRE REINFORCEC ACOUSTIC GTR STRING #12","","","","","",10,"ชุด",,"",0.00,"         160"
"","","","043-9SAG-CBRW11","GB COATED 80/20 BRONZE ACOUSTIC GTR STRING #BRW11","","","","","",2,"ชุด",,"",0.00,"          30"
"","","","043-9SAG-CPB11","GIBSON COATED PHOSPHOR BRONZE ACOUSTIC #11","","","","","",92,"ชุด",,"",0.00,"       1,087","          95"
"","","","043-9SAG-CPB12","GIBSON COATED PHOSPHOR BRONZE ACOUSTIC #12","","","","","",42,"ชุด",,"",0.00,"         510","          60"
"","","","043-9SAG-PB11","GB PHOSPHOR BRONZE ACOUSTIC GUITAR STRING #11","","","","","",36,"ชุด",,"",0.00,"         340","          70"
"","","","043-9SAG-PB12","GB PHOSPHOR BRONZE ACOUSTIC GUITAR STRING #12","","","","","",18,"ชุด",,"",0.00,"         150","          20"
"","","","043-9SEG-BWR10","GIBSON BRITE WIRE REINFORCEC ELE GTR STRING #10","","","","","",2,"ชุด",,"",0.00,"         718","          95"
"","","","043-9SEG-BWR9","GIBSON BRITE WIRE REINFORCEC ELE GTR STRING #9","","","","","",-1,"ชุด",,"",0.00,"         862","         140"
"","","","043-9SEG-HVR11","GIBSON VINT REISSUE ELEC GUITAR STRING LIGHT #11","","","","","",1,"ชุด",,"",0.00,"          40"
"","","","043-APRB12-74XH","GB STANDARD PICK(12) EXTRA HEAVY","","","","","",3,"แพ็ค",,"",0.00,"           3"
"","","","043-APRGG-74H","GIBSON STD PICK PACK (72 PCS) BLK HEAVY","","","","","",1,"ห่อ",,"",0.00,"           1"
"","","","043-APRT12-74M","GIBSON TORTOISE PICKS 12 PACKS MEDIUM","","","","","",1,"ห่อ",,"",0.00
"","","","043-ASPIN-HMB","GIBSON HUMMINGBIRD PIN","","","","","",1,"อัน",,"",0.00,"           5"
"","","","043-ASRET-RED","GIBSON STRAP THE RETRO RED","","","","","",1,"เส้น",,"",0.00,"          15"
"","","","043-ASSLSH-GLD","GB SLASH PREMIUM LEATHER GTR STRAP BLK","","","","","",1,"เส้น",,"",0.00,"           6"
"","","","043-CASEHP-GB","GIBSON HP GIGBAG LES PAUL/SG","","","","","",1,"ใบ",,"",0.00
"","","","043-CLOCK","EPIPHONE EUROPE ROHS RED WALL CLOCK","","","","","",8,"เรือน",,"",0.00
"","","","043-FLOOR MAT","EPIPHONE FLOOR MAT ARTWORK ( พรม )","","","","","",1,"ผืน",,"",0.00
"","","","043-GA-BKMC","GIBSON BLK TRUCKER SNAPBACK","","","","","",2,"ใบ",,"",0.00,"          37"
"","","","043-GA-GGTTH","GIBSON TRISTAR TRUCKER","","","","","",1,"ใบ",,"",0.00,"           9"
"","","","043-GA-LCSTRGMD","GIBSON STAR LOGO TEE (CHARCOAL),MEDIUM","","","","","",1,"ตัว",,"",0.00,"           4"
"","","","043-GA-SLSHBBHT","GIBSON SLASH "SKULLY" BASEBALL HAT","","","","","",3,"ใบ",,"",0.00,"          15"
"","","","043-GA-SLSHTRHTB","GIBSON SLASH "SKULLY" TRUCKER HAT, BLK/BLK","","","","","",2,"ใบ",,"",0.00,"          12"
"","","","043-GS-LGMOA","GIBSON ORIGINAL MUG. 12 oz GLASS","","","","","",1,"ใบ",,"",0.00,"           1","           4"
"","","","043-PU490RDBCC4","GB 490R-"MODERN CLASSIC"(RHYTH,DOUBLE,CHROME)","","","","","",2,"ตัว",,"",0.00,"           2"
"","","","043-PU57DBGC2","GB 57 CLASSIC (DOUBLE,BLK, GOLD COVER)","","","","","",1,"ตัว",,"",0.00,"           6"
"","","","043-PU57UDB2","GB 57 CLASSIC UNDERWOUND (DBL BLK,UNDERWOUND,2 CON","","","","","",1,"ชุด",,"",0.00,"           1"
"","","","043-PU57UZB2","GB 57 CLASSIC UNDERWOUND (ZEBRA, UNDERWOUND, 2 CON","","","","","",1,"ชุด",,"",0.00,"           1"
"","","","043-PUCBUDB2","GIBSON CSTM BUCKER UNDERWOOD HUMB PU DBL BLK","","","","","",1,"ตัว",,"",0.00,"           5"
"","","","043-STOOL","EPIPHONE STOOL ( เก้าอี้ )","","","","","",10,"ตัว",,"",0.00
"","","","044-01030","DIGITECH BASS SQUEEZE COMPRESSOR","","","","","",1,"เครื่อง",,"",0.00,"           1"
"","Music Concept WT                                         ","หน้า   :       13"
"","สินค้าคงเหลือ แยกตามคลังสินค้า    ","ณ วันที่  24 พ.ค. 2569"
"","รหัสสินค้าจาก","001-01005-000     ","ถึง","VP-ADAPTOR-9V","วันที่ : 24/05/2569"
"","คลัง","","รหัสสินค้า","ชื่อสินค้า","","","","","","  จำนวน","","ราคาต่อหน่วย","","มูลค่าคงเหลือ","ยอดค้างรับ","ยอดค้างส่ง"
"","","","044-31006","DIGITECH HARDWIRE DELAY LOOPER DL-8","","","","","",1,"ตัว",,"",0.00,"           4"
"","","","044-XMSV","DIGITECH X-SERIES MAIN SQUEEZE","","","","","",1,"ตัว",,"",0.00,"           2"
"","","","046-01015-PNB","STERLING JP157 FLAME MAPLE PURPLE NEBULA W/BAG","","","","","",1,"ตัว",,"",0.00,"           2"
"","","","046-01028-DBL","STERLING SR 30 DAPHNE BLUE","","","","","",1,"ตัว",,"",0.00,"           3"
"","","","046-01033-CFR","STERLING CUTLASS CT-50 HSS CHARCOAL FROST","","","","","",1,"ตัว",,"",0.00,"           4"
"","","","046-01033-FSV","STERLING CUTLASS HSS (CT50) IN FIRESMIST SILVER","","","","","",1,"ตัว",,"",0.00,"          15"
"","","","046-01038-TGE","STERLING MAJESTY MAJ200XFM TIGER EYE W/BAG","","","","","",1,"ตัว",,"",0.00,"           2"
"","","","046-01043-CGR","STERLING CUTLASS PLUS CT-50X HSS CHALK GREY","","","","","",1,"ตัว",,"",0.00,"           3"
"","","","046-01044-CBB","STERLING SABRE IN COBRA BURST","","","","","",1,"ตัว",,"",0.00,"           2"
"","","","046-01052-FMPS","STERIING KAIZEN 7 STRING IN FIREMIST PURPLE SATIN","","","","","",1,"ตัว",,"",0.00,"           2"
"","","","046-01052-SBK","STERIING KAIZEN 7 STRING IN STEALTH BLACK","","","","","",1,"ตัว",,"",0.00,"           2"
"","","","046-02003-BK","STERLING BASS SUB RAY 4 BLACK","","","","","",1,"ตัว",,"",0.00,"          44","           2"
"","","","046-02003-WS","STERLING BASS SUB RAY 4 WALNUT SATIN","","","","","",1,"ตัว",,"",0.00,"          23","           1"
"","","","046-02017-FPS","STERLING BONGO IN FIREMIST PURPLE SATIN","","","","","",1,"ตัว",,"",0.00,"           5"
"","","","046-02017-SBK","STERLING BONGO IN STEALTH BLACK","","","","","",1,"ตัว",,"",0.00,"           4"
"","","","046-RP018","STERLING  M807CR L4/R2","","","","","",1,"ตัว",,"",0.00
"","","","050-01013-01","ADAPTER BLACKSTAR FLY 3","","","","","",29,"อัน",,"",0.00
"","","","050-01017","ADAPTER 12V VOX DA5,TONELAB ST","","","","","",10,"อัน",,"",0.00,"          49","           1"
"","","","050-01018","ADAPTER TONELAB LE,TRITON LE,TR, KARMA","","","","","",2,"ชุด",,"",0.00,"","           2"
"","","","050-01019","ADAPTER 9V DC 800MA","","","","","",12,"ตัว",,"",0.00
"","","","050-01021","กระเป๋าสปันบอน MSCC LOGO (ใหญ่)","","","","","",13,"ใบ",,"",0.00
"","","","050-01022","กระเป๋าสปันบอน MSCC LOGO (เล็ก)","","","","","",37,"ใบ",,"",0.00
"","","","050-01024","ADAPTER 9V DC 2A (ใช้ได้กับ KORG หลายรุ่น)","","","","","",1,"ก้อน",,"",0.00,"          84","           1"
"","","","050-01025","ADAPTER 12V 3.34A (FOR KROME)","","","","","",10,"อัน",,"",0.00,"         140","           1"
"","","","050-01025-01","ADAPTER 12V 3.3A (FOR KORG B2)","","","","","",4,"อัน",,"",0.00,"         181"
"","","","050-01025-02","ADAPTER 12V 4A FOR HEADRUSH FLEXX PRIME","","","","","",34,"อัน",,"",0.00,"          37"
"","","","050-01026-01","ADAPTER 19.5V 4.74A (FOR LP380)","","","","","",8,"อัน",,"",0.00,"         109"
"","","","050-03001","ALLOCACOC POWERCUBE ORIGINAL USB RED (สินค้าแถม)","","","","","",2,"อัน",,"",0.00
"","","","050-03002","ALLOCACOC POWERCUBE EXTENDED USB RED (สินค้าแถม)","","","","","",2,"อัน",,"",0.00
"","","","050-04030","HEADRUSH BAG","","","","","",3,"ใบ",,"",0.00,"           9"
"","","","050-04030-01","HEADRUSH PRIME BAG","","","","","",1,"ใบ",,"",0.00,"          38"
"","","","050-07001","PAD THAI STRAP","","","","","",1,"เส้น",,"",0.00
"","","","050-10001","HERCULES GSP-40WB (ที่แขวนกีต้าร์)","","","","","",9,"ชุด",,"",0.00,"          12"
"","","","050-10007","HERCULES GS-301B (ขาตั้งกีตาร์โปร่ง)","","","","","",1,"ตัว",,"",0.00
"","","","050-10017","HERCULES GSP-38WB (ที่แขวนกีตาร์)","","","","","",1,"อัน",,"",0.00,"         116"
"","Music Concept WT                                         ","หน้า   :       14"
"","สินค้าคงเหลือ แยกตามคลังสินค้า    ","ณ วันที่  24 พ.ค. 2569"
"","รหัสสินค้าจาก","001-01005-000     ","ถึง","VP-ADAPTOR-9V","วันที่ : 24/05/2569"
"","คลัง","","รหัสสินค้า","ชื่อสินค้า","","","","","","  จำนวน","","ราคาต่อหน่วย","","มูลค่าคงเหลือ","ยอดค้างรับ","ยอดค้างส่ง"
"","","","050-10029","HERCULES GS-414B PLUS (ขาตั้งกีต้าร์)","","","","","",4,"ชุด",,"",0.00,"          29"
"","","","050-10030","STRING SWING ''CC01K'' (ที่แขวนกีต้าร์ ขาไม้)","","","","","",4,"ชุด",,"",0.00,"         110"
"","","","050-10031","STRING SWING ''CC02'' ที่แขวนกีต้าร์ ขาเหล็ก","","","","","",2,"ชุด",,"",0.00,"          38"
"","","","050-10032","STRING SWING ''CC151'' ที่แขวนกีต้าร์ 45 องศา","","","","","",4,"ชุด",,"",0.00,"           6"
"","","","050-11012","ขั้วถ่าน 9V สายออกกลาง ZH851","","","","","",69,"ชุด",,"",0.00
"","","","050-11013","MIC HOLDER (ที่หนีบไมค์)","","","","","",1,"ตัว",,"",0.00
"","","","050-11015","ปลั๊กแปลง EA-OF","","","","","",10,"ชิ้น",,"",0.00
"","","","050-11016","ปลั๊กแปลง TOSHINO","","","","","",13,"ชิ้น",,"",0.00
"","","","050-12016","หัวแจ๊ค MONO 6.35mm เหล็ก E201C(ใหม่)","","","","","",50,"อัน",,"",0.00
"","","","050-12017","หัวแจ๊ค TR ST 3.5MM เหล็กขั้วทองE168D","","","","","",1,"หัว",,"",0.00
"","","","050-12018","หัวแจ๊ค TS 6.35MM ขั้วงอ90องศา E201L","","","","","",4,"หัว",,"",0.00
"","","","050-12020","หัวแจ๊ค TS MONO 3.5MM เหล็กขั้วทองE168C","","","","","",5,"หัว",,"",0.00
"","","","050-12021","ปลั๊กลำโพง SPEAKON ต่อสายกดล๊อค E122","","","","","",9,"หัว",,"",0.00
"","","","050-12022","MUSIC CONCEPT INSTRUMENT EXTENDER","","","","","",100,"ตัว",,"",0.00
"","","","050-12023","MUSIC CONCEPT MICROPHONE EXTENDER","","","","","",100,"ตัว",,"",0.00
"","","","050-12024","JACK CONVERTER ADAPTER 3.5 MM to 1/4","","","","","",79,"อัน",,"",0.00
"","","","050-12025","JACK CONVERTER ADAPTER 1/4 to 3.5 MM","","","","","",104,"อัน",,"",0.00
"","","","050-13005","สายสัญญาณ MICROPHONE MONO CABLE/DYNACOM","","","","","",79,"เมตร",,"",0.00
"","","","050-13007","สาย AUX","","","","","",6,"เส้น",,"",0.00
"","","","050-15001","หนังสือ FRONTLINE","","","","","",59,"เล่ม",,"",0.00
"","","","050-20002","GIBSON TOTE BAG","","","","","",19,"ใบ",,"",0.00
"","","","050-20004","GIBSON PICK CASE","","","","","",136,"ชิ้น",,"",0.00
"","","","050-20005","GIBSON ACCESSORY PACK","","","","","",2,"ชิ้น",,"",0.00
"","","","050-20006","TOTE BAG (MUSIC CONCEPT X BIGTONE)","","","","","",47,"ใบ",,"",0.00
"","","","050-40001","ANATTA TREMOLO TENSION SPRING","","","","","",4,"ชุด",,"",0.00
"","","","050-40002","ANATTA BRIDGE TREMOLO (SET)","","","","","",4,"ชุด",,"",0.00
"","","","050-6960111072","FENDER NEWPORT LOUDSPEAKER BLUETOOTH - BLUE","","","","","",1,"เครื่อง",,"",0.00
"","","","050-6960213001","FENDER MONTEREY TWEED LOUDSPEAKER BLUETOOTH","","","","","",2,"เครื่อง",,"",0.00
"","","","050-99999","สินค้าซื้อมาขายไป","","","","","",1,"รายการ",,"",0.00
"","","","050-PM-KEYCHAIN","PROMARK FIREGRAIN KEY CHAIN","","","","","",39,"อัน",,"",0.00
"","","","051-04030","CD/OLARN, THE/กุมภาพันธ์ 2528(AM)","","","","","",1,"แผ่น",,"",0.00
"","","","051-06003","ผ้าไมโครไฟเบอร์ MUSIC CONCEPT(TB10-4040)","","","","","",24,"ผืน",,"",0.00,"       1,835","           2"
"","","","051-07004","VISUAL SOUND MUTI DC CABLE MC-5","","","","","",1,"เส้น",,"",0.00,"","           2"
"","","","051-10001","เก้าอี้เปียโน","","","","","",2,"ตัว",,"",0.00
"","","","051-11001","ที่เก็บกุญแจ MARSHALL JACK RACK II","","","","","",1,"อัน",,"",0.00,"","           1"
"","Music Concept WT                                         ","หน้า   :       15"
"","สินค้าคงเหลือ แยกตามคลังสินค้า    ","ณ วันที่  24 พ.ค. 2569"
"","รหัสสินค้าจาก","001-01005-000     ","ถึง","VP-ADAPTOR-9V","วันที่ : 24/05/2569"
"","คลัง","","รหัสสินค้า","ชื่อสินค้า","","","","","","  จำนวน","","ราคาต่อหน่วย","","มูลค่าคงเหลือ","ยอดค้างรับ","ยอดค้างส่ง"
"","","","051-11003","หนังสือ สัมพันธ์ "BY นรเทพ มาแสง"","","","","","",43,"เล่ม",,"",0.00
"","","","999-01001","เงินดาวน์","","","","","",99980,"รายการ",,"",0.00
"","","","999-01002","เงินมัดจำ","","","","","",99895,"รายการ",,"",0.00
"","","","999-01003","รับชำระหนี้","","","","","",99717,"รายการ",,"",0.00
"","","","BS-BA101004","BS FS-11 FOOT CONTROLLED ID CORE 20/40","","","","","",1,"อัน",,"",0.00,"          54"
"","","","BS-BA102016","BLACKSTAR FLY PACK BLK 3 W MINI AP, 3W EXT CAB","","","","","",2,"ตู้",,"",0.00,"          18"
"","","","BS-BA102018","BLACKSTAR FLY 3 BLUETOOTH MINI GTR AMP","","","","","",1,"ตู้",,"",0.00,"         238"
"","","","BS-BA102032","BLACKSTAR FLY 3 COMBO MINI AMP. VINTAGE","","","","","",2,"ตู้",,"",0.00,"          70"
"","","","BS-BA102066","BLACKSTAR FLY 3 ACOUSTIC","","","","","",2,"ตู้",,"",0.00,"          78"
"","","","BS-BA102068","BLACKSTAR FLY 3 ACOUSTIC CABINET","","","","","",1,"ตู้",,"",0.00,"           7"
"","","","BS-BA102089","BLACKSTAR FLY3 3W COMBO MINI AMP.SUGAR SKULL 2","","","","","",1,"ตู้",,"",0.00,"          18"
"","","","BS-BA102091","BLACKSTAR FLY SURF GREEN","","","","","",1,"ตู้",,"",0.00,"          26"
"","","","BS-BA102105","BLACKSTAR FLY 3 BASS SHELL PINK","","","","","",1,"ตู้",,"",0.00,"           9"
"","","","BS-BA102108","BLACKSTAR FLY 3 BABY BLUE UNION FLAG SPCL","","","","","",1,"ตู้",,"",0.00,"          14"
"","","","BS-BA119026","BLACKSTAR HT CLUB 40 MKII 6L6","","","","","",1,"ตัว",,"",0.00,"           4"
"","","","BS-BA126003","BLACKSTAR HT-5R MKII VALVE COMBO","","","","","",1,"ตู้",,"",0.00,"          28"
"","","","BS-BA126017","BLACKSTAR JJN-20R MKII","","","","","",1,"ตู้",,"",0.00,"           4"
"","","","BS-BA126029","BLACKSTAR HT-1RH MKII VALVE HEAD","","","","","",1,"ตู้",,"",0.00,"           9"
"","","","BS-BA129010-E","BLACKSTAR DEPT. 10 AMPED 3","","","","","",1,"ตู้",,"",0.00
"","","","BS-BA129012","BLACKSTAR DEPT. 10 AMPED 2","","","","","",2,"เครื่อง",,"",0.00,"           4"
"","","","BS-BA134014","BLACKSTAR STUDIO 10 EL34","","","","","",1,"ตู้",,"",0.00,"           5"
"","","","BS-BA134016","BLACKSTAR STUDIO 10 6L6 SURF GREEN","","","","","",1,"ตู้",,"",0.00,"           3"
"","","","BS-BA134019","BLACKSTAR CARMEN VANDENBERG 10","","","","","",1,"ตู้",,"",0.00,"           3"
"","","","BS-BA144024","BLACKSTAR SUPER FLY ACTIVE CAB","","","","","",1,"ตู้",,"",0.00,"           3","           3"
"","","","BS-BA144032","BLACKSTAR CB-1 SUPER FLY PADED GIGBAG","","","","","",1,"ใบ",,"",0.00,"           3"
"","","","BS-BA153006","BLACKSTAR SONNET 120 BLONDE","","","","","",2,"ตู้",,"",0.00,"           4"
"","","","BS-BA153010","BLACKSTAR SONNET 60 BLACK","","","","","",1,"ตู้",,"",0.00,"           7"
"","","","BS-BA154100","BLACKSTAR AMPLUG AP2-FLY GUITAR","","","","","",18,"ตัว",,"",0.00,"         165"
"","","","BS-BA155010","BLACKSTAR ID CORE STEREO 10 V4","","","","","",3,"ตู้",,"",0.00,"         170"
"","","","BS-BA155012","BLACKSTAR ID CORE STEREO 20 V4","","","","","",1,"ตู้",,"",0.00,"         172"
"","","","BS-BA155014","BLACKSTAR ID CORE STEREO 40 V4","","","","","",1,"ตู้",,"",0.00,"         126"
"","","","BS-BA169200","BLACKSTAR ZAM HTV 412B MKII DUMMY HEAD (ตัวโชว์)","","","","","",1,"เครื่อง",,"",0.00,"           1"
"","","","BS-BA169202","BLACKSTAR ZAM HTV 412B MKII DUMMY CAB (ตัวโชว์)","","","","","",1,"ตู้",,"",0.00,"           1"
"","","","BS-BA173010","BLACKSTAR SILVERLINE STANDARD 20W","","","","","",2,"ตู้",,"",0.00,"          10"
"","","","BS-BA174012","BLACKSTAR DEBUT BASS 25","","","","","",1,"ตู้",,"",0.00,"           8"
"","Music Concept WT                                         ","หน้า   :       16"
"","สินค้าคงเหลือ แยกตามคลังสินค้า    ","ณ วันที่  24 พ.ค. 2569"
"","รหัสสินค้าจาก","001-01005-000     ","ถึง","VP-ADAPTOR-9V","วันที่ : 24/05/2569"
"","คลัง","","รหัสสินค้า","ชื่อสินค้า","","","","","","  จำนวน","","ราคาต่อหน่วย","","มูลค่าคงเหลือ","ยอดค้างรับ","ยอดค้างส่ง"
"","","","BS-BA180023","BLACKSTAR ST. JAMES 6L6 TOBY LEE PACK","","","","","",1,"ตู้",,"",0.00,"           3"
"","","","BS-BA185010","BLACKSTAR DEPT. 10 AMPED 1","","","","","",1,"เครื่อง",,"",0.00,"           8"
"","","","BS-BA190010","BLACKSTAR LIVE L0GIC MIDI FOOTCONTROLLER","","","","","",1,"ตัว",,"",0.00,"          16"
"","","","BS-BA195010","BLACKSTAR DEPT.10 DUAL DRIVE","","","","","",1,"ตัว",,"",0.00,"          15"
"","","","BS-BA195016","BLACKSTAR DEPT. 10 BOOST","","","","","",1,"ตัว",,"",0.00,"          10"
"","","","BS-BA198024","BLACKSTAR DEBUT 15E BLACK","","","","","",1,"ตู้",,"",0.00,"          84"
"","","","BS-BA206010","BLACKSTAR BEAM HEADPHONE AMP","","","","","",7,"อัน",,"",0.00,"          76"
"","","","BS-BA220010","BLACKSTAR FLY3 CHARGE","","","","","",2,"ตู้",,"",0.00,"          53"
"","","","BS-BA227090","BLACKSTAR CARRY-ON BASS GIGBAG","","","","","",3,"ใบ",,"",0.00,"          17"
"","","","BS-BA231026","BLACKSTAR STD CABLE 6M S/A","","","","","",1,"เส้น",,"",0.00,"          10"
"","","","BS-BA231034","BLACKSTAR PROF INST CABLE 6M S/S SINGLE PACKED","","","","","",2,"เส้น",,"",0.00,"          15"
"","","","BS-BA231036","BLACKSTAR PROFESSIONAL INSTRUMENT CABLE 3M S/A","","","","","",1,"เส้น",,"",0.00,"          25"
"","","","BS-BA231038","BLACKSTAR PROFESSIONAL INSTRUMENT CABLE 6M S/A","","","","","",2,"เส้น",,"",0.00,"          10"
"","","","BS-BA231042","BLACKSTAR XLR CABLE 6M F/M","","","","","",1,"เส้น",,"",0.00,"          15"
"","","","BS-BA256020","BS FLOOR 1 MULTI-FX UNIT FS MODEL W/EXPRESSION PED","","","","","",2,"ตัว",,"",0.00,"          22"
"","","","BS-BA256022","BS FLOOR 2 MULTI-FX UNIT FS MODEL W/EXPRESSION PED","","","","","",2,"ตัว",,"",0.00,"          16"
"","","","BS-BA261010","BLACKSTAR IDX:50","","","","","",1,"ตู้",,"",0.00,"          18"
"","","","BS-BA278010","BLACKSTAR AIRWIRE I58-WIRELESS GTR SYSTEM","","","","","",5,"ตัว",,"",0.00,"          18"
"","","","BS-BA280010","BLACKSTAR BEAM MINI","","","","","",3,"ตู้",,"",0.00,"          10"
"","","","BS-BA282010","BLACKSTAR ARTIST FR STD 50W 1X12","","","","","",6,"ตู้",,"",0.00,"          21"
"","","","BS-BA282012","BLACKSTAR ARTIST FR SPECIAL STD 100W 1X12","","","","","",1,"ตัว",,"",0.00,"          19"
"","","","BS-BA900601","BLACKSTAR PSU-3 - 10V 3A - ID:CORE10/20","","","","","",1,"ตัว",,"",0.00,"          22"
"","","","BS-BA901008","BLACKSTAR FS-17 2 BUTTON","","","","","",2,"ตัว",,"",0.00,"           3"
"","","","BS-BA901014","BLACKSTAR FS-18 2 WAY FOOTCONTROLLER","","","","","",3,"อัน",,"",0.00
"","","","BS-FLOORMAT","BLACKSTAR FLOORMAT","","","","","",2,"ผืน",,"",0.00,"           2"
"","","","BS-LEDSIGN","BLACKSTAR LED SING","","","","","",1,"อัน",,"",0.00,"           3"
"","","","BS-STK01248","BLACKSTAR AUTHORISED DEALER STICKER","","","","","",49,"แผ่น",,"",0.00,"          50"
"","","","CR-CIB","CRUSH LUG COLOR INCERT BLACK","","","","","",4,"อัน",,"",0.00
"","","","DD-1DBU5-10","D'ADDARIO DURALIN STD GUITAR PICK IN BLUE MED-HVY","","","","","",7,"ตัว",,"",0.00,"         120"
"","","","DD-1DGN4-10","D'ADDARIO DURALIN STD GUITAR PICK IN GREEN MEDIUM","","","","","",4,"ตัว",,"",0.00,"         120"
"","","","DD-1DPR6-10","D'ADDARIO DURALIN STD GUITAR PICK IN PURPLE HVY","","","","","",7,"ตัว",,"",0.00,"         120"
"","","","DD-1DYL3-10","D'ADDARIO DURALIN STD GUITAR PICK IN YLW LIGHT/MED","","","","","",3,"ตัว",,"",0.00,"         120"
"","","","DD-EJ10","D'ADDARIO ACOUSTIC X-LIGHT EJ10 #10-47","","","","","",19,"ชุด",,"",0.00,"       2,090","         120"
"","","","DD-EJ11","D'ADDARIO ACOUSTIC LIGHT EJ11 #12-53","","","","","",11,"ชุด",,"",0.00,"         565","          51"
"","","","DD-EJ12","D'ADDARIO ACOUSTIC MEDIUM EJ12 #13-56","","","","","",10,"ชุด",,"",0.00,"          60"
"","Music Concept WT                                         ","หน้า   :       17"
"","สินค้าคงเหลือ แยกตามคลังสินค้า    ","ณ วันที่  24 พ.ค. 2569"
"","รหัสสินค้าจาก","001-01005-000     ","ถึง","VP-ADAPTOR-9V","วันที่ : 24/05/2569"
"","คลัง","","รหัสสินค้า","ชื่อสินค้า","","","","","","  จำนวน","","ราคาต่อหน่วย","","มูลค่าคงเหลือ","ยอดค้างรับ","ยอดค้างส่ง"
"","","","DD-EJ13","D'ADDARIO A. CUSTOM LIGHT EJ13 #11-52","","","","","",7,"ชุด",,"",0.00,"         530","          35"
"","","","DD-EJ15","D'ADDARIO A. PHOS BRZ X-LIGHT EJ15 #10-47","","","","","",12,"ชุด",,"",0.00,"       2,235","         160"
"","","","DD-EJ16-E","DD ACOUSTIC PHOS BRZ REG LIGHT #12-53 +1STRING","","","","","",10,"ชุด",,"",0.00,"         100"
"","","","DD-EJ21","DD ELEC GTR XL JAZZ LITE","","","","","",4,"ชุด",,"",0.00,"          42"
"","","","DD-EJ26","D'ADDARIO A. PHOS CSTM LIGHT EJ26 #11-52","","","","","",3,"ชุด",,"",0.00,"       1,680","         140"
"","","","DD-EJ27N","D'ADDARIO CLASSIC NYLON NORMAL TENSION EJ27N JADE","","","","","",6,"ชุด",,"",0.00,"       2,665","          82"
"","","","DD-EJ41","D'ADDARIO PHOS BRZ 12 STRING E-LIGHT EJ41 #9-45","","","","","",14,"ชุด",,"",0.00,"          30","          10"
"","","","DD-EJ45","D'ADDARIO PRO ARTE NYLON NORMAL TENSION EJ45","","","","","",1,"ชุด",,"",0.00,"         605","         175"
"","","","DD-EJ46","D'ADDARIO PRO ARTE NYLON HARD TENSION EJ46","","","","","",17,"ชุด",,"",0.00,"         440","          10"
"","","","DD-EJ46LP","D'ADDARIO PRO ARTE LIGHTLY POLISHED EJ46LP","","","","","",14,"ชุด",,"",0.00,"          20"
"","","","DD-EJ49","D'ADDARIO PRO ARTE BLACK NYLON EJ49","","","","","",11,"ชุด",,"",0.00,"         120"
"","","","DD-EJ65C","D'ADDARIO UKULELE CONCERT CLEAR NYLON","","","","","",6,"ชุด",,"",0.00,"         110","           2"
"","","","DD-EJ65S","D'ADDARIO UKULELE SOPRANO CLEAR NYLON","","","","","",13,"ชุด",,"",0.00,"          90","           4"
"","","","DD-EPS170-5","D'ADDARIO PRO STEELS 5-BASS REG LIGHT 45-130","","","","","",7,"ชุด",,"",0.00,"         298","           5"
"","","","DD-EPS530","DD PRO STEELS X-SUPER LIGHT EPS530 #8-32","","","","","",28,"ชุด",,"",0.00,"          50"
"","","","DD-EXL110","D'ADDARIO NICKEL WOUND REG LIGHT EXL110 #10-46","","","","","",95,"ชุด",0.04,"",3.66,"      35,242","       2,418"
"","","","DD-EXL110-7","D'ADDARIO NICKEL WOUND 7 STRING REG LIGHT#10-59","","","","","",15,"ชุด",,"",0.00,"         402","          68"
"","","","DD-EXL110BT","D'ADDARIO NICKEL WOUND REG BALANCE 10-46","","","","","",10,"ชุด",,"",0.00,"         130"
"","","","DD-EXL115","D'ADDARIO NICKEL WOUND MEDIUM EXL115 #11-49","","","","","",1,"ชุด",,"",0.00,"       1,513","         217"
"","","","DD-EXL115BT","DD NICKEL WOUND REG BALANCE 10-46","","","","","",30,"ตัว",,"",0.00,"          40"
"","","","DD-EXL120","D'ADDARIO NICKEL WOUND SUPER LIGHT EXL120 #9/42","","","","","",40,"ชุด",,"",0.00,"      13,683","       1,042"
"","","","DD-EXL120+","DD NICKEL SUPER LIGHT PLUS EXL120+ #9.5/44","","","","","",9,"ชุด",,"",0.00,"       1,130","         134"
"","","","DD-EXL120-7","D'ADDARIO NICKEL WOUND 7 STRING SUPER LIGHT 9-54","","","","","",19,"ชุด",,"",0.00,"          90","          20"
"","","","DD-EXL120BT","DD NICKEL WOUND SUPER LIGHT BALANCE 9-40","","","","","",10,"ชุด",,"",0.00,"          10"
"","","","DD-EXL125","D'ADDARIO  SUPER LIGHT TOP/REG BTM EXL125 #9-46","","","","","",7,"ชุด",,"",0.00,"         750","          19"
"","","","DD-EXL130","D'ADDARIO NICKEL WOUND X-SUPER LT EXL130 #8-38","","","","","",15,"ชุด",,"",0.00,"         200","          10"
"","","","DD-EXL140","D'ADDARIO LIGHT TOP/HEAVY BOTTOM EXL140 #10-52","","","","","",15,"ชุด",,"",0.00,"       1,070","           5"
"","","","DD-EXL150","D'ADDARIO 12 STRING REGULAR LIGHT EXL150 #10-46","","","","","",9,"ชุด",,"",0.00,"          30"
"","","","DD-EXL157","DD NICKEL WOUND BARITONE XL MED #14-68","","","","","",5,"ชุด",,"",0.00,"          52"
"","","","DD-EXL170","D'ADDARIO NICKEL WOUND BASS REG LIGHT #45-100","","","","","",6,"ชุด",,"",0.00,"       1,339","         116"
"","","","DD-EXL170-5","D'ADDARIO NICKEL WOUND 5-BASS REG LIGHT #45-130","","","","","",11,"ชุด",,"",0.00,"       1,308","         132"
"","","","DD-EXP115","D'ADDARIO COATED NICKEL MEDIUM EXP115 #11-49","","","","","",19,"ชุด",,"",0.00,"          40"
"","","","DD-EXP125","D'ADDARIO COATED SUPER LT TOP/REG BOTTOM #9-46","","","","","",22,"ชุด",,"",0.00,"          60","           1"
"","","","DD-EXP13","D'ADDARIO COATED A. EXP13 BRZ CUSTOM LIGHT 11-52","","","","","",1,"ชุด",,"",0.00,"          90"
"","","","DD-EXP15","D'ADDARIO COATED A. EXP15 PHOS BRZ X-LITE 10/47","","","","","",7,"ชุด",,"",0.00,"         330","          10"
"","Music Concept WT                                         ","หน้า   :       18"
"","สินค้าคงเหลือ แยกตามคลังสินค้า    ","ณ วันที่  24 พ.ค. 2569"
"","รหัสสินค้าจาก","001-01005-000     ","ถึง","VP-ADAPTOR-9V","วันที่ : 24/05/2569"
"","คลัง","","รหัสสินค้า","ชื่อสินค้า","","","","","","  จำนวน","","ราคาต่อหน่วย","","มูลค่าคงเหลือ","ยอดค้างรับ","ยอดค้างส่ง"
"","","","DD-EXP17","D'ADDARIO COATED A. EXP17 PHOS BRZ MED 13/56","","","","","",10,"ชุด",,"",0.00
"","","","DD-EZ890","D'ADDARIO A. 85/15 BRONZE SUPER LT EZ890 #9-45","","","","","",107,"ชุด",,"",0.00,"       8,649","         445"
"","","","DD-EZ900","D'ADDARIO A. 85/15 BRONZE X-LIGHT EZ900 #10-50","","","","","",30,"ชุด",,"",0.00,"      52,885","       1,846"
"","","","DD-EZ910","D'ADDARIO A. 85/15 BRONZE LIGHT EZ910 #11-52","","","","","",28,"ชุด",,"",0.00,"      16,395","         910"
"","","","DD-EZ920","D'ADDARIO A. 85/15 BRONZE MED LIGHT EZ920 #12-54","","","","","",20,"ชุด",,"",0.00,"       5,350","         311"
"","","","DD-NW024","D'ADDARIO NICKEL WOUND STRING #024","","","","","",15,"เส้น",,"",0.00,"         180","          60"
"","","","DD-NW030","D'ADDARIO NICKEL WOUND STRING #030","","","","","",26,"เส้น",,"",0.00,"          30"
"","","","DD-NW032","D'ADDARIO NICKEL WOUND STRING #032","","","","","",15,"เส้น",,"",0.00,"          13"
"","","","DD-NW036","D'ADDARIO NICKEL WOUND STRING #036","","","","","",19,"เส้น",,"",0.00,"          97","          10"
"","","","DD-NW042","D'ADDARIO NICKEL WOUND STRING #042","","","","","",17,"เส้น",,"",0.00,"          50"
"","","","DD-NW046","D'ADDARIO NICKEL WOUND STRING #046","","","","","",26,"เส้น",,"",0.00,"          81","          10"
"","","","DD-NW052","D'ADDARIO NICKEL WOUND STRING #052","","","","","",12,"เส้น",,"",0.00,"          35"
"","","","DD-NW054","D'ADDARIO NICKEL WOUND STRING #054","","","","","",9,"เส้น",,"",0.00,"          25","          10"
"","","","DD-NW059","D'ADDARIO NICKEL WOUND STRING #059","","","","","",4,"เส้น",,"",0.00,"          27"
"","","","DD-NW062","D'ADDARIO NICKEL WOUND STRING #062","","","","","",5,"เส้น",,"",0.00,"          25"
"","","","DD-NYXL0942","D'ADDARIO NYXL0942 SUPER LIGHT #9-42","","","","","",13,"ชุด",,"",0.00,"         210","          30"
"","","","DD-NYXL0946","D'ADDARIO NYXL0946 SUPER LT TOP/REG BTM #9-46","","","","","",13,"ชุด",,"",0.00,"         115"
"","","","DD-NYXL1052","D'ADDARIO NYXL1052 LIGHT TOP/HEAVY BTM #10-52","","","","","",2,"ชุด",,"",0.00,"         130"
"","","","DD-NYXL1149","D'ADDARIO NYXL1149 MEDIUM #11-49","","","","","",15,"ชุด",,"",0.00,"         120"
"","","","DD-NYXL45100","DD NYXL SET LONG SCALE REG LIGHT 45/100","","","","","",16,"ชุด",,"",0.00,"         130","           6"
"","","","DD-NYXL45130","DD NYXL LONG SCALE REG 5 STRING 45/130","","","","","",2,"ชุด",,"",0.00,"         160","           9"
"","","","DD-PH-01","D'ADDARIO PICK HOLDER","","","","","",1,"อัน",,"",0.00,"          10"
"","","","DD-PL008","D'ADDARIO PLAIN STEEL SINGLE #008","","","","","",6,"เส้น",,"",0.00,"          10"
"","","","DD-PL009","D'ADDARIO PLAIN STEEL SINGLE #009","","","","","",28,"เส้น",,"",0.00,"       2,093","         330"
"","","","DD-PL010","D'ADDARIO PLAIN STEEL SINGLE #010","","","","","",39,"เส้น",,"",0.00,"       2,582","         289"
"","","","DD-PL011","D'ADDARIO PLAIN STEEL SINGLE #011","","","","","",22,"เส้น",,"",0.00,"       1,221","          55"
"","","","DD-PL012","D'ADDARIO PLAIN STEEL SINGLE #012","","","","","",5,"เส้น",,"",0.00,"         192","          35"
"","","","DD-PL013","D'ADDARIO PLAIN STEEL SINGLE #013","","","","","",32,"เส้น",,"",0.00,"         997","          25"
"","","","DD-PL014","D'ADDARIO PLAIN STEEL SINGLE #014","","","","","",8,"เส้น",,"",0.00,"         454","          42"
"","","","DD-PL016","D'ADDARIO PLAIN STEEL SINGLE #016","","","","","",17,"เส้น",,"",0.00,"         548","         100"
"","","","DD-XSAPB1152","DADDARIO SET ACOUSTIC XS CSTM LIGHT","","","","","",7,"ชุด",,"",0.00,"         829","          32"
"","","","DD-XSAPB1253","DADDARIO SET ACOUSTIC XS LIGHT","","","","","",5,"ชุด",,"",0.00,"         529","          14"
"","","","DD-XSE0942","DD XSE NICKLE-PLATED STEEL COATED SUPER LIGHT 9-42","","","","","",22,"ชุด",,"",0.00,"         805","          67"
"","","","DD-XSE0946","DD XSE NICK-PLAT STE. COATED SUPER LIGHT TOP 09-46","","","","","",22,"ชุด",,"",0.00,"         170"
"","","","DD-XSE1046","DD XSE NICK-PLAT STE. COATED REGULAR LIGHT 10-46","","","","","",33,"ชุด",,"",0.00,"       2,255","         195"
"","Music Concept WT                                         ","หน้า   :       19"
"","สินค้าคงเหลือ แยกตามคลังสินค้า    ","ณ วันที่  24 พ.ค. 2569"
"","รหัสสินค้าจาก","001-01005-000     ","ถึง","VP-ADAPTOR-9V","วันที่ : 24/05/2569"
"","คลัง","","รหัสสินค้า","ชื่อสินค้า","","","","","","  จำนวน","","ราคาต่อหน่วย","","มูลค่าคงเหลือ","ยอดค้างรับ","ยอดค้างส่ง"
"","","","DD-XSE1149","DD XSE NICKLE-PLAT STEEL COATED MEDIUM LIGHT 11-49","","","","","",11,"ชุด",,"",0.00,"         180"
"","","","DD-XTABR1047","DADDARIO ACOUSTIC STRING XT 80/20 X-LIGHT","","","","","",9,"ชุด",,"",0.00,"         135","          40"
"","","","DD-XTABR1152","DADDARIO ACOUSTIC STRING XT 80/20 CST LIGHT","","","","","",5,"ชุด",,"",0.00,"         130","          10"
"","","","DD-XTABR1253","DADDARIO ACOUSTIC STRING XT 80/20 LIGHT","","","","","",7,"ชุด",,"",0.00,"         215","          20"
"","","","DD-XTAPB1047","DADDARIO ACOUSTIC STRING XT PHOS BRZ LIGHT 10-47","","","","","",3,"ชุด",,"",0.00,"         655"
"","","","DD-XTAPB1253","DD ACOUSTIC STRING XT PHOS BRZ LIGHT 12-53","","","","","",9,"ชุด",,"",0.00,"         270"
"","","","DD-XTAPB1356","DD ACOUSTIC STRING XT PHOS BRZ MED 13-56","","","","","",5,"ชุด",,"",0.00,"          40"
"","","","DD-XTE0942","DD NICKLE PLATED SUPER LIGHT 09-42","","","","","",10,"ชุด",,"",0.00,"         435","          60"
"","","","DD-XTE0946","DD XT NICKLE PLATED SUPER LIGHT TOP REG 09-46","","","","","",16,"ชุด",,"",0.00,"         170"
"","","","DD-XTE1046","DD NICKLE PLATED REGULAR LIGHT 10-46","","","","","",1,"ชุด",,"",0.00,"         825","          90"
"","","","DD-XTE1052","DD NICKLE PLATED LIGHT TOP HVY BOTTOM 10-52","","","","","",13,"ชุด",,"",0.00,"         170"
"","","","DD-XTE1149","DD NICKLE PLATED MEDIUM 11-49","","","","","",20,"ชุด",,"",0.00,"         115"
"","","","EB-01008","ERNIE BALL GUITAR STRING .008","","","","","",21,"เส้น",,"",0.00,"          42"
"","","","EB-01009","ERNIE BALL GUITAR STRING .009","","","","","",6,"เส้น",,"",0.00,"       1,126","         325"
"","","","EB-01010","ERNIE BALL GUITAR STRING .010","","","","","",22,"เส้น",,"",0.00,"       2,234","         346"
"","","","EB-01011","ERNIE BALL GUITAR STRING .011","","","","","",1,"เส้น",,"",0.00,"         770","         199"
"","","","EB-01013","ERNIE BALL GUITAR STRING .013","","","","","",16,"เส้น",,"",0.00,"         644","         108"
"","","","EB-01017","ERNIE BALL GUITAR STRING .017","","","","","",17,"เส้น",,"",0.00,"         700","          48"
"","","","EB-01126","ERNIE BALL GUITAR STRING .026","","","","","",1,"เส้น",,"",0.00,"         730"
"","","","EB-01132","ERNIE BALL GUITAR STRING .032","","","","","",31,"เส้น",,"",0.00,"          60"
"","","","EB-01136","ERNIE BALL GUITAR STRING .036","","","","","",4,"เส้น",,"",0.00,"         144"
"","","","EB-01142","ERNIE BALL GUITAR STRING .042","","","","","",17,"เส้น",,"",0.00,"          12"
"","","","EB-01160","ERNIE BALL GUITAR STRING .060 GAUGE","","","","","",3,"เส้น",,"",0.00,"          27"
"","","","EB-01162","ERNIE BALL GUITAR STRING .062 GAUGE","","","","","",5,"เส้น",,"",0.00,"          24"
"","","","EB-01170","ERNIE BALL GUITAR STRING .070 GAUGE","","","","","",3,"เส้น",,"",0.00,"          78"
"","","","EB-01420","ERNIE BALL STRING EARTHWOOD .020","","","","","",16,"เส้น",,"",0.00,"         246","          96"
"","","","EB-01422","ERNIE BALL STRING EARTHWOOD .022","","","","","",4,"เส้น",,"",0.00,"          90","          66"
"","","","EB-02003","ERNIE BALL EARTHWOOD MEDIUM LIGHT 12/54","","","","","",34,"ชุด",,"",0.00,"       1,128","          33"
"","","","EB-02004","ERNIE BALL STRING EARTHWOOD LIGHT 011/05","","","","","",47,"ชุด",,"",0.00,"       4,020","         529"
"","","","EB-02006","ERNIE BALL STRING EARTHWOOD EXTRA 010/05","","","","","",10,"ชุด",,"",0.00,"       8,290","       1,383"
"","","","EB-02017","ERNIE BALL ULTRA SLNKY PARADIGM ELEC 10/48","","","","","",9,"ชุด",,"",0.00,"          12"
"","","","EB-02018","ERNIE BALL PRIMO SLNKY PARADIGM ELEC 9.5/44","","","","","",10,"ชุด",,"",0.00,"          24"
"","","","EB-02020","ERNIE BALL PARADIGM POWER SLINKY 11/48","","","","","",18,"ชุด",,"",0.00,"          78","           6"
"","","","EB-02021","ERNIE BALL PARADIGM REGULAR SLINKY 10/46","","","","","",4,"ชุด",,"",0.00,"         234","           6"
"","","","EB-02022","ERNIE BALL PARADIGM HYBRID SLINKY 09/46","","","","","",5,"ชุด",,"",0.00,"          42"
"","Music Concept WT                                         ","หน้า   :       20"
"","สินค้าคงเหลือ แยกตามคลังสินค้า    ","ณ วันที่  24 พ.ค. 2569"
"","รหัสสินค้าจาก","001-01005-000     ","ถึง","VP-ADAPTOR-9V","วันที่ : 24/05/2569"
"","คลัง","","รหัสสินค้า","ชื่อสินค้า","","","","","","  จำนวน","","ราคาต่อหน่วย","","มูลค่าคงเหลือ","ยอดค้างรับ","ยอดค้างส่ง"
"","","","EB-02023","ERNIE BALL PARADIGM SUPER SLINKY 09/42","","","","","",10,"ชุด",,"",0.00,"         125"
"","","","EB-02026","ERNIE BALL PARADIGM NOT EVEN SLINKY 12/56","","","","","",10,"ชุด",,"",0.00,"          24"
"","","","EB-02076","ERNIE BALL PARADIGM PHOS MED LIGHT 12/54","","","","","",9,"ชุด",,"",0.00,"          18"
"","","","EB-02078","EB PARADIGM PHOSPHOR BRONZE LIGHT 11/52","","","","","",7,"ชุด",,"",0.00,"          42","           3"
"","","","EB-02080","ERNIE BALL PARADIGM PHOSPHOR EXTRA LIGHT10/50","","","","","",9,"ชุด",,"",0.00,"          48","           3"
"","","","EB-02144","ERNIE BALL EARTHWOOD MED PHOS BRONZ#13","","","","","",18,"ชุด",,"",0.00,"          24"
"","","","EB-02145","EB EARTHWOOD CSTM LIGHT PHOS BRONZ #11.5-54","","","","","",3,"ชุด",,"",0.00,"          12"
"","","","EB-02211","ERNIE BALL MONDO SLINKY 10.5/52","","","","","",19,"ชุด",,"",0.00,"         108","           4"
"","","","EB-02214","ERNIE BALL STRING MAMMOTH SLINKGY 12/62","","","","","",15,"ชุด",,"",0.00,"         144","           2"
"","","","EB-02216","ERNIE BALL SKINNY TOP BEEFY BOTTOM 10/54","","","","","",11,"ชุด",,"",0.00,"         192","           5"
"","","","EB-02218","ERNIE BALL JOHN MAYER SILER SLINKY NICKEL GUITAR S","","","","","",23,"ชุด",,"",0.00,"         216","          12"
"","","","EB-02220","ERNIE BALL STRING POWER SLINKY 011/048","","","","","",7,"ชุด",,"",0.00,"       2,004","         167"
"","","","EB-02221","ERNIE BALL STRING REGULAR SLINKY 010/046","","","","","",48,"ชุด",,"",0.00,"      33,804","       3,177"
"","","","EB-02222","ERNIE BALL STRING HYBRID SLINKY 009/046","","","","","",54,"ชุด",,"",0.00,"       3,882","         553"
"","","","EB-02223","ERNIE BALL STRING SUPER SLINKY 009/042","","","","","",57,"ชุด",,"",0.00,"      15,310","       1,692"
"","","","EB-02224","ERNIE BALL TURBO SLINKY NCKL 9.5/46","","","","","",23,"ชุด",,"",0.00,"       1,240","         138"
"","","","EB-02225","ERNIE BALL STRING EXTRA SLINKY 008/038","","","","","",6,"ชุด",,"",0.00,"         432","          48"
"","","","EB-02239","ERNIE BALL STRING RPS 9 SLINKY 009/042","","","","","",19,"ชุด",,"",0.00,"         228","          12"
"","","","EB-02240","ERNIE BALL STRING RPS 10 SLINKY 010/046","","","","","",29,"ชุด",,"",0.00,"         946","          12"
"","","","EB-02242","ERNIE BALL STRING RPS 11 POWER 011/048","","","","","",14,"ชุด",,"",0.00,"         180"
"","","","EB-02346","EB MED LIGHT EARTHWOOD BELL BRONZE 12-54","","","","","",23,"ชุด",,"",0.00,"          36"
"","","","EB-02348","EB LIGHT EARTHWOOD BELL BRONZE 11-52","","","","","",23,"ชุด",,"",0.00,"          36"
"","","","EB-02350","EB EXTRA LIGHT EARTHWOOD BELL BRONZE 10-50","","","","","",19,"ชุด",,"",0.00,"          36"
"","","","EB-02403","ERNIE BALL GUITAR STRING NYLON PALLA","","","","","",3,"ชุด",,"",0.00,"         420","          12"
"","","","EB-02580","EB LGHT STEEL FLATWOUND ELEC. GTR STRING 11/50","","","","","",5,"ชุด",,"",0.00,"          12"
"","","","EB-02582","EB MED-LGHT STEEL FLATWOUND ELEC. GTR STRING 12/52","","","","","",1,"ชุด",,"",0.00,"          12"
"","","","EB-02590","EB POWER SLINKY FLATWOUND ELEC. GTR STRING 11-48","","","","","",13,"ชุด",,"",0.00,"          24"
"","","","EB-02591","EB REGULAR SLINKY FLATWOUND ELEC. GTR STRING 10-46","","","","","",4,"ชุด",,"",0.00,"          30"
"","","","EB-02593","EB SUPER SLINKY FLATWOUND ELEC. GTR STRING 09-42","","","","","",17,"ชุด",,"",0.00,"          24"
"","","","EB-02621","ERNIE BALL 7 STRING REGULAR SLINKY 010/056","","","","","",9,"ชุด",,"",0.00,"         420","          18"
"","","","EB-02623","ERNIE BALL 7 STRING SUPER SLINKY 009/052","","","","","",2,"ชุด",,"",0.00,"         132","          14"
"","","","EB-02624","ERNIE BALL 8 STRING TOP HEAVY BUTTON 09/80","","","","","",4,"ชุด",,"",0.00,"          59"
"","","","EB-02625","ERNIE BALL NICKEL 8-STRING 010/074","","","","","",6,"ชุด",,"",0.00,"          64"
"","","","EB-02626","ERNIE BALL STRING NOT EVEN SLINKY 12/56","","","","","",1,"ชุด",,"",0.00,"         372","           3"
"","","","EB-02627","ERNIE BALL STRING BEEFY SLINKY 011/054","","","","","",59,"ชุด",,"",0.00,"         336"
"","Music Concept WT                                         ","หน้า   :       21"
"","สินค้าคงเหลือ แยกตามคลังสินค้า    ","ณ วันที่  24 พ.ค. 2569"
"","รหัสสินค้าจาก","001-01005-000     ","ถึง","VP-ADAPTOR-9V","วันที่ : 24/05/2569"
"","คลัง","","รหัสสินค้า","ชื่อสินค้า","","","","","","  จำนวน","","ราคาต่อหน่วย","","มูลค่าคงเหลือ","ยอดค้างรับ","ยอดค้างส่ง"
"","","","EB-02748","EB EXTRA LIGHT PINO PAL SMOOTHIES FLAT BASS 38-98","","","","","",7,"ชุด",,"",0.00,"          12"
"","","","EB-02749","EB MED PINO PAL SMOOTHIES FLAT BASS 43-108","","","","","",5,"ชุด",,"",0.00,"           6"
"","","","EB-02806","ERNIE BALL BASS FLAT WOUND III 045/100 S","","","","","",6,"ชุด",,"",0.00,"         123"
"","","","EB-02817","EB POWER SLINKY FLATWOUND SHORT SCALE BASS 50-110","","","","","",5,"ชุด",,"",0.00,"           6"
"","","","EB-02818","EB REGULAR SLINKY FLATWOUND SHORT SCALE BASS45-105","","","","","",3,"ชุด",,"",0.00,"          12","           3"
"","","","EB-02821","ERNIE BALL BASS 5 STRING POWER 50/135 SET","","","","","",8,"ชุด",,"",0.00,"         101"
"","","","EB-02833","ERNIE BALL BASS HYBRID SLINKY 045/105 SET","","","","","",4,"ชุด",,"",0.00,"         381","          30"
"","","","EB-02834","ERNIE BALL BASS SUPER SLINKY 045/100 SET","","","","","",8,"ชุด",,"",0.00,"       1,227","         179"
"","","","EB-02835","ERNIE BALL BASS EXTRA SLINKY 040/095 SET","","","","","",11,"ชุด",,"",0.00,"          92","           3"
"","","","EB-02836","ERNIE BALL BASS 5 STRING 045/130 SET","","","","","",7,"ชุด",,"",0.00,"       1,028","         117"
"","","","EB-02838","EB NICKEL WOUND LONG SCALE BASS 6 STR 32-130","","","","","",17,"ชุด",,"",0.00,"          24"
"","","","EB-03006","EB EARTHWOOD EXTRA LIGHT 10/50 3PKG","","","","","",1,"แพ็ค",,"",0.00,"           3"
"","","","EB-03120","ERNIE BALL COATED POWER SLINKY 11/48","","","","","",20,"ชุด",,"",0.00
"","","","EB-03121","ERNIE BALL COATED REGULAR SLINKY 10/46","","","","","",6,"ชุด",,"",0.00,"          24"
"","","","EB-03123","ERNIE BALL COATED SUPER  SLINKY 09/42","","","","","",14,"ชุด",,"",0.00,"          24"
"","","","EB-03213","ERNIE BALL MEGA SLINKY NCKL 10.5/48 3 PKG","","","","","",6,"แพ็ค",,"",0.00,"          15"
"","","","EB-03226","ERNIE BALL BURLY SLINKY NCKL 11/52 3 PKG","","","","","",2,"แพ็ค",,"",0.00,"          79"
"","","","EB-03817-A","EB JOHN MAYER SILVER SLINKY STRING 10.5/47 (1 ชุด)","","","","","",18,"ชุด",,"",0.00,"","           4"
"","","","EB-03818","EB JOHN MAYER SLINKY STRING 10.5/47-3PACK","","","","","",8,"แพ็ค",,"",0.00,"         151"
"","","","EB-03826","EB TIM HENSON SLINKY COBAL 9.5-46","","","","","",3,"ชุด",,"",0.00,"         108"
"","","","EB-03829","EB TIM HENSON CLASSIC GUITAR STRINGS","","","","","",10,"ชุด",,"",0.00,"          72"
"","","","EB-03832","ERNIE BALL BASS COATED REGULAR 50/105","","","","","",1,"ชุด",,"",0.00
"","","","EB-04001","EB GLASS VINT. ELECTRIC GUITAR STRING (4)","","","","","",1,"ชุด",,"",0.00
"","","","EB-04002","EB GLASS CLASSIC MUSIC MAN GUYS PINT (4)","","","","","",2,"ชุด",,"",0.00
"","","","EB-04040","ERNIE BALL STRAP RED","","","","","",2,"เส้น",,"",0.00,"         291","           7"
"","","","EB-04044","ERNIE BALL STRAP RAINBOW","","","","","",2,"เส้น",,"",0.00,"         737","          14"
"","","","EB-04045","ERNIE BALL STRAP PURPLE","","","","","",7,"เส้น",,"",0.00,"         233","           4"
"","","","EB-04046","ERNIE BALL STRAP GREY","","","","","",2,"เส้น",,"",0.00,"         413","          10"
"","","","EB-04048","ERNIE BALL STRAP OLIVE","","","","","",1,"เส้น",,"",0.00,"         313","           7"
"","","","EB-04050","ERNIE BALL STRAP FOREST GREEN","","","","","",2,"เส้น",,"",0.00,"         266","           6"
"","","","EB-04119","ERNIE BALL PEGWINDER","","","","","",6,"อัน",,"",0.00,"          93","          20"
"","","","EB-04138","EB 2.5" ITALIAN LEATHER W/FUR PADDING STRAP CHESTN","","","","","",1,"เส้น",,"",0.00,"           4"
"","","","EB-04146","ERNIE BALL WIDE NEOPRENE POLYLOCK COMEFORT STRAP","","","","","",2,"เส้น",,"",0.00,"          74"
"","","","EB-04222","EB INSTRUMENT POLISH W/ CLOTH","","","","","",12,"ชุด",,"",0.00,"          38"
"","","","EB-04225","EB INSRUMENT POLISH W/CLOTH 20 OZ-3PK","","","","","",2,"แพ็ค",,"",0.00,"          18"
"","Music Concept WT                                         ","หน้า   :       22"
"","สินค้าคงเหลือ แยกตามคลังสินค้า    ","ณ วันที่  24 พ.ค. 2569"
"","รหัสสินค้าจาก","001-01005-000     ","ถึง","VP-ADAPTOR-9V","วันที่ : 24/05/2569"
"","คลัง","","รหัสสินค้า","ชื่อสินค้า","","","","","","  จำนวน","","ราคาต่อหน่วย","","มูลค่าคงเหลือ","ยอดค้างรับ","ยอดค้างส่ง"
"","","","EB-04259","ERNIE BALL POLY PRO PICKHOLDER STRAP WHITE","","","","","",6,"เส้น",,"",0.00,"           7"
"","","","EB-04276","ERNIE BALL FRETBOARD CONDITIONER (PACK 6)","","","","","",4,"กล่อง",,"",0.00,"          50"
"","","","EB-04277","ERNIE BALL STRING CLEANER (PACK 6)","","","","","",3,"กล่อง",,"",0.00,"          78","          12"
"","","","EB-04278","ERNIE BALL BODY POLISH (PACK 6)","","","","","",3,"กล่อง",,"",0.00,"          47"
"","","","EB-04279","EB WONDER WIPES MULTI PACK","","","","","",2,"ชุด",,"",0.00,"           5"
"","","","EB-04696","EB MIDNIGHT PAISLEY STRAP","","","","","",2,"เส้น",,"",0.00,"          28"
"","","","EB-04699","EB PEACE LOVE DOVE BEIGE/NAVY BLUE STRAP","","","","","",3,"เส้น",,"",0.00,"          57"
"","","","EB-04764","EB VINT.ESTABLISH 1962 EAGLE T-SHIRT SIZE L","","","","","",1,"ตัว",,"",0.00
"","","","EB-04852","ERNIE BALL SLINKY TILL DEATH T-SHIRT MED","","","","","",1,"ตัว",,"",0.00,"           2"
"","","","EB-04907","EB GREEN SLINKY ADULT MASK","","","","","",4,"อัน",,"",0.00,"           8"
"","","","EB-04910","EB WHITE EAGLE ADULT MASK","","","","","",2,"อัน",,"",0.00,"           8"
"","","","EB-05320","ERNIE BALL NEON GREEN STRAP","","","","","",4,"เส้น",,"",0.00,"          25","           3"
"","","","EB-05323","ERNIE BALL ALBUQUERQUE NOON STRAP","","","","","",2,"เส้น",,"",0.00,"          40"
"","","","EB-05330","EB ROYAL FLUSH RED JACQUARD STRAP","","","","","",7,"เส้น",,"",0.00,"          18"
"","","","EB-05357","EB CLASSIC JAQUARD STRAP VANILLA ROSE","","","","","",5,"เส้น",,"",0.00,"          14"
"","","","EB-05358","EB CLASSIC JAQUARD STRAP TANGERINE ROSE","","","","","",4,"เส้น",,"",0.00,"          14"
"","","","EB-05360","EB CLASSIC JAQUARD STRAP PLEASNAT PHEASNT","","","","","",1,"เส้น",,"",0.00,"          14"
"","","","EB-05361","EB CLASSIC JAQUARD STRAP WESTERN ROSE","","","","","",4,"เส้น",,"",0.00,"          10"
"","","","EB-05363","EB CLASSIC JAQUARD STRAP TANGERINE BLOSSOM","","","","","",1,"เส้น",,"",0.00,"          16"
"","","","EB-05364","EB CLASSIC JAQUARD STRAP LAVENDER BLOSSOM","","","","","",3,"เส้น",,"",0.00,"          23"
"","","","EB-05365","EB POLYPRO ACOUSTIC GUITAR STRAP BLACK","","","","","",2,"เส้น",,"",0.00,"          28"
"","","","EB-05368","EB POLYPRO ACOUSTIC GUITAR STRAP CREAM","","","","","",4,"เส้น",,"",0.00,"          18"
"","","","EB-05372","ERNIE BALL CLASSIC JACQUARD STRAP BLK PLESANT","","","","","",2,"เส้น",,"",0.00,"          10"
"","","","EB-05374","EB CLOUD COMFORT GRT/BASS STRAP WIDE","","","","","",3,"เส้น",,"",0.00,"          16"
"","","","EB-05397","EB PREMIUM GTR/BASS STRAP HOLE LOTTA METAL SILVER","","","","","",1,"เส้น",,"",0.00,"          20"
"","","","EB-05398","EB PREMIUM GTR/BA STRAP HOLE LOTTA METAL GOLD","","","","","",2,"เส้น",,"",0.00,"          12"
"","","","EB-05618","ERNIE BALL STRAP BLOCKS 4 PK PURPLE","","","","","",1,"แพ็ค",,"",0.00,"          37","           2"
"","","","EB-05619","ERNIE BALL STRAP BLOCKS 4 PK BLUE","","","","","",1,"แพ็ค",,"",0.00,"          36","           2"
"","","","EB-05620","ERNIE BALL STRAP BLOCKS 4 PK RED","","","","","",2,"แพ็ค",,"",0.00,"          37","           1"
"","","","EB-05621","ERNIE BALL STRAP BLOCKS 4 PK ORANGE","","","","","",1,"แพ็ค",,"",0.00,"          40","           1"
"","","","EB-05622","ERNIE BALL STRAP BLOCKS 4 PK GREEN","","","","","",1,"แพ็ค",,"",0.00,"          39","           2"
"","","","EB-05623","ERNIE BALL STRAP BLOCKS 4 PK PINK","","","","","",1,"แพ็ค",,"",0.00,"          60"
"","","","EB-05624","ERNIE BALL STRAP BLOCKS 4 PK CREAM","","","","","",2,"แพ็ค",,"",0.00,"          68","         -10"
"","","","EB-05625","ERNIE BALL STRAP BLOCKS 4 PK GRAY","","","","","",2,"แพ็ค",,"",0.00,"          52","           2"
"","","","EB-06044","EB COILED INSTRUMENT CABLE 30FT S/S BLACK","","","","","",2,"เส้น",,"",0.00,"          29"
"","Music Concept WT                                         ","หน้า   :       23"
"","สินค้าคงเหลือ แยกตามคลังสินค้า    ","ณ วันที่  24 พ.ค. 2569"
"","รหัสสินค้าจาก","001-01005-000     ","ถึง","VP-ADAPTOR-9V","วันที่ : 24/05/2569"
"","คลัง","","รหัสสินค้า","ชื่อสินค้า","","","","","","  จำนวน","","ราคาต่อหน่วย","","มูลค่าคงเหลือ","ยอดค้างรับ","ยอดค้างส่ง"
"","","","EB-06045","EB COILED INSTRUMENT CABLE 30FT S/A WHT","","","","","",3,"เส้น",,"",0.00,"          25"
"","","","EB-06050","EB PATCH CABLE 6FT A/A 3-PACK BLACK","","","","","",2,"แพ็ค",,"",0.00,"          66"
"","","","EB-06058","EB INSTRUMENT CABLE 25FT S/A BLACK","","","","","",2,"เส้น",,"",0.00,"          13"
"","","","EB-06059","EB PATCH CABLE 6FT FLT A/FLT A 3-PACK BLACK","","","","","",1,"แพ็ค",,"",0.00,"         117","           2"
"","","","EB-06060","EB INSTRUMENT CABLE 25FT S/A BLACK/BLUE","","","","","",3,"เส้น",,"",0.00,"           3","           1"
"","","","EB-06062","EB INSTRUMENT CABLE 25FT S/A BLACK/RED","","","","","",3,"เส้น",,"",0.00,"           3","           3"
"","","","EB-06066","ERNIE BALL INTRUMENT CABLE 25FT S/A BLACK GREEN","","","","","",3,"เส้น",,"",0.00,"           4"
"","","","EB-06072","ERNIE BALL SPEAKER CABLE 6FT S/S BLACK","","","","","",5,"เส้น",,"",0.00,"          44"
"","","","EB-06073","EB MICROPHONE CABLE 25FT XLR BLACK","","","","","",3,"เส้น",,"",0.00,"           8"
"","","","EB-06076","EB PATCH CABLE 1.5FT S/A 3-PACK BLACK","","","","","",3,"แพ็ค",,"",0.00,"          12","           1"
"","","","EB-06078","ERNIE BALL 10FT BRAIDED S/A INST CABLE NEON PINK","","","","","",3,"เส้น",,"",0.00,"         255"
"","","","EB-06079","ERNIE BALL 10FT BRAIDED S/A INST CABLE NEON ORANGE","","","","","",1,"เส้น",,"",0.00,"         261"
"","","","EB-06080","ERNIE BALL 10FT BRAIDED S/A INST CABLE NEON YELLOW","","","","","",2,"เส้น",,"",0.00,"         353","           1"
"","","","EB-06082","ERNIE BALL 18FT BRAIDED S/A INST CABLE BLACK GREEN","","","","","",3,"เส้น",,"",0.00,"         106"
"","","","EB-06083","ERNIE BALL 18FT BRAIDED S/A INST CABLE NEON PINK","","","","","",2,"เส้น",,"",0.00,"          83"
"","","","EB-06084","ERNIE BALL 18FT BRAIDED S/A INST CABLE NEON ORANGE","","","","","",3,"เส้น",,"",0.00,"          83"
"","","","EB-06085","ERNIE BALL 18FT BRAIDED S/A INST CABLE NEON YELLOW","","","","","",2,"เส้น",,"",0.00,"         146","           4"
"","","","EB-06110","ERNIE BALL VP 40TH ANNIVERSARY EDITION","","","","","",2,"ตัว",,"",0.00
"","","","EB-06157","ERNIE BALL CORD/SPRING KIT VP #6157","","","","","",6,"เส้น",,"",0.00,"          29"
"","","","EB-06162","ERNIE BALL VOLUME POT 500K STEREO VP #6162","","","","","",2,"ตัว",,"",0.00,"           1"
"","","","EB-06166","ERNIE BALL MONO VOLUME PEDAL #6166","","","","","",2,"ตัว",,"",0.00,"           3"
"","","","EB-06172","ERNIE BALL CORD/SPRING KIT VP JR #6172","","","","","",3,"เส้น",,"",0.00,"          62"
"","","","EB-06174","ERNIE BALL POT 250K VP JR MONO #6174","","","","","",3,"ตัว",,"",0.00,"          17"
"","","","EB-06181","ERNIE BALL VOLUME PEDAL 6181 JR 25K","","","","","",1,"ตัว",**************,"",**************,"           3"
"","","","EB-06188","ERNIE BALL EXPRESSION TREMOLO PEDAL","","","","","",1,"ตัว",,"",0.00
"","","","EB-06191","ERNIE BALL VOLT POWER BRICK","","","","","",1,"ตัว",,"",0.00,"          27"
"","","","EB-06200","ERNIE BALL VP JR TUNER WHITE","","","","","",1,"เครื่อง",,"",0.00,"           2"
"","","","EB-06202","ERNIE BALL VP JR TUNER RED","","","","","",1,"เครื่อง",,"",0.00,"           3"
"","","","EB-06203","ERNIE BALL VP JR TUNER-BLK ANODIZED","","","","","",1,"เครื่อง",,"",0.00,"           6"
"","","","EB-06222","ERNIE BALL FLAT RIBBON PATCH CABLE 12" BLK 3 PACK","","","","","",5,"แพ็ค",,"",0.00,"         165","           8"
"","","","EB-06225","ERNIE BALL SINGLE FLAT RIBBON PATCH CABLE 3" BLACK","","","","","",5,"เส้น",,"",0.00,"         124"
"","","","EB-06226","ERNIE BALL SINGLE FLAT RIBBON PATCH CABLE 6" BLACK","","","","","",4,"เส้น",,"",0.00,"         168","           5"
"","","","EB-06227","ERNIE BALL SINGLE FLAT RIBBON PATCH CABLE 12" BLK","","","","","",9,"เส้น",,"",0.00,"          89","           2"
"","","","EB-06228","ERNIE BALL SINGLE FLAT RIBBON PATCH CABLE 24" BLK","","","","","",8,"เส้น",,"",0.00,"          97","           6"
"","","","EB-06331","ERNIE BALL STEREO AND PIN JACK","","","","","",3,"ตัว",,"",0.00,"           4"
"","Music Concept WT                                         ","หน้า   :       24"
"","สินค้าคงเหลือ แยกตามคลังสินค้า    ","ณ วันที่  24 พ.ค. 2569"
"","รหัสสินค้าจาก","001-01005-000     ","ถึง","VP-ADAPTOR-9V","วันที่ : 24/05/2569"
"","คลัง","","รหัสสินค้า","ชื่อสินค้า","","","","","","  จำนวน","","ราคาต่อหน่วย","","มูลค่าคงเหลือ","ยอดค้างรับ","ยอดค้างส่ง"
"","","","EB-06382","EB POTENTIOMETER 250K SHAFT","","","","","",5,"แพ็ค",,"",0.00,"           5"
"","","","EB-06384","EB 3IN FLAT RIBBON PATCH CABLE WHT 3 PKG","","","","","",1,"แพ็ค",,"",0.00,"          44"
"","","","EB-06385","EB 6IN FLAT RIBBON PATCH CABLE WHT 3 PKG","","","","","",3,"แพ็ค",,"",0.00,"          43"
"","","","EB-06387","EB FLAT RIBBON CABLE PEDAL BOARD MULTI PACK-WHT","","","","","",3,"แพ็ค",,"",0.00,"          11"
"","","","EB-06389","EB 20FT MALE FEMALE XLR MICROPHONE CABLE WHT","","","","","",3,"เส้น",,"",0.00,"          40"
"","","","EB-06390","EB 5FT BRAIDED MALE FEMALE XLR MIC CABLE BLK","","","","","",2,"เส้น",,"",0.00,"          19"
"","","","EB-06391","EB 15FT BRAIDED MALE FEMALE XLR MIC CABLE BLK","","","","","",2,"เส้น",,"",0.00,"           7"
"","","","EB-06397","EB 25FT BRAIDED STRAIGHT INST CABLE PURPLE BLK","","","","","",3,"เส้น",,"",0.00,"           8"
"","","","EB-06398","EB 25FT BRAIDED STRAIGHT INST CABLE RED BLK","","","","","",3,"เส้น",,"",0.00,"           5"
"","","","EB-06399","EB 15FT STRAIGHT STRAIGHT INST CABLE BLK","","","","","",1,"เส้น",,"",0.00,"          32"
"","","","EB-06400","EB 15FT STRAIGHT ANKLE INST CABLE WHITE","","","","","",2,"เส้น",,"",0.00,"          27"
"","","","EB-06411","EB 18FT INSTR AND HEADPHONE CABLE","","","","","",2,"เส้น",,"",0.00,"           4"
"","","","EB-06420","EB FLEX INST.CABLE S/S 20FT PURPLE","","","","","",1,"เส้น",,"",0.00,"          60"
"","","","EB-06421","EB FLEX INST.CABLE S/S 20FT ORANGE","","","","","",2,"เส้น",,"",0.00,"          63"
"","","","EB-06427","EB BRAIDED INSTR. CABLE S/ST 10FT PURPLE PYTHON","","","","","",2,"เส้น",,"",0.00,"           6"
"","","","EB-06430","EB BRAIDED INST. CABLE S/S 18FT-EMERALD ARGYLE","","","","","",3,"เส้น",,"",0.00,"           3"
"","","","EB-06431","EB BRAIDED INST. CABLE S/S 18FT-PURPLE PYTHON","","","","","",3,"เส้น",,"",0.00,"           3"
"","","","EB-06432","EB BRAIDED INST. CABLE S/S 18FT-PAY DIRST","","","","","",3,"เส้น",,"",0.00,"           3"
"","","","EB-06433","EB BRAIDED INST. CABLE S/S 18FT-SILVER FOX","","","","","",3,"เส้น",,"",0.00,"           3"
"","","","EB-06438","EB FLEX PATCH CABLE 3IN BLK SINGLE","","","","","",3,"เส้น",,"",0.00,"          13"
"","","","EB-06439","EB FLEX PATCH CABLE 6IN BLK SINGLE","","","","","",3,"เส้น",,"",0.00,"           8"
"","","","EB-06440","EB FLEX PATCH CABLE 12IN BLK SINGLE","","","","","",2,"เส้น",,"",0.00,"           5"
"","","","EB-06441","EB FLEX PATCH CABLE 18IN BLK SINGLE","","","","","",4,"เส้น",,"",0.00,"           6"
"","","","EB-06442","EB FLEX PATCH CABLE 24IN BLK SINGLE","","","","","",4,"เส้น",,"",0.00,"           6"
"","","","EB-06443","EB FLEX PATCH CABLE 3IN BLK 3 PACK","","","","","",2,"แพ็ค",,"",0.00,"          15"
"","","","EB-06444","EB FLEX PATCH CABLE 6IN BLK 3 PACK","","","","","",2,"แพ็ค",,"",0.00,"          21"
"","","","EB-06446","EB FLEX PATCH CABLE 3" PURPLE SINGLE","","","","","",4,"เส้น",,"",0.00,"           4"
"","","","EB-06447","EB FLEX PATCH CABLE 6" PURPLE SINGLE","","","","","",4,"เส้น",,"",0.00,"           4"
"","","","EB-06448","EB FLEX PATCH CABLE 12" PURPLE SINGLE","","","","","",2,"เส้น",,"",0.00,"           2"
"","","","EB-06449","EB FLEX PATCH CABLE 18" PURPLE SINGLE","","","","","",2,"เส้น",,"",0.00,"           2"
"","","","EB-06450","EB FLEX PATCH CABLE 24" PURPLE SINGLE","","","","","",2,"เส้น",,"",0.00,"           2"
"","","","EB-06452","EB FLEX PATCH CABLE 6" PURPLE 3 PACK","","","","","",1,"แพ็ค",,"",0.00,"           5"
"","","","EB-06454","EB FLEX PATCH CABLE 3" BLUE SINGLE","","","","","",2,"เส้น",,"",0.00,"           3"
"","","","EB-06455","EB FLEX PATCH CABLE 6" BLUE SINGLE","","","","","",4,"เส้น",,"",0.00,"           6"
"","","","EB-06456","EB FLEX PATCH CABLE 12" BLUE SINGLE","","","","","",3,"เส้น",,"",0.00,"           3"
"","Music Concept WT                                         ","หน้า   :       25"
"","สินค้าคงเหลือ แยกตามคลังสินค้า    ","ณ วันที่  24 พ.ค. 2569"
"","รหัสสินค้าจาก","001-01005-000     ","ถึง","VP-ADAPTOR-9V","วันที่ : 24/05/2569"
"","คลัง","","รหัสสินค้า","ชื่อสินค้า","","","","","","  จำนวน","","ราคาต่อหน่วย","","มูลค่าคงเหลือ","ยอดค้างรับ","ยอดค้างส่ง"
"","","","EB-06457","EB FLEX PATCH CABLE 18" BLUE SINGLE","","","","","",3,"เส้น",,"",0.00,"           3"
"","","","EB-06458","EB FLEX PATCH CABLE 24" BLUE SINGLE","","","","","",3,"เส้น",,"",0.00,"           3"
"","","","EB-06467","EB FLEX INSTR CABLE S/A 20FT ORANGE","","","","","",4,"เส้น",,"",0.00,"          51"
"","","","EB-06472","EB 10FT CLASSIC SILENT S/S INST CABLE BLACK","","","","","",5,"เส้น",,"",0.00,"          36"
"","","","EB-06473","EB 20FT CLASSIC SILENT S/S INST CABLE BLACK","","","","","",1,"เส้น",,"",0.00,"          20","           2"
"","","","EB-09104","ERNIE BALL CELLULOSE GTR PICKS-THIN BLACK (144)","","","","","",1,"กุรุส",,"",0.00,"           4"
"","","","EB-09187","ERNIE BALL PICK BUDDY (PICK HOLDER)","","","","","",6,"ห่อ",,"",0.00,"          15","           6"
"","","","EB-09201","EB CELLULOSE PICK ASSORTED THICKNESS COLOR-144PACK","","","","","",1,"แพ็ค",,"",0.00,"           1"
"","","","EB-09222","ERNIE BALL CAMOUFLAGE CELLULOSE PICKS MED 12 PK","","","","","",1,"ห่อ",,"",0.00,"          58","           2"
"","","","EB-09226","ERNIE BALL SUPER CAMOUFLAGE CELLULOSE PICKS HEAVY(","","","","","",1,"ห่อ",,"",0.00,"          67","           2"
"","","","EB-09604","ERNIE BALL PEGWINDER PLUS","","","","","",1,"อัน",,"",0.00,"          28"
"","","","EB-09606","ERNIE BALL AXIS DUAL RADIUS CAPO GOLD SATIN","","","","","",3,"อัน",,"",0.00,"         116"
"","","","EB-09611","ERNIE BALL PEGWINDER SELECT BASS","","","","","",4,"อัน",,"",0.00,"           6"
"","","","EB-09613","ERNIE BALL FRETWRAP BY GRUV GEAR-MEDIUM","","","","","",7,"อัน",,"",0.00,"          34"
"","","","EB-09614","ERNIE BALL FRETWRAP BY GRUV GEAR-LARGE","","","","","",1,"อัน",,"",0.00,"          15"
"","","","EB-09615","ERNIE BALL INSTRUMENT MAINTENANCE TECHMAT","","","","","",3,"ชุด",,"",0.00,"          14"
"","","","EB-09616","ERNIE BALL AXIS CAPO WHITE","","","","","",1,"อัน",,"",0.00,"          70"
"","","","EB-09618","ERNIE BALL ACOUSTIC SOUND HOLE COVER","","","","","",1,"อัน",,"",0.00,"          19"
"","","","EB-09627","ERNIE BALL PRO TUNE USB-C CLIP ON TUNER","","","","","",10,"ตัว",,"",0.00,"          31"
"","","","EB-09631","EB PRECISION CAPO BLACK","","","","","",5,"แพ็ค",,"",0.00,"           5"
"","","","EB-09632","EB PRECISION CAPO BRONZE","","","","","",5,"แพ็ค",,"",0.00,"           5"
"","","","EB-09638","EB STRING DAMPENER GTR TAILPIECE","","","","","",5,"แพ็ค",,"",0.00,"           5"
"","","","EB-09639","EB SPRING DAMPENER GTR TAILPIECE 6 PACK","","","","","",5,"แพ็ค",,"",0.00,"           5"
"","","","EB-09640","EB STRING DAMPENER HEADSTOCK","","","","","",4,"แพ็ค",,"",0.00,"           5"
"","","","EB-09641","EB PICKHOLDER GTR HEADSTOCK","","","","","",15,"แพ็ค",,"",0.00,"          15"
"","","","EB-09644","EB FAST PITCH CLIP-ON TUNER","","","","","",10,"แพ็ค",,"",0.00,"          10"
"","","","EB-09645","EB FLEX CAPO-BLACK","","","","","",15,"แพ็ค",,"",0.00,"          15"
"","","","EB-DISPLAY-JM","ERNIE BALL DISPLAY JOHN MAYER","","","","","",2,"แผ่น",,"",0.00,"           2"
"","","","EV-RF12G","EVANS12" 1-SIDED STD PAD","","","","","",1,"อัน",,"",0.00,"           5"
"","","","EV-RF6GM","EVANS 6" 1-SIDED STD PAD","","","","","",2,"อัน",,"",0.00,"          11"
"","","","EX-000119","ELIXIR AC.PH-BZ NANO LT 012-053 โปร่ง#16052","","","","","",30,"ชุด",,"",0.00,"","           3"
"","","","EX-000124","ELIXIR AC.PH-BZ NANO EXLT 010-047 โปร่ง#16002","","","","","",37,"ชุด",,"",0.00,"","           4"
"","","","EX-000125","ELIXIR AC.PH-BZ NANO CUS.LT 011-052 โปร่ง#16027","","","","","",40,"ชุด",,"",0.00,"","           1"
"","","","EX-000130","ELIXIR E. NANO LIGHT 010-046 ไฟฟ้า#12052","","","","","",12,"ชุด",,"",0.00,"","           8"
"","","","EX-000132","ELIXIR E. NANO SU.LT 009-042 ไฟฟ้า#12002","","","","","",6,"ชุด",,"",0.00
"","Music Concept WT                                         ","หน้า   :       26"
"","สินค้าคงเหลือ แยกตามคลังสินค้า    ","ณ วันที่  24 พ.ค. 2569"
"","รหัสสินค้าจาก","001-01005-000     ","ถึง","VP-ADAPTOR-9V","วันที่ : 24/05/2569"
"","คลัง","","รหัสสินค้า","ชื่อสินค้า","","","","","","  จำนวน","","ราคาต่อหน่วย","","มูลค่าคงเหลือ","ยอดค้างรับ","ยอดค้างส่ง"
"","","","EX-000140","ELIXIR AC.PH BZ NANO LT .012-3SET PACK #16545","","","","","",2,"แพ็ค",,"",0.00
"","","","EX-000144","ELIXIR AC.PH BZ NANO CLT .011-3SET PACK #16544","","","","","",2,"แพ็ค",,"",0.00
"","","","EX-000160","ELIXIR E.OPTIWEB SU.LT 009-042 ไฟฟ้า#19002","","","","","",27,"ชุด",,"",0.00
"","","","EX-000162","ELIXIR E.OPTIWEB LT. 010-046 ไฟฟ้า#19052","","","","","",11,"ชุด",,"",0.00,"","           2"
"","","","EX-000635","ELIXIR (B) STAINLESS NANO-4 SET 045-100","","","","","",6,"ชุด",,"",0.00
"","","","EX-000636","ELIXIR (B) STAINLESS NANO-4 SET 045-105","","","","","",6,"ชุด",,"",0.00
"","","","EX-000639","ELIXIR (B) NICKEL NANO-4 SET 045-105 #14077","","","","","",5,"ชุด",,"",0.00
"","","","EX-000645","ELIXIR (B) NICKEL NANO-5 SET 045-130 #14202","","","","","",4,"ชุด",,"",0.00
"","","","F001-0108-000","FENDER BRIDGE COVER P.BASS CHROME","","","","","",2,"อัน",,"",0.00,"          19"
"","","","F001-0660-090","FENDER COVER PICKUP J.BASS CHROME","","","","","",1,"อัน",,"",0.00,"          15"
"","","","F001-8531-049","FENDER .050 HEX KEY SHORT ARM 6 เหลี่ยม","","","","","",5,"ชิ้น",,"",0.00
"","","","F001-9467-MS1","FENDER VINTAGE BASS TUNING KEY (1ตัว)","","","","","",3,"ตัว",,"",0.00
"","","","F002-1642-049A","FENDER PILOT LIGHT #T47 (2)","","","","","",3,"ตัว",,"",0.00,"          12"
"","","","F003-6238-049","FENDER SCHALLER KEY LOCK CAP (6 PER)","","","","","",1,"ชุด",,"",0.00
"","","","F003-6702-049","FENDER FUSE HOLDER 3AG FINGER GRIP (2)","","","","","",3,"ชุด",,"",0.00
"","","","F003-6809-000","FENDER JIM ROOT BRIDGE ASSEMBLY","","","","","",1,"ชุด",,"",0.00
"","","","F003-7788-002","FENDER CLOTH GRILL BLACK/SILVER LARGE (ผ้ารองหน้าต","","","","","",1,"ม้วน",,"",0.00
"","","","F004-0800-049","FENDER SCREW SET 6-32X7/16 HEX CP NI","","","","","",1,"ชุด",,"",0.00,"           6"
"","","","F004-9705-000","FENDER COVER BATTERY BACK DELUXE BASSES","","","","","",1,"ชุด",,"",0.00
"","","","F005-3660-000","FD PICKUP TELE NF NCK CHR","","","","","",1,"ตัว",,"",0.00
"","","","F005-3661-000","FD PICKUP TELE NF NCK BRIDGE","","","","","",1,"ตัว",,"",0.00
"","","","F005-4103-000","FENDER PICKGUARD J BASS DLX MINT GREEN","","","","","",1,"อัน",,"",0.00
"","","","F005-4463-000","FENDER SADDLE BAR 1/4-24 ADJ BRIDGE AM.VINT.62 JAG","","","","","",3,"ตัว",,"",0.00
"","","","F005-4525-000","FENDER PLATE NECK 3 BOLT "F"","","","","","",5,"ชุด",,"",0.00,"          11"
"","","","F005-8019-000","FENDER PICKUP STRAT NF BRIDGE WHITE","","","","","",1,"ตัว",,"",0.00
"","","","F006-0004-000","FENDER TREMOLO ARM LH CHROME","","","","","",1,"อัน",,"",0.00,"           1"
"","","","F006-1443-000","FENDER KEY LOCK (1,2,3) ULTRA POL BLACK","","","","","",2,"ตัว",,"",0.00
"","","","F006-1444-000","FENDER KEY LOCK (4,5,6) ULTRA POL BLACK","","","","","",3,"ตัว",,"",0.00
"","","","F006-2723-000","FENDER PICKGUARD TELE BLACK & CHROME","","","","","",1,"อัน",,"",0.00
"","","","F006-8488-000","FENDER PICKUP JAZZ BASS DLX V BRG MEX","","","","","",2,"ตัว",,"",0.00
"","","","F007-4895-000","GRETSCH SWITCH 3 WAY W/HDWR CHR TALL EMTIC","","","","","",1,"ตัว",,"",0.00
"","","","F007-6030-000","FENDER PWR AMP MOD ICW POWER 50ASx2BTL","","","","","",1,"ชุด",,"",0.00
"","","","F007-7504-000","FENDER TUNER TELE JIMROOT BLACK(ลูกบิด)","","","","","",1,"ชุด",,"",0.00
"","","","F007-9906-000","FENDER PRE AMP. SQ DLX ACT J-BASS","","","","","",1,"ชุด",,"",0.00
"","","","F008-0996-000","FENDER FOOT SWITCH 4 BTN MUSTANG AMP. III,IV","","","","","",2,"ตัว",,"",0.00,"           5"
"","Music Concept WT                                         ","หน้า   :       27"
"","สินค้าคงเหลือ แยกตามคลังสินค้า    ","ณ วันที่  24 พ.ค. 2569"
"","รหัสสินค้าจาก","001-01005-000     ","ถึง","VP-ADAPTOR-9V","วันที่ : 24/05/2569"
"","คลัง","","รหัสสินค้า","ชื่อสินค้า","","","","","","  จำนวน","","ราคาต่อหน่วย","","มูลค่าคงเหลือ","ยอดค้างรับ","ยอดค้างส่ง"
"","","","F008-0997-000","FENDER FOOT SWITCH 2 BTN MUSTANG AMP. II","","","","","",1,"ตัว",,"",0.00
"","","","F009-1530-000","FENDER TUNERS SQ VM. SD900 CHR W/HDWR","","","","","",1,"ชุด",,"",0.00
"","","","F009-6413-000","FENDER BOOKEND TELECASTER BODY","","","","","",1,"ชุด",,"",0.00
"","","","F011-0002-803","FENDER 60TH AM VINTAGE 1954 STRAT MN 2TS","","","","","",1,"ตัว",,"",0.00,"           1"
"","","","F011-0232-849","FD AMERICAN VINT II 57 STRAT MN SEAFORM GREEN","","","","","",1,"ตัว",,"",0.00,"           3"
"","","","F011-0442-815","FENDER AMERICAN VINT II 77 TELE CSTM MN WINE","","","","","",1,"ตัว",,"",0.00,"           1"
"","","","F011-3080-748","FENDER AM PRO TELE DLX SHAW RW SONIC GREY","","","","","",-1,"ตัว",,"",0.00,"           1"
"","","","F011-3900-700","FENDER AM PRO II STRAT RW 3TSB","","","","","",1,"ตัว",,"",0.00,"          16"
"","","","F011-3902-700","FENDER AM PRO II STRAT MN 3TSB","","","","","",1,"ตัว",,"",0.00,"          11"
"","","","F011-3902-803","FENDER AM PRO II STRAT MN 2TS","","","","","",2,"ตัว",,"",0.00,"          22"
"","","","F011-3942-700","FENDER AM PRO II TELE MN 3TS","","","","","",1,"ตัว",,"",0.00,"           4"
"","","","F011-4545-706","FENDER JIM ROOT STRAT EB BLACK","","","","","",2,"ตัว",,"",0.00,"           7"
"","","","F011-4910-380","FENDER AM PERF STRAT RW ARTIC WHITE","","","","","",1,"ตัว",,"",0.00,"           6"
"","","","F011-4940-322","FENDER AM PRO CLASSIC STRAT RW FADED BLK","","","","","",2,"ตัว",,"",0.00,"           2"
"","","","F011-4940-374","FD AM PRO CLSC STRAT RW FADED SHERWOOD GRN METTALI","","","","","",1,"ตัว",,"",0.00,"           6"
"","","","F011-4950-374","FD AM PRO CLSC STRAT HSS RW FADED SHERWOOD GRN MET","","","","","",1,"ตัว",,"",0.00,"           7"
"","","","F011-4952-322","FENDER AM PRO CLSC STRAT HSS MN FADED BLACK","","","","","",1,"ตัว",,"",0.00,"           2"
"","","","F011-4972-300","FENDER AM PRO CLSC HOTSHOT TELE MN 3TS","","","","","",1,"ตัว",,"",0.00,"           1"
"","","","F011-4980-375","FENDER AM PRO JAZZMASTER RW FADED DAKOTA RED","","","","","",1,"ตัว",,"",0.00,"           3"
"","","","F011-4990-300","FENDER AM PRO CLSC JAGUAR RW 3TS","","","","","",1,"ตัว",,"",0.00,"           1"
"","","","F011-5010-757","FENDER CORY WONG STRAT RW SATIN SURF GREEN","","","","","",1,"ตัว",,"",0.00,"           4"
"","","","F011-5120-357","FENDER AM PERF TELE HUM RW SURF GREEN","","","","","",1,"ตัว",,"",0.00,"           2"
"","","","F011-5210-300","FENDER AM PERF JAZZMASTER RW 3TSB","","","","","",1,"ตัว",,"",0.00,"           2"
"","","","F011-5510-372","FENDER AM PERF MUSTANG RW SATIN SONIC BLUE","","","","","",1,"ตัว",,"",0.00,"           2"
"","","","F011-5610-839","FENDER MICHAEL LANDAU STRAT COMA RED","","","","","",1,"ตัว",,"",0.00,"           6"
"","","","F011-6862-877","FENDER BRUNO MARS STRAT MN MARS MOCHA","","","","","",1,"ตัว",,"",0.00,"          39"
"","","","F011-7472-725","FD CAMPBELL RED TELE MN RED DOG RED","","","","","",1,"ตัว",,"",0.00,"           1"
"","","","F011-7602-806","FENDER ERIC CLAPTON STRAT BLACK","","","","","",1,"ตัว",,"",0.00,"          15"
"","","","F011-7702-803","FENDER ERIC JOHNSON STRAT SUNBURST","","","","","",2,"ตัว",,"",0.00,"           3"
"","","","F011-8070-710","FENDER AM ULTRA LUXE STRAT HSS FR MYSTIC BLK","","","","","",1,"ตัว",,"",0.00,"           5"
"","","","F011-8230-849","FD AM ULTRA LUXE 60S STRAT HSS RW SEAFORM GREEN","","","","","",1,"ตัว",,"",0.00,"           4"
"","","","F011-8242-801","FD AM ULTRA LUXE 50S TELE MN WHITE BLONDE","","","","","",1,"ตัว",,"",0.00,"           1"
"","","","F011-9171-733","FENDER AM ULTRA II TELE EB SOLAR FLARE","","","","","",1,"ตัว",,"",0.00,"           1"
"","","","F011-9172-799","FENDER AM ULTRA II TELE MN SINISTER RED","","","","","",1,"ตัว",,"",0.00,"           2"
"","","","F011-9182-796","FENDER AM ULTRA II METEORA MN AVALANCHE","","","","","",1,"ตัว",,"",0.00,"           2"
"","Music Concept WT                                         ","หน้า   :       28"
"","สินค้าคงเหลือ แยกตามคลังสินค้า    ","ณ วันที่  24 พ.ค. 2569"
"","รหัสสินค้าจาก","001-01005-000     ","ถึง","VP-ADAPTOR-9V","วันที่ : 24/05/2569"
"","คลัง","","รหัสสินค้า","ชื่อสินค้า","","","","","","  จำนวน","","ราคาต่อหน่วย","","มูลค่าคงเหลือ","ยอดค้างรับ","ยอดค้างส่ง"
"","","","F011-9600-805","FENDER JEFF BECK STRAT RW OLYMPIC WHITE","","","","","",1,"ตัว",,"",0.00,"          16"
"","","","F013-8802-306","FENDER BUDDY GUY STRAT MN BLACK","","","","","",1,"ตัว",,"",0.00,"           4"
"","","","F014-0226-705","FENDER 60 ANNI. ROADWORN 60S J BASS PF OWT","","","","","",1,"ตัว",,"",0.00,"           3"
"","","","F014-0310-075","FENDER LTD PLAYER P BASS MN ELECTRON GREEN","","","","","",1,"ตัว",,"",0.00,"           1"
"","","","F014-0311-075","FENDER LTD PLAYER STRAT MN ELECTRON GREEN","","","","","",1,"ตัว",,"",0.00,"           4"
"","","","F014-0460-565","FENDER PLAYER II MUSTANG RW BIRCH GREEN","","","","","",1,"ตัว",,"",0.00,"           1"
"","","","F014-0470-515","FENDER PLAYER II P BASS RW POLAR WHITE","","","","","",1,"ตัว",,"",0.00,"           4"
"","","","F014-0480-592","FENDER DE PLAYER II J BASS RW BRITISH GREEN","","","","","",1,"ตัว",,"",0.00,"           3"
"","","","F014-0510-515","FENDER PLAYER II STRAT RW POLARWHITE","","","","","",1,"ตัว",,"",0.00,"           6"
"","","","F014-0510-558","FENDER PLAYER II STRAT RW CORAL RED","","","","","",1,"ตัว",,"",0.00,"          31"
"","","","F014-0540-565","FENDER PLAYER II STRAT HSS RW BIRCH GREEN","","","","","",1,"ตัว",,"",0.00,"           9"
"","","","F014-0550-518","FENDER PLAYER II TELE RW AQUATONE BLUE","","","","","",1,"ตัว",,"",0.00,"           4"
"","","","F014-0552-529","FENDER PLAYER II TELE MN MOCHA","","","","","",1,"ตัว",,"",0.00,"           4"
"","","","F014-0570-518","FENDER PLAYER II TELE HH RW AQUATONE BLUE","","","","","",1,"ตัว",,"",0.00,"           2"
"","","","F014-0610-772","FENDER HARRISON ROCKY STRAT RW SONIC BLUE","","","","","",1,"ตัว",,"",0.00,"           4"
"","","","F014-0711-372","FENDER GOLD FOIL JAZZ BASS EB SONIC BLUE","","","","","",1,"ตัว",,"",0.00,"           2"
"","","","F014-0731-332","FENDER GOLD FOIL TELE EB CANDY APPLE BURST","","","","","",1,"ตัว",,"",0.00,"           3"
"","","","F014-0822-550","FD LTD PLAYER II TELE MN ROASTED BUTTERSCOTCH","","","","","",1,"ตัว",,"",0.00,"           1"
"","","","F014-1063-350","FENDER 30TH ANNI.SCREAMADELICA STRAT PF RBY","","","","","",1,"ตัว",,"",0.00,"          19"
"","","","F014-1512-515","FD DE PLAYER II STRAT MN MH POLARWHITE","","","","","",1,"ตัว",,"",0.00,"         199"
"","","","F014-2400-744","FD CHRIS SHIFLETT TELE RW SHORELINE GOLD","","","","","",1,"ตัว",,"",0.00,"           6","           1"
"","","","F014-2930-341","FENDER LTD LAURA LEE J BASS RW VINT WHITE","","","","","",1,"ตัว",,"",0.00,"           1"
"","","","F014-4013-573","FENDER DUO SONIC PF SEAFORM GREEN","","","","","",1,"ตัว",,"",0.00,"           6"
"","","","F014-4022-538","FENDER DUO SONIC HS MN CRIMSON RED","","","","","",1,"ตัว",,"",0.00,"           4"
"","","","F014-4042-547","FENDER PLAYER MUSTANG MN SIENA SUNBURST","","","","","",1,"ตัว",,"",0.00,"           3"
"","","","F014-4143-566","FENDER MUSTANG 90 PF BURGUNDY MIST METTALIC","","","","","",1,"ตัว",,"",0.00,"           3"
"","","","F014-4502-503","FENDER PLAYER STRAT MN 2TS","","","","","",1,"ตัว",,"",0.00,"          29"
"","","","F014-4533-552","FENDER PLAYER STRAT HSH PF TBS","","","","","",1,"ตัว",,"",0.00,"          13"
"","","","F014-5212-500","FENDER PLAYER TELE MN 3TS","","","","","",1,"ตัว",,"",0.00,"          12"
"","","","F014-5233-500","FENDER PLAYER TELE HH PF 3TS","","","","","",1,"ตัว",,"",0.00,"          12"
"","","","F014-5310-700","FENDER MIKE MCCREADY STRAT RW 3TS","","","","","",1,"ตัว",,"",0.00,"           9"
"","","","F014-6230-721","FENDER JIMMY PAGE TELECASTER RW NATURAL","","","","","",1,"ตัว",,"",0.00,"           4"
"","","","F014-6303-500","FENDER PLAYER JAGUAR PF 3TS","","","","","",1,"ตัว",,"",0.00,"           6"
"","","","F014-6510-306","FENDER DUFF MC KAGAN DLX P BASS RW BLACK","","","","","",1,"ตัว",,"",0.00,"           4"
"","","","F014-7040-397","FENDER 70TH ANV PLAYER STRAT RW NEBNOIR","","","","","",1,"ตัว",,"",0.00,"          36"
"","Music Concept WT                                         ","หน้า   :       29"
"","สินค้าคงเหลือ แยกตามคลังสินค้า    ","ณ วันที่  24 พ.ค. 2569"
"","รหัสสินค้าจาก","001-01005-000     ","ถึง","VP-ADAPTOR-9V","วันที่ : 24/05/2569"
"","คลัง","","รหัสสินค้า","ชื่อสินค้า","","","","","","  จำนวน","","ราคาต่อหน่วย","","มูลค่าคงเหลือ","ยอดค้างรับ","ยอดค้างส่ง"
"","","","F014-7313-347","FENDER PLAYER PLUS STRAT PF SIENA SUNBURST","","","","","",1,"ตัว",,"",0.00,"           2"
"","","","F014-7393-387","FD PLAYER PLUS ACT METORA BASS PF TEQUILA SUNRISE","","","","","",1,"ตัว",,"",0.00,"           3"
"","","","F014-7430-335","FENDER PLAYER II MOD STRAT HSS RW ELECTRIC BLUE","","","","","",1,"ตัว",,"",0.00,"           6"
"","","","F014-7540-335","FENDER PLAYER II MOD J BASS V RW ELECTRIC BLUE","","","","","",1,"ตัว",,"",0.00,"           8"
"","","","F014-8020-306","FENDER LTD TOM DELONGE STRAT RW BLACK","","","","","",1,"ตัว",,"",0.00,"           3"
"","","","F014-8090-366","FD LTD VINT II ROADWORN 60S TELE RW BURGUNDY MIST","","","","","",1,"ตัว",,"",0.00,"           1"
"","","","F014-8300-591","FENDER BLACKTOP JAGUAR HH RW SILVER","","","","","",2,"ตัว",,"",0.00,"           2"
"","","","F014-9012-306","FENDER VINT II 50S STRAT MN BLACK","","","","","",1,"ตัว",,"",0.00,"           3"
"","","","F014-9030-357","FENDER VINT II 70S STRAT RW SURF GREEN","","","","","",1,"ตัว",,"",0.00,"           4"
"","","","F014-9042-368","FENDER VINT II 50 NOCASTER MN BLKGUARD BLONDE","","","","","",1,"ตัว",,"",0.00,"           3"
"","","","F014-9062-306","FENDER VINT II 60S TELE THINLINE MN BLACK","","","","","",1,"ตัว",,"",0.00,"           1"
"","","","F014-9072-357","FENDER VINT II 70S TELE DLX TREM MN SURF GREEN","","","","","",1,"ตัว",,"",0.00,"           1"
"","","","F014-9110-372","FENDER VINT II 50S JAZZMASTER RW SONIC BLUE","","","","","",1,"ตัว",,"",0.00,"           1"
"","","","F014-9142-378","FEBDER VINT III LATE 50S STRAT MN AZTEC GOLD","","","","","",1,"ตัว",,"",0.00,"           2"
"","","","F014-9160-349","FENDER VINT III EARLY 60S STRAT RW SEAFORM GREEN","","","","","",1,"ตัว",,"",0.00,"           1"
"","","","F014-9182-301","FENDER LTD VINT III LATE 50S STRAT MN WHITE BLONDE","","","","","",1,"ตัว",,"",0.00,"           1"
"","","","F014-9192-346","FD VINT III LATE 50S TELE MN SURF GREEN METTALIC","","","","","",1,"ตัว",,"",0.00,"           2"
"","","","F014-9390-300","FD VINT III EARLY 60S J BASS VI RW 3TS","","","","","",1,"ตัว",,"",0.00,"           1"
"","","","F014-9802-506","FENDER PLAYER P.BASS MN BLACK","","","","","",1,"ตัว",,"",0.00,"           8"
"","","","F017-0270-868","FENDER 70TH ANNIV. BROADCASTER MN BGB","","","","","",2,"ตัว",,"",0.00,"          17"
"","","","F017-0281-830","FENDER SUONA THINLINE TELE EB VIOLINBURST","","","","","",1,"ตัว",,"",0.00,"           3"
"","","","F017-1010-701","FENDER FSR AM PRO II STRAT RW TL WHITE BLONDE","","","","","",1,"ตัว",,"",0.00,"           2"
"","","","F017-1010-735","FD FSR AM PRO II STRAT RW TL TRANS SURF GREEN","","","","","",1,"ตัว",,"",0.00,"           1"
"","","","F017-1040-703","FENDER FSR AM PERF TELE TIMBER RW 2TSB","","","","","",1,"ตัว",,"",0.00,"           1"
"","","","F017-3900-756","FENDER DE AM PRO II STRAT RW SHELL PINK","","","","","",1,"ตัว",,"",0.00,"           3"
"","","","F017-3902-768","FENDER DE AM PRO II STRAT V MN BGB","","","","","",1,"ตัว",,"",0.00,"           1"
"","","","F017-6812-706","FENDER JACK WHITE TRIPLECASTER BLACK","","","","","",1,"ตัว",,"",0.00,"           4"
"","","","F017-7002-803","FENDER 70TH ANV AM VINT II 54 STRAT MN 2TS","","","","","",1,"ตัว",,"",0.00,"           7"
"","","","F017-7011-728","FD 75TH ANN. AM ULTRA II TELE EB LIQUID GOLD","","","","","",1,"ตัว",,"",0.00,"           2"
"","","","F017-7050-803","FD 75TH ANN. AM PRO PJ BASS MN 2TS","","","","","",1,"ตัว",,"",0.00,"           1"
"","","","F017-8222-883","FD DE AM ULTRA LUXE 60S STRAT MN ICE BLUE","","","","","",1,"ตัว",,"",0.00,"           2"
"","","","F017-9142-706","FENDER DE ULTRA II STRAT RST MN BLK","","","","","",1,"ตัว",,"",0.00,"           3"
"","","","F017-9142-777","FD DE AM ULTRA II STRAT MN CANDY APLLE GREEN","","","","","",1,"ตัว",,"",0.00,"           1"
"","","","F019-0090-846","FENDER ADAM CLAYTON JAZZ BASS RW SHM","","","","","",1,"ตัว",,"",0.00,"           8"
"","","","F019-0160-800","FENDER AM VINT II 60 P BASS RW 3TSB","","","","","",1,"ตัว",,"",0.00,"           8"
"","Music Concept WT                                         ","หน้า   :       30"
"","สินค้าคงเหลือ แยกตามคลังสินค้า    ","ณ วันที่  24 พ.ค. 2569"
"","รหัสสินค้าจาก","001-01005-000     ","ถึง","VP-ADAPTOR-9V","วันที่ : 24/05/2569"
"","คลัง","","รหัสสินค้า","ชื่อสินค้า","","","","","","  จำนวน","","ราคาต่อหน่วย","","มูลค่าคงเหลือ","ยอดค้างรับ","ยอดค้างส่ง"
"","","","F019-0170-805","FENDER AMERICAN VINT II 66 J BASS RW OWT","","","","","",1,"ตัว",,"",0.00,"           5"
"","","","F019-3932-719","FENDER AM PRO II P BASS MN MIAMI BLUE","","","","","",1,"ตัว",,"",0.00,"           3"
"","","","F019-3960-700","FENDER AM PRO II P BASS V RW 3TSB","","","","","",1,"ตัว",,"",0.00,"           3"
"","","","F019-7702-806","FENDER US GEDDY LEE J BASS MN BLACK","","","","","",1,"ตัว",,"",0.00,"           8"
"","","","F019-8351-070","FD 70TH ANNIVERSARY PICK TIN (12)","","","","","",6,"แพ็ค",,"",0.00,"          10"
"","","","F019-9101-776","FENDER AM ULTRA II P BASS EB NOBLE BLUE","","","","","",1,"ตัว",,"",0.00,"           3"
"","","","F019-9102-796","FENDER AM ULTRA II P BASS MN AVALANCHE","","","","","",1,"ตัว",,"",0.00,"           3"
"","","","F019-9122-799","FENDER AM ULTRA J BASS V MN SINISTER RED","","","","","",1,"ตัว",,"",0.00,"          15"
"","","","F022-0660-007","EVH PREMIUM QUALITY GUITAR STRAP","","","","","",1,"เส้น",,"",0.00,"          11"
"","","","F022-1512-006","EVH GIG BAG BLACK W/RED INTEROR","","","","","",1,"ใบ",,"",0.00
"","","","F022-2138-001","EVH WOLFGANG NECK PICKUP BLACK","","","","","",1,"ชุด",,"",0.00,"           2"
"","","","F022-3534-100","EVH AMP MINI 5150 III MICRO STACK EL34","","","","","",1,"ตู้",,"",0.00,"          11"
"","","","F022-7281-000","EVH CLOCK RWB STRIPES","","","","","",1,"เรือน",,"",0.00,"           6"
"","","","F023-4535-000","FENDER MIRROR IMAGE DELAY PEDAL","","","","","",1,"ตัว",,"",0.00,"           6"
"","","","F023-4540-000","FENDER BUBBLER CHORUS","","","","","",1,"ตัว",,"",0.00,"           7"
"","","","F023-4543-000","FENDER THE PINWHEEL ROTARY SPEAKER EMULATOR","","","","","",1,"ตัว",,"",0.00,"           1"
"","","","F023-4547-000","FENDER MTG LA TUBE DISTORTION","","","","","",1,"ตัว",,"",0.00,"           4"
"","","","F023-4557-000","FENDER HELLO KITTY FUZZ EFFECT","","","","","",1,"ตัว",,"",0.00,"          85"
"","","","F023-4557-005","FENDER HELLO KITTY FUZZ BLACK","","","","","",6,"ตัว",,"",0.00,"          12"
"","","","F023-4557-100","FENDER GODZILLA DISTORTION","","","","","",3,"ตัว",,"",0.00,"           6"
"","","","F023-4572-000","FENDER HAMMERTONE DELAY","","","","","",1,"ตัว",,"",0.00,"          12"
"","","","F023-4577-000","FENDER HAMMERTONE SPACE DELAY","","","","","",2,"ตัว",,"",0.00,"           6"
"","","","F023-4811-000","FENDER AMP.MINI 57 TWIN AMP","","","","","",3,"ตู้",,"",0.00,"          20"
"","","","F023-9961-000","FENDER FLASH 2.0 RECHARGEABLE TUNER","","","","","",3,"ตัว",,"",0.00,"         208"
"","","","F023-9988-302","FENDER AG6 TUNER BLUE SPARKLE","","","","","",1,"เครื่อง",,"",0.00
"","","","F025-1760-358","FENDER BOXER SERIES PJ BASS TORINO RED","","","","","",1,"ตัว",,"",0.00,"           2"
"","","","F025-2202-371","FENDER AERODYNE SPCL TELE MN HOTRODBURST","","","","","",1,"ตัว",,"",0.00,"           1"
"","","","F026-6040-550","FENDER STD TELE LRL BPG BUTTERSCOTCH","","","","","",1,"ตัว",,"",0.00
"","","","F026-6240-560","FENDER STD STRAT LRL WPG AQUA MARINE METTALIC","","","","","",1,"ตัว",,"",0.00,"           9"
"","","","F026-6420-560","FENDER STD STRAT HSS MN WPG AQUA MARINE METTALIC","","","","","",1,"ตัว",,"",0.00,"          32"
"","","","F037-0121-506","SQ MINI STRAT V2 BLACK","","","","","",1,"ตัว",,"",0.00,"          36","           3"
"","","","F037-0470-549","SQ CONT ACT STARCASTER MN SURF PEART","","","","","",1,"ตัว",,"",0.00,"           5"
"","","","F037-3202-517","SQ FSR STRAT HSS MN WHT PG ULTRA VOILET","","","","","",1,"ตัว",,"",0.00,"          17"
"","","","F037-3652-556","SQ SONIC MUSTANG MN WPG SHELL PINK","","","","","",1,"ตัว",,"",0.00,"           2"
"","","","F037-4030-501","SQ CLASSIC VIBE TELE 50'S MN WHITE BLONDE","","","","","",1,"ตัว",,"",0.00,"          41","           4"
"","Music Concept WT                                         ","หน้า   :       31"
"","สินค้าคงเหลือ แยกตามคลังสินค้า    ","ณ วันที่  24 พ.ค. 2569"
"","รหัสสินค้าจาก","001-01005-000     ","ถึง","VP-ADAPTOR-9V","วันที่ : 24/05/2569"
"","คลัง","","รหัสสินค้า","ชื่อสินค้า","","","","","","  จำนวน","","ราคาต่อหน่วย","","มูลค่าคงเหลือ","ยอดค้างรับ","ยอดค้างส่ง"
"","","","F037-4042-500","SQ CLASSIC VIBE BARITONE CSTM TELE LRL 3TS","","","","","",1,"ตัว",,"",0.00,"           5"
"","","","F037-4073-505","SQ FSR CLASSIC VIBE 70 TELE THIN BPG BB OLYMPIC WH","","","","","",1,"ตัว",,"",0.00,"          12"
"","","","F037-4080-541","SQ CLASSIC VIBE 60'S MUSTANG LRL VIN.WHITE","","","","","",1,"ตัว",,"",0.00,"          18","           2"
"","","","F037-4530-504","SQ CLASSIC VIBE 60'S JAZZ BASS LRL DPB","","","","","",1,"ตัว",,"",0.00,"          28"
"","","","F037-8002-505","SQ AFFINITY STRAT MN WHITE PG OLYMPIC WHITE","","","","","",1,"ตัว",,"",0.00,"         145"
"","","","F037-8108-505","SQ FSR AFFINITY STRAT HSS LRL OLYMPIC WHITE","","","","","",1,"ตัว",,"",0.00,"           9"
"","","","F037-8207-506","SQ FSR AFFINITY TELE LRL TORT SHELL PG BLACK","","","","","",1,"ตัว",,"",0.00,"           6"
"","","","F037-8250-566","SQ AFFINITY TELE DLX LRL BURGUNDY MIST","","","","","",2,"ตัว",,"",0.00,"          10"
"","","","F037-8703-505","SQ AFFINITY ACT J BASS MN BPG OLYMPIC WHITE","","","","","",1,"ตัว",,"",0.00,"           4"
"","","","F037-9102-970","SQ LTD HELLO KITTY STRAT MN PINK W/GIGBAG","","","","","",1,"ตัว",,"",0.00,"         193","           2"
"","","","F037-9102-980","SQ LTD HELLO KITTY STRAT MN WHITE W/GIGBAG","","","","","",5,"ตัว",,"",0.00,"         189"
"","","","F037-9400-506","SQ 40TH ANNIV TELE LRL GOLD ED. BLACK","","","","","",1,"ตัว",,"",0.00,"          11"
"","","","F037-9520-549","SQ 40TH ANNIV VINT ED JAZZMASTER SEAFORM GREEN","","","","","",1,"ตัว",,"",0.00,"           6"
"","","","F037-9530-507","SQ 40TH ANNIV VINT. P BASS MN SATIN VINT BLONDE","","","","","",1,"ตัว",,"",0.00,"          11"
"","","","F037-9700-503","SQUIER DEBUT P BASS WPG 2TS","","","","","",1,"ตัว",,"",0.00,"          43","           1"
"","","","F073-0070-403","FENDER STRING # 70L 012/052","","","","","",1,"ชุด",,"",0.00
"","","","F073-0100-400","FENDER STRING # 100 NYLON","","","","","",13,"ชุด",,"",0.00,"          36"
"","","","F073-0150-406","FENDER STRING #150R 010/046","","","","","",2,"ชุด",,"",0.00,"          72"
"","","","F073-0250-309","FENDER 250L NPS BALL END 009/042 (3 PACK)","","","","","",1,"แพ็ค",,"",0.00,"         139","           1"
"","","","F073-0250-403","FENDER STRING # 250L 009/042","","","","","",1,"ชุด",,"",0.00,"         156","          70"
"","","","F073-0250-413","FENDER STRING 250B6 NPS BASS VI 024/084","","","","","",4,"ชุด",,"",0.00,"          23"
"","","","F073-0250-803","FENDER STRING 250L 3 PKG/W BASEBALL PROM","","","","","",3,"ชุด",,"",0.00,"          18","           3"
"","","","F073-5250-402","FENDER STRING BASS 5250XL 40/95","","","","","",5,"ชุด",,"",0.00,"           6"
"","","","F073-7060-400","FENDER PHOSPHOR BRONZE ACOUSTIC BASS 7060 45-100","","","","","",22,"ชุด",,"",0.00,"          30"
"","","","F073-7250-403","FENDER STRING BASS 7250L 040/100","","","","","",4,"ชุด",,"",0.00,"          18"
"","","","F073-8250-406","FENDER STRING BASS 8250M 45/110TW","","","","","",7,"ชุด",,"",0.00,"          24","           6"
"","","","F073-8250-456","FENDER STRING BASS 8250-5M 45/130TW","","","","","",6,"ชุด",,"",0.00,"           6"
"","","","F073-9050-405","FENDER STRING BASS 9050ML 50/100","","","","","",1,"ชุด",,"",0.00
"","","","F097-0160-521","FENDER CN-60S NYLON NATURAL","","","","","",1,"ตัว",,"",0.00,"          15"
"","","","F097-0264-321","FENDER CN-140SCE CLASSIC NATURAL","","","","","",1,"ตัว",,"",0.00,"           9"
"","","","F097-0320-321","FENDER PS-220E PARLOR NATURAL","","","","","",1,"ตัว",,"",0.00,"           4"
"","","","F097-1210-732","FENDER FA-125 DREAD SUNBURST W/BAG","","","","","",1,"ตัว",,"",0.00,"          20"
"","","","F097-1722-106","FENDER JOE STRUMMER CAMP FIRE WN MATTE BLACK","","","","","",1,"ตัว",,"",0.00,"           8"
"","","","F097-2018-238","FENDER AM ACOUSTASONIC TELE CRIMSON RED","","","","","",1,"ตัว",,"",0.00,"           3"
"","","","F097-2018-271","FD ACOUSTASONIC TELE STEEL BLUE","","","","","",1,"ตัว",,"",0.00,"           1"
"","Music Concept WT                                         ","หน้า   :       32"
"","สินค้าคงเหลือ แยกตามคลังสินค้า    ","ณ วันที่  24 พ.ค. 2569"
"","รหัสสินค้าจาก","001-01005-000     ","ถึง","VP-ADAPTOR-9V","วันที่ : 24/05/2569"
"","คลัง","","รหัสสินค้า","ชื่อสินค้า","","","","","","  จำนวน","","ราคาต่อหน่วย","","มูลค่าคงเหลือ","ยอดค้างรับ","ยอดค้างส่ง"
"","","","F097-2233-183","FD ACOUSTASONIC PLAYER JAZZMASTER ICE BLUE","","","","","",1,"ตัว",,"",0.00,"           4"
"","","","F097-2313-112","FENDER DE ACSTS TELE EB BLUE PAISLEY","","","","","",1,"ตัว",,"",0.00,"           3","           1"
"","","","F097-4221-506","FENDER CA STD REDONDO CE IPG BLACK","","","","","",1,"ตัว",,"",0.00,"           6"
"","","","F098-0346-500","FENDER PICK #346 SHELL HEAVY (1/2 GROSS)","","","","","",2,"ห่อ",,"",0.00
"","","","F098-0346-580","FENDER PICK #346 WHITE HEAVY ( 1/2 GROSS )","","","","","",2,"ห่อ",,"",0.00
"","","","F098-0346-600","FENDER PICK #346 SHELL EXTRA HEAVY (1/2)","","","","","",1,"ห่อ",,"",0.00,"           1"
"","","","F098-0351-024","FD JP LTD S. YAMAUCHI SIG PICK (6PCS)","","","","","",1,"แพ็ค",,"",0.00,"          20"
"","","","F099-0205-020","FENDER BARSTOOL 24'' KNOCKDOWN BARSTOOL","","","","","",1,"ตัว",,"",0.00,"           5"
"","","","F099-0250-000","FENDER LOGO NEON SIGN","","","","","",1,"อัน",,"",0.00
"","","","F099-0401-003","FENDER SMART CAPO FINGERSTYLE #FSCFS","","","","","",2,"อัน",,"",0.00,"          17","           6"
"","","","F099-0519-000","FENDER CUSTOM SHOP TUOL KIT BY CRUZ TOOLS","","","","","",5,"ชุด",,"",0.00,"          37","           1"
"","","","F099-0521-100","FENDER SPEED SLICK STRING CLEANER","","","","","",9,"อัน",,"",0.00,"         345","           6"
"","","","F099-0544-000","FENDER PRO HI-FI EAR PLUGS","","","","","",3,"ชุด",,"",0.00,"          14"
"","","","F099-0571-066","FD CONTOUR 15" CABLE BURGUNDY MIST","","","","","",1,"เส้น",,"",0.00,"           3"
"","","","F099-0600-000","FENDER LEATHER STD LUGGAGE TAG BLACK","","","","","",3,"ชุด",,"",0.00
"","","","F099-0602-000","FENDER LEATHER P.BASS LUGGAGE TAG CHOCOL","","","","","",1,"ชุด",,"",0.00
"","","","F099-0607-006","FENDER BALL GLOVE LEATHER STRAP BLACK","","","","","",4,"เส้น",,"",0.00,"          28"
"","","","F099-0607-050","FENDER BALL GLOVE LEATHER STRAP BROWN","","","","","",8,"เส้น",,"",0.00,"          24"
"","","","F099-0623-070","FENDER MONONEON WOVEN STRAP NEON PINK","","","","","",1,"เส้น",,"",0.00,"          10"
"","","","F099-0637-211","FENDER 2"OMBRE STRAP TEQUILA SUNRISE","","","","","",2,"เส้น",,"",0.00,"          31"
"","","","F099-0637-223","FENDER 2" HELLO KITTY LEATHER STRAP WHITE","","","","","",2,"เส้น",,"",0.00
"","","","F099-0639-005","FENDER STRAP LTD 50TH 2" WOODSTOCK TIE DYE","","","","","",1,"เส้น",,"",0.00
"","","","F099-0640-014","FENDER ORIGINAL STRAP FIESTA RED","","","","","",1,"เส้น",,"",0.00
"","","","F099-0641-006","FENDER 2.5" BROKEN-IN LEATHER STRAP BLACK","","","","","",1,"เส้น",,"",0.00,"          16"
"","","","F099-0641-021","FENDER 2.5" BROKEN-IN LEATHER STRAP TAN","","","","","",1,"เส้น",,"",0.00,"           8"
"","","","F099-0664-006","FENDER STRAP SUPER DLX VINTAGE BLACK","","","","","",3,"เส้น",,"",0.00,"          36","           3"
"","","","F099-0664-021","FENDER STRAP SUPER DLX VINTAGE NATURAL","","","","","",4,"เส้น",,"",0.00,"          16","           4"
"","","","F099-0671-000","FENDER GUITAR STRAP WOVEN 2"","","","","","",1,"เส้น",,"",0.00,"         104","           2"
"","","","F099-0681-006","FENDER MONOGRAM LEATHER STRAP BLACK","","","","","",1,"เส้น",,"",0.00,"          40"
"","","","F099-0681-301","FENDER NEON MONOGRAM STRAP GREEN/ORANGE","","","","","",1,"เส้น",,"",0.00,"           9"
"","","","F099-0681-304","FENDER NEON MONOGRAM STRAP YELLOW/PINK","","","","","",4,"เส้น",,"",0.00,"          45"
"","","","F099-0690-000","FENDER LOCK STRAP & BUTTONS","","","","","",1,"ชุด",,"",0.00,"         149","           1"
"","","","F099-0700-100","FENDER HARMONICA HOLDER","","","","","",1,"อัน",,"",0.00,"           8"
"","","","F099-0708-004","FENDER HOT ROD DELUXE  HARMONICA KEY D","","","","","",1,"ตัว",,"",0.00,"          16"
"","","","F099-0708-005","FENDER HOT ROD DELUXE  HARMONICA KEY F","","","","","",1,"ตัว",,"",0.00,"           5"
"","Music Concept WT                                         ","หน้า   :       33"
"","สินค้าคงเหลือ แยกตามคลังสินค้า    ","ณ วันที่  24 พ.ค. 2569"
"","รหัสสินค้าจาก","001-01005-000     ","ถึง","VP-ADAPTOR-9V","วันที่ : 24/05/2569"
"","คลัง","","รหัสสินค้า","ชื่อสินค้า","","","","","","  จำนวน","","ราคาต่อหน่วย","","มูลค่าคงเหลือ","ยอดค้างรับ","ยอดค้างส่ง"
"","","","F099-0708-049","FENDER HOT ROD DLX HARMONICA SET 7 W/CASE","","","","","",1,"ชุด",,"",0.00,"           6"
"","","","F099-0804-121","FENDER TELE HANGER MAHOGANY","","","","","",1,"อัน",,"",0.00,"           3"
"","","","F099-0804-122","FENDER STRAT HANGER MAHOGANY","","","","","",1,"อัน",,"",0.00,"           3"
"","","","F099-0806-100","FENDER VINTAGE TELE BRIDGE 3 SADDLE CHROME","","","","","",2,"ชุด",,"",0.00,"           6"
"","","","F099-0806-200","FENDER VINTAGE TELE BRIDGE 3 SADDLE GOLD","","","","","",1,"ชุด",,"",0.00,"           3"
"","","","F099-0810-000","FENDER TELE BRIDGE 6 SECTION ASSMBLY","","","","","",1,"ชุด",,"",0.00,"           3"
"","","","F099-0810-200","FENDER OMBRE INST CABLE 10' S/S TEQUIA SUNRISE","","","","","",2,"เส้น",,"",0.00,"          66"
"","","","F099-0810-215","FENDER JOE STRUMMER 13" INSTRUMENT CABLE","","","","","",1,"เส้น",,"",0.00,"           7"
"","","","F099-0812-000","FENDER LSR ROLLER NUT","","","","","",2,"ตัว",,"",0.00,"          26"
"","","","F099-0818-000","FENDER MACHINE HEAD STRAT PLUS LOCK(SET","","","","","",1,"ชุด",,"",0.00,"          17"
"","","","F099-0818-100","FENDER MACHINE HEAD LOCK TUNER CHROME SET","","","","","",2,"ชุด",,"",0.00,"          15"
"","","","F099-0818-102","FENDER MACHINE HEAD LOCK TUNER CHR SET LH","","","","","",2,"ชุด",,"",0.00
"","","","F099-0818-123","FENDER LTD HELLO KITTY CABLE WHT/PINK 10FT S/S","","","","","",13,"เส้น",,"",0.00,"         117"
"","","","F099-0818-211","FENDER 18.6' GEORGE HARRISON ROCKY INST CABLE","","","","","",7,"เส้น",,"",0.00,"          22"
"","","","F099-0819-000","FENDER STRAP BLOCKS (2 BLK/ 2 RED)","","","","","",9,"ชุด",,"",0.00,"         388","          25"
"","","","F099-0820-015","FENDER PRO SERIES MICROPHONE CABLE 25FT","","","","","",4,"เส้น",,"",0.00,"          54"
"","","","F099-0820-016","FD PRO SERIES INST CABLE BLACK 25FT S/S","","","","","",1,"เส้น",,"",0.00,"          35","           6"
"","","","F099-0820-020","FENDER PRO SERIES INST CABLE BLACK 18.6FT S/S","","","","","",8,"เส้น",,"",0.00,"         150"
"","","","F099-0820-022","FENDER PRO SERIES MICROPHONE CABLE 10FT","","","","","",6,"เส้น",,"",0.00,"         127"
"","","","F099-0820-024","FENDER PRO SERIES INST CABLE BLACK 10FT S/S","","","","","",-1,"เส้น",,"",0.00,"         521","           6"
"","","","F099-0820-025","FENDER PRO SERIES CABLE 10FT S/A","","","","","",8,"เส้น",,"",0.00,"         822","          44"
"","","","F099-0820-046","FD CST SHOP CABLE 6FT B/T FG6ILLBS20 AG/AG","","","","","",14,"เส้น",,"",0.00,"          20"
"","","","F099-0820-056","FENDER CABLE 6FT BOWL","","","","","",6,"เส้น",,"",0.00,"          45"
"","","","F099-0820-080","FENDER DLX SERIES CABLE 18.6FT BLK TWEED S/S","","","","","",1,"เส้น",,"",0.00,"          45"
"","","","F099-0820-090","FENDER DLX SERIES CABLE 10FT BLK TWEED S/A","","","","","",2,"เส้น",,"",0.00,"         187"
"","","","F099-0820-092","FENDER DLX CABLE 10FT INSTR BLK TWEED S/S","","","","","",9,"เส้น",,"",0.00,"         218"
"","","","F099-0820-100","FENDER AM STRAT TUNING MACHINE (6 PCS.)","","","","","",2,"ชุด",,"",0.00,"          22"
"","","","F099-0825-102","FENDER BLOCKCHAIN PATCH CABLE KIT XS","","","","","",1,"เส้น",,"",0.00,"           3"
"","","","F099-0830-000","FENDER CONTROL 250K STRAT & TELE","","","","","",1,"ตัว",,"",0.00,"         402","           5"
"","","","F099-0834-000","FENDER CONTROL 500K SPLIT POT","","","","","",6,"ตัว",,"",0.00,"         135","           4"
"","","","F099-0843-000","FENDER VINTAGE TELE SADDLE (SET OF 3)","","","","","",2,"ชุด",,"",0.00,"           7"
"","","","F099-0847-000","FENDER DUAL 500K/250K SPLIT SHAFT POT","","","","","",4,"ชุด",,"",0.00,"          10"
"","","","F099-0931-000","FENDER KNOB AMP.RED (PKG 6)","","","","","",3,"ชุด",,"",0.00
"","","","F099-0932-000","FENDER KNOB BLACK POINTER (PKG 6)","","","","","",3,"ชุด",,"",0.00
"","","","F099-0944-000","FENDER AMP HANDLE-BROWN STRAP","","","","","",1,"ตัว",,"",0.00,"           1"
"","Music Concept WT                                         ","หน้า   :       34"
"","สินค้าคงเหลือ แยกตามคลังสินค้า    ","ณ วันที่  24 พ.ค. 2569"
"","รหัสสินค้าจาก","001-01005-000     ","ถึง","VP-ADAPTOR-9V","วันที่ : 24/05/2569"
"","คลัง","","รหัสสินค้า","ชื่อสินค้า","","","","","","  จำนวน","","ราคาต่อหน่วย","","มูลค่าคงเหลือ","ยอดค้างรับ","ยอดค้างส่ง"
"","","","F099-1006-506","FEDNER STAND CASE STAGE 3 BLACK","","","","","",1,"ใบ",,"",0.00
"","","","F099-1332-406","FENDER GIG BAG FA405 DREADNOUGHT","","","","","",3,"ใบ",,"",0.00,"          54"
"","","","F099-1335-000","FENDER PICKGUARD AM JAZZ BASS WHITE","","","","","",1,"อัน",,"",0.00,"           4"
"","","","F099-1337-000","FENDER PICKGUARD STRAT HSS TORT SHELL","","","","","",1,"อัน",,"",0.00,"          13"
"","","","F099-1351-000","FENDER PICKGUARD AM J.BASS  BLACK 3-PLY","","","","","",1,"อัน",,"",0.00,"           5","           2"
"","","","F099-1356-000","FENDER PICKGUARD AM STD TELE BLACK","","","","","",2,"อัน",,"",0.00,"           5"
"","","","F099-1362-000","FENDER STRAT ASCESSORY KIT WHITE","","","","","",1,"ชุด",,"",0.00,"          21","           3"
"","","","F099-1363-000","FENDER STRAT ASCESSORY KIT BLACK","","","","","",3,"ชุด",,"",0.00,"          14","           5"
"","","","F099-1365-000","FENDER KNOB STRAT BLACK 1-VOL/2-TONE","","","","","",5,"ชุด",,"",0.00,"          36","           5"
"","","","F099-1370-000","FENDER JAZZ BASS KNOBS","","","","","",4,"ชุด",,"",0.00,"          27"
"","","","F099-1372-000","FENDER PICKGUARD STRAT HH TORT SHELL","","","","","",1,"อัน",,"",0.00,"           2"
"","","","F099-1375-000","FENDER PICKGUARD STD TELE PARCHMENT","","","","","",1,"อัน",,"",0.00,"           4"
"","","","F099-1376-000","FENDER PICKGUARD AM P.BASS PARCHMENT","","","","","",1,"อัน",,"",0.00,"           5"
"","","","F099-1395-000","FENDER STRAT ASCESSORY KIT PARCHMENT","","","","","",1,"ชุด",,"",0.00,"          32","           3"
"","","","F099-1411-206","FENDER GIG BAG FEMS-610 MINI STRAT","","","","","",3,"ใบ",,"",0.00,"          32","           1"
"","","","F099-1412-406","FENDER GIG BAG FE610 ELECTRIC GUITAR","","","","","",1,"ใบ",,"",0.00,"         235","           3"
"","","","F099-1412-506","FENDER GIG BAG FEJ610 JAGUAR JAZZMASTER","","","","","",1,"ใบ",,"",0.00,"          44"
"","","","F099-1422-406","FENDER GIG BAG FB610 ELECTRIC BASS","","","","","",1,"ใบ",,"",0.00,"          82"
"","","","F099-1432-406","FENDER GIG BAG FA610 DREADNOUGHT","","","","","",2,"ใบ",,"",0.00,"         115"
"","","","F099-1443-406","FENDER GIG BAG FU610 SOPRAND UKELELE","","","","","",2,"ใบ",,"",0.00,"          20"
"","","","F099-1446-100","FENDER AM SERIES BASS NECK PLATE","","","","","",2,"ชุด",,"",0.00,"           8"
"","","","F099-1448-100","FENDER NECK PLATE "F" CHROME","","","","","",1,"ชุด",,"",0.00,"          15"
"","","","F099-1522-000","FENDER DLX GIG BAG BASS","","","","","",1,"ใบ",,"",0.00,"           1"
"","","","F099-1522-255","FENDER FBT-610 ELEC BASS BAG TWEED","","","","","",1,"ใบ",,"",0.00,"          34"
"","","","F099-1522-406","FENDER GIG BAG FB620 ELECTRIC BASS","","","","","",1,"ใบ",,"",0.00,"         113"
"","","","F099-1803-021","FENDER 351 WALL HANGER MAPLE","","","","","",1,"อัน",,"",0.00,"          11"
"","","","F099-1803-022","FD 351 WALL HANGER TORT SHELL MAH","","","","","",2,"อัน",,"",0.00,"           6"
"","","","F099-1804-005","FENDER GUITAR WALL HANGER WHITE","","","","","",1,"ชุด",,"",0.00
"","","","F099-1808-005","FENDER MULTI STAND 5","","","","","",1,"ตัว",,"",0.00,"           2"
"","","","F099-1811-000","FENDER MINI GUITAR STAND","","","","","",3,"ตัว",,"",0.00,"          78","           1"
"","","","F099-1816-000","FENDER STANDARD DOUBLE GUITAR STAND","","","","","",1,"ชุด",,"",0.00
"","","","F099-1940-100","FENDER STRAT JACK FERRULE CHROME","","","","","",4,"ชุด",,"",0.00,"          32"
"","","","F099-1941-000","FENDER JACK FERRULE TELE NICKEL","","","","","",2,"ชุด",,"",0.00,"           1"
"","","","F099-1998-000","FENDER STANDARD GUITAR FRET WIRE","","","","","",1,"ชุด",,"",0.00,"          43"
"","","","F099-1999-000","FENDER JUMBO FRET WIRE ( NARROW/TALL 6105 )","","","","","",5,"ชุด",,"",0.00,"          58"
"","Music Concept WT                                         ","หน้า   :       35"
"","สินค้าคงเหลือ แยกตามคลังสินค้า    ","ณ วันที่  24 พ.ค. 2569"
"","รหัสสินค้าจาก","001-01005-000     ","ถึง","VP-ADAPTOR-9V","วันที่ : 24/05/2569"
"","คลัง","","รหัสสินค้า","ชื่อสินค้า","","","","","","  จำนวน","","ราคาต่อหน่วย","","มูลค่าคงเหลือ","ยอดค้างรับ","ยอดค้างส่ง"
"","","","F099-2005-000","FENDER AM PRO TELE BRIDGE ASSY","","","","","",1,"ชุด",,"",0.00,"           2"
"","","","F099-2008-000","FENDER KNOBS SOFT TOUCH 1 VOL 2 TONE,A,WHITE","","","","","",3,"ชุด",,"",0.00,"          32"
"","","","F099-2014-000","FENDER FRET VINTAGE SET","","","","","",13,"ชุด",,"",0.00,"          71"
"","","","F099-2017-000","FENDER PICKGUARD 57 STRAT WHITE 1 PLY","","","","","",1,"อัน",,"",0.00,"          22"
"","","","F099-2019-000","FENDER PICKGUARD 52 TELE BLACK 1-PLY","","","","","",1,"อัน",,"",0.00,"           6"
"","","","F099-2035-000","FENDER KNOB AM STRAT (SET OF 3)","","","","","",3,"ชุด",,"",0.00,"          71","          13"
"","","","F099-2036-000","FENDER ORIG. THUMBREST P&J BASS BLACK TW","","","","","",2,"ชุด",,"",0.00,"          30"
"","","","F099-2040-000","FENDER MACHINE HEAD VINTAGE STRAT (6 PCS","","","","","",2,"ชุด",,"",0.00,"          18"
"","","","F099-2041-000","FENDER 3 WAY SWITCH FOR TELE & STRAT","","","","","",2,"ตัว",,"",0.00,"          96"
"","","","F099-2049-000","FENDER TREMOLO ASSY VINTAGE STRAT","","","","","",1,"ชุด",,"",0.00,"           7"
"","","","F099-2051-000","FENDER VINTAGE BRIDGE (SET OF 6)","","","","","",2,"ชุด",,"",0.00,"          36"
"","","","F099-2052-000","FENDER TBX TONE CONTROL","","","","","",2,"ตัว",,"",0.00,"          26"
"","","","F099-2055-000","FENDER ORIG. VINT. JAZZ BASS CONTROL PLATE","","","","","",1,"ชุด",,"",0.00,"           3"
"","","","F099-2058-000","FENDER ORIGINAL VINTAGE TELE CONTROL PLATE","","","","","",1,"ชุด",,"",0.00,"           8"
"","","","F099-2082-000","FENDER VINT JAGUAR MUTE ASSEMBLY KIT","","","","","",1,"ชุด",,"",0.00,"           2"
"","","","F099-2109-000","FENDER PICKUP C.SHOP 51 NOCASTER TELE (2)","","","","","",1,"ชุด",,"",0.00,"          13"
"","","","F099-2113-000","FENDER PICKUP CUSTOM SHOP FAT 50S (3)","","","","","",3,"ชุด",,"",0.00,"          27"
"","","","F099-2123-000","FENDER ORIG.PICKUP VINT.J.BASS","","","","","",1,"ชุด",,"",0.00,"           4"
"","","","F099-2140-000","FENDER PICKGUARD STRAT WHITE PEARL","","","","","",1,"อัน",,"",0.00,"           6"
"","","","F099-2141-000","FENDER PICKGUARD STRAT BLACK PEARL","","","","","",2,"อัน",,"",0.00,"           4"
"","","","F099-2142-000","FENDER PICKGUARD STRAT TORTOISE SHELL","","","","","",1,"อัน",,"",0.00,"          25"
"","","","F099-2143-000","FENDER PICKGUARD 57 STRAT GOLD ANODIZED","","","","","",1,"อัน",,"",0.00,"           5"
"","","","F099-2146-000","FENDER PICKGUARD STRAT HSS BLACK PEARL","","","","","",1,"อัน",,"",0.00,"           3"
"","","","F099-2170-000","FENDER PICKGUARD J-BASS WHITE PEARL","","","","","",2,"อัน",,"",0.00,"           3"
"","","","F099-2171-000","FENDER PICKGUARD J-BASS BLACK PEARL","","","","","",2,"อัน",,"",0.00,"           7"
"","","","F099-2217-205","FENDER PICKUP TWIN HEAD HD VINTAGE NECK","","","","","",1,"ชุด",,"",0.00
"","","","F099-2241-000","FENDER PICKUP AM VINTAGE 63 P.BASS","","","","","",1,"ชุด",,"",0.00,"          11"
"","","","F099-2251-000","FENDER 5 WAY SUPER SWITCH","","","","","",2,"ตัว",,"",0.00,"          58"
"","","","F099-2270-100","FENDER BRIDGE COVER VINT.STRAT CHROME","","","","","",1,"อัน",,"",0.00,"           3"
"","","","F099-2297-004","FD CSTM LANDAU WIDE RANGE HB BRIDGE PICKUP","","","","","",1,"ตัว",,"",0.00,"           1"
"","","","F099-2300-003","FENDER GLASS SLIDE 3 THICK MED","","","","","",3,"อัน",,"",0.00,"          19","           1"
"","","","F099-2310-100","FENDER TREM ARM MEX STD CHROME","","","","","",4,"อัน",,"",0.00,"          22"
"","","","F099-4029-000","FENDER TUBE 5U4","","","","","",1,"หลอด",,"",0.00
"","","","F099-4062-000","FENDER FOOT SWITCH 2 BTN DRV/MDRV","","","","","",1,"ตัว",,"",0.00
"","","","F099-4071-000","FENDER FOOTSWITCH MGT-4 MUSTANG GT","","","","","",1,"ตัว",,"",0.00,"          19"
"","Music Concept WT                                         ","หน้า   :       36"
"","สินค้าคงเหลือ แยกตามคลังสินค้า    ","ณ วันที่  24 พ.ค. 2569"
"","รหัสสินค้าจาก","001-01005-000     ","ถึง","VP-ADAPTOR-9V","วันที่ : 24/05/2569"
"","คลัง","","รหัสสินค้า","ชื่อสินค้า","","","","","","  จำนวน","","ราคาต่อหน่วย","","มูลค่าคงเหลือ","ยอดค้างรับ","ยอดค้างส่ง"
"","","","F099-4910-000","FENDER AM SRS STRING GUIDES VINTAGE","","","","","",4,"ชุด",,"",0.00,"          24","           1"
"","","","F099-4911-000","FENDER AM SRS STRING GUIDES (PAIR)","","","","","",2,"ชุด",,"",0.00,"          36"
"","","","F099-4912-000","FENDER ORIGINAL TELE STRING GUIDES","","","","","",2,"ชุด",,"",0.00,"           5","           1"
"","","","F099-4916-000","FENDER PICKUP TUBING (12)","","","","","",4,"ชุด",,"",0.00,"          35"
"","","","F099-4917-000","FENDER FERRULE STRING FOR TELE","","","","","",1,"ชุด",,"",0.00,"          13"
"","","","F099-4921-000","FENDER AM SRS P.BASS NUT","","","","","",2,"อัน",,"",0.00
"","","","F099-4923-000","FENDER SCREW PICKGUARD (24)","","","","","",1,"กล่อง",,"",0.00,"         244","           1"
"","","","F099-4931-000A","FENDER AM TREMOLO ARM SPRING (1)","","","","","",-1,"ตัว",,"",0.00
"","","","F099-4936-000","FENDER ORIG. TELE SWITCH TIPS (2)","","","","","",1,"ชุด",,"",0.00,"          45"
"","","","F099-4937-000","FENDER ORIG. TELE TOP HAT SWITCH TIP (2)","","","","","",2,"ชุด",,"",0.00,"          17"
"","","","F099-4940-000","FENDER ORIG. STRAT WHITE SWITCH TIPS (2)","","","","","",3,"ชุด",,"",0.00,"          18"
"","","","F099-4943-000","FENDER AM SERIES TRUSS ROD NUT","","","","","",1,"ชุด",,"",0.00
"","","","F099-5501-016","FENDER BOOK DREAM FACTORY","","","","","",1,"เล่ม",,"",0.00
"","","","F099-6109-657","FENDER X GODZILLA COLLABORATION","","","","","",6,"แพ็ค",,"",0.00,"           2"
"","","","F099-7004-100","FLOYD ROSE BRIDGE PIVOT SCREW","","","","","",6,"ตัว",,"",0.00
"","","","F099-8101-100","FENDER FLOYD ROSE NUT CAP","","","","","",25,"ตัว",,"",0.00
"","","","F150-1710-895","FENDER 2013 CC STRAT PRO RW AVW","","","","","",1,"ตัว",,"",0.00,"           1"
"","","","F150-8180-801","FENDER A MOONEY CS TELE","","","","","",1,"ตัว",,"",0.00,"           1"
"","","","F150-8800-803","FENDER CST SHOP ERIC CLAPTON BROWNIE","","","","","",1,"ตัว",,"",0.00
"","","","F151-0054-803","FENDER 1954 HVY REL STRAT 2TSB","","","","","",1,"ตัว",,"",0.00,"           5"
"","","","F151-1272-806","FENDER JH VOODOO CHILD NOS BLACK","","","","","",1,"ตัว",,"",0.00,"           1"
"","","","F198-0351-102","FENDER #351 RAINBOW MEDIUM CELLULOID (12)","","","","","",4,"แพ็ค",,"",0.00,"          37"
"","","","F198-0351-103","FENDER RAINBOW CELLULOID HVY (12)","","","","","",3,"แพ็ค",,"",0.00,"          11"
"","","","F198-0351-202","FENDER #351 ZEBRA MEDIUM CELLULOID (12)","","","","","",12,"ห่อ",,"",0.00,"          27"
"","","","F198-0351-500","FENDER #351 SHELL PICK 1 GROSS HEAVY","","","","","",1,"กุรุส",,"",0.00,"          12"
"","","","F198-5351-800","FENDER MOJO GRIP TORT TOR PICK MEDIUM (3)","","","","","",2,"แพ็ค",,"",0.00,"           8"
"","","","F198-5351-900","FENDER MOJO GRIP TORT TORT PICK HEAVY (3)","","","","","",3,"แพ็ค",,"",0.00,"          10"
"","","","F225-3100-410","EVH 5150 III 1x12" CABINET IVORY","","","","","",1,"เครื่อง",,"",0.00,"           1"
"","","","F227-4006-000","FENDER AMP.68 CUSTOM DELUXE REVERB","","","","","",1,"ตู้",,"",0.00,"          13"
"","","","F227-4906-000","FENDER MULTI EFFECT TONEMASTER PRO","","","","","",1,"เครื่อง",,"",0.00,"          27","           1"
"","","","F230-3006-900","GRETA AMP. 2 WATT","","","","","",1,"ตู้",,"",0.00
"","","","F231-1006-900","FENDER AMP. FRONTMAN 10G","","","","","",3,"ตู้",,"",0.00,"       1,320","          35"
"","","","F231-1300-000","FENDER AMP. MUSTANG MICRO - US","","","","","",6,"ตัว",,"",0.00,"         253"
"","","","F231-1506-900","FENDER FRONTMAN 20 G","","","","","",2,"ตู้",,"",0.00,"         263"
"","","","F231-3000-000","FENDER LINK I/O INTERFACE","","","","","",6,"ตัว",,"",0.00,"          18"
"","Music Concept WT                                         ","หน้า   :       37"
"","สินค้าคงเหลือ แยกตามคลังสินค้า    ","ณ วันที่  24 พ.ค. 2569"
"","รหัสสินค้าจาก","001-01005-000     ","ถึง","VP-ADAPTOR-9V","วันที่ : 24/05/2569"
"","คลัง","","รหัสสินค้า","ชื่อสินค้า","","","","","","  จำนวน","","ราคาต่อหน่วย","","มูลค่าคงเหลือ","ยอดค้างรับ","ยอดค้างส่ง"
"","","","F231-4506-000","FENDER AMP. ACOUSTIC SFX II","","","","","",1,"ตู้",,"",0.00,"          27"
"","","","F233-0706-900","FENDER AMP. CHAMPION II 25","","","","","",1,"ตู้",,"",0.00,"         643"
"","","","F233-0806-900","FENDER AMP. CHAMPION II 50","","","","","",1,"ตู้",,"",0.00,"         199"
"","","","F237-0106-900","FENDER AMP. BASS RUMBLE 15","","","","","",1,"ตู้",,"",0.00,"         384","          10"
"","","","F237-0406-900","FENDER AMP. BASS RUMBLE 100","","","","","",1,"ตู้",,"",0.00,"         130","           1"
"","","","F237-0506-900","FENDER AMP. BASS RUMBLE 200 V3","","","","","",1,"ตู้",,"",0.00,"         153","           5"
"","","","F237-2006-000","FENDER AMP. RUMBLE 800 HEAD","","","","","",1,"ตู้",,"",0.00,"           4"
"","","","F237-6006-000","FENDER AMP.BASS RUMBLE STUDIO 40","","","","","",1,"ตู้",,"",0.00,"          18"
"","","","F250-6217-512","GR G5422TG EMTC CLSC HLW DC ORANGE STAIN","","","","","",1,"ตัว",,"",0.00,"           2"
"","","","F250-7430-565","GR FSR G5237TG EMTC JET FT BLK PEARL","","","","","",1,"ตัว",,"",0.00,"           1"
"","","","F250-8200-579","GR G5622T EMTC CB DC SINGLE IMPERIAL SATIN BIGSBY","","","","","",1,"ตัว",,"",0.00,"           2"
"","","","F250-8310-506","GR 5230T-N13 EMTC JET NICK 13 BLACK BIGSBY","","","","","",1,"ตัว",,"",0.00,"           1"
"","","","F271-4014-556","GR G5021E RANCHER PENGUIN PARLOR SHELL PINK","","","","","",1,"ตัว",,"",0.00,"           2"
"","","","F280-6400-579","GRESTCH G2655T STRML CNTR BLOCK JR IMPERIAL STAIN","","","","","",1,"ตัว",,"",0.00,"           6"
"","","","F281-1002-051","JACKSON DK 2H FR GRAVEYARD","","","","","",1,"ตัว",,"",0.00,"           1"
"","","","F291-0032-576","JACKSON DK2X-SNOW WHITE","","","","","",1,"ตัว",,"",0.00,"           3"
"","","","F291-4006-534","JACKSON PRO MN JUGG HT 6 MATTE BL FIRST","","","","","",1,"ตัว",,"",0.00,"           1"
"","","","F291-4327-500","JACKSON PRO PLUS SRS SOLOSIT SLA3 GLD BULLION","","","","","",1,"ตัว",,"",0.00,"           1"
"","","","F291-4445-557","JACKSON PRO RR24 NATURAL","","","","","",1,"ตัว",,"",0.00,"           2"
"","","","F291-5453-557","JACKSON JCP SL H/S WALNUT","","","","","",1,"ตัว",,"",0.00,"           4"
"","","","F291-7782-562","JACKSON PRO SERIES J SMITH SL7 ET AQUAMARINE","","","","","",1,"ตัว",,"",0.00,"           2"
"","","","F291-9260-568","JACKSON X SERIES SLA6 BARITONE","","","","","",1,"ตัว",,"",0.00,"           1"
"","","","F291-9904-557","JACKSON X SERIES SL4XDX BUTTERSCOTCH","","","","","",1,"ตัว",,"",0.00,"           1"
"","","","F291-9934-515","JACKSON PRO SPECTRA IV NT - CHERRY BURST","","","","","",1,"ตัว",,"",0.00,"           2"
"","","","F292-5414-588","CHARVEL MJ SRS GUTHRIE GOVAN SIG SD 24 3TBURST","","","","","",1,"ตัว",,"",0.00,"           2"
"","","","F296-2411-500","CHARVEL PM DK24 HH 2PT CM MALIBU SUNSET","","","","","",1,"ตัว",,"",0.00,"           1"
"","","","F296-3068-568","CHARVEL PM BASS SD PJ IV SATIN BLACK","","","","","",1,"ตัว",,"",0.00,"           1"
"","","","F296-5068-595","CHARVEL PM BASS SD PJ V METTALIC BLACK","","","","","",1,"ตัว",,"",0.00,"           1"
"","","","F296-5801-803","CHARVEL PM SD1 JIM ROOT SIGN. HH FR MN SATIN BLACK","","","","","",1,"ตัว",,"",0.00,"           1"
"","","","F296-6031-555","CHARVEL PM SC1 HH FR MN VINT WHITE","","","","","",1,"ตัว",,"",0.00,"           3"
"","","","F296-6036-592","CHARVEL PM SC1 MARCO SFOGLI SIGN. FR PURPLE BURST","","","","","",1,"ตัว",,"",0.00,"           2"
"","","","F296-6561-527","CHARVEL PM SC2 24 HT # HH ROBINS EGG BLUE","","","","","",1,"ตัว",,"",0.00
"","","","F296-6803-518","CHARVEL PM SC4 HSS FR LAMBO GREEN","","","","","",1,"ตัว",,"",0.00,"           1"
"","","","F296-9001-576","CHARVEL PM DK SATCHEL SIG #SATIN WHITE BENGAL","","","","","",1,"ตัว",,"",0.00,"           2"
"","","","F296-9413-539","CHARVEL PM DK24 HSS 2PT CM - RED ASH","","","","","",1,"ตัว",,"",0.00,"           1"
"","Music Concept WT                                         ","หน้า   :       38"
"","สินค้าคงเหลือ แยกตามคลังสินค้า    ","ณ วันที่  24 พ.ค. 2569"
"","รหัสสินค้าจาก","001-01005-000     ","ถึง","VP-ADAPTOR-9V","วันที่ : 24/05/2569"
"","คลัง","","รหัสสินค้า","ชื่อสินค้า","","","","","","  จำนวน","","ราคาต่อหน่วย","","มูลค่าคงเหลือ","ยอดค้างรับ","ยอดค้างส่ง"
"","","","F297-0011-504","CHARVEL PM SD1 HH FR EB ASH SUNBURN","","","","","",1,"ตัว",,"",0.00,"           1"
"","","","F299-2683-000","JACKSON WALL MOUNTED BOTTLE OPENER","","","","","",1,"ชุด",,"",0.00
"","","","F510-7003-587","EVH WOLFGANG STD QM, BKD MN TRANS GREEN","","","","","",1,"ตัว",,"",0.00,"           1"
"","","","F510-7005-549","EVH WOLFGANG WG STD T.O.M. SEA FOAM PEARL METALLIC","","","","","",1,"ตัว",,"",0.00
"","","","F510-7900-503","EVH STRIPE SERIES FRANKIE R/B/W RELIC","","","","","",1,"ตัว",,"",0.00,"          40"
"","","","F525-2202-350","FENDER CLASSIC 69 TELE BLUE FLOWER","","","","","",1,"ตัว",,"",0.00
"","","","F531-2100-306","FENDER LTD STARMASTER RW BLK JP-24","","","","","",1,"ตัว",,"",0.00,"           2"
"","","","F531-3600-380","FENDER LTD J BASS RW BLANC JP-25","","","","","",1,"ตัว",,"",0.00,"           2"
"","","","F536-1200-306","FENDER TRAD II 60S STRAT RW BLACK","","","","","",1,"ตัว",,"",0.00,"          10"
"","","","F555-0112-391","FENDER GT TUBE ECC83-S SELECT","","","","","",5,"หลอด",,"",0.00,"          21"
"","","","F555-0112-400","FENDER GT TUBE 12AT7 SELECT","","","","","",2,"หลอด",,"",0.00,"          12"
"","","","F555-0113-477","FENDER TUBE GT-6550-R MED DUET (2)","","","","","",1,"ชุด",,"",0.00
"","","","F555-0113-506","FENDER TUBE GT-6L6-GE MED QUARTET","","","","","",1,"ชุด",,"",0.00
"","","","F555-0113-521","FENDER TUBE GT 6L6-S MED DUET(2)","","","","","",2,"ชุด",,"",0.00,"          16"
"","","","F555-0113-545","FENDER GT-E34LS MED DUET","","","","","",1,"ตัว",,"",0.00,"           4"
"","","","F555-0113-580","FENDER TUBE GT-EL84-S MED DUET (2)","","","","","",2,"ชุด",,"",0.00,"           4"
"","","","F560-0900-306","FENDER HAMA OKAMOTO KATANA BASS BLACK","","","","","",1,"ตัว",,"",0.00,"           4"
"","","","F560-1100-341","FD SCANDAL MAMI STRAT RW VINT WHITE OMOCHI","","","","","",1,"ตัว",,"",0.00,"           3"
"","","","F563-1440-306","FD FSR TRAD II LATE 60S STRAT MN BLACK ASIA-24","","","","","",1,"ตัว",,"",0.00,"           1"
"","","","F563-1550-304","FD FSR TRAD II 60S STRAT RW DAPHNE BLUE ASIA-24","","","","","",1,"ตัว",,"",0.00,"           1"
"","","","F563-2110-347","FENDER FSR HYBRID II J BASS RW SSB ASIA-24","","","","","",1,"ตัว",,"",0.00,"           1"
"","","","F565-4400-320","FENDER O-LARN STRAT AMB","","","","","",1,"ตัว",,"",0.00,"          24","           1"
"","","","F565-4400-341","FENDER O-LARN STRAT VINTAGE WHITE","","","","","",1,"ตัว",,"",0.00,"          15"
"","","","F566-1100-367","FENDER HYBRID II STRAT RW US BLONDE","","","","","",1,"ตัว",,"",0.00,"           4"
"","","","F566-1102-316","FENDER HYBRID II STRAT MN MODENA RED","","","","","",1,"ตัว",,"",0.00,"           8"
"","","","F566-2202-307","FENDER HYBRID II J BASS V MN VINT NATURAL","","","","","",1,"ตัว",,"",0.00,"           2"
"","","","F568-0100-300","FENDER JUNIOR COLL. TELE RW 3TS","","","","","",1,"ตัว",,"",0.00,"           1"
"","","","F568-1102-356","FENDER JUNIOR COLL. STRAT MN SHELL PINK","","","","","",1,"ตัว",,"",0.00,"           7"
"","","","F633-0502-941","FENDER SQ CA TELE MN WHITE","","","","","",1,"ตัว",,"",0.00
"","","","F770-6416-049","FENDER TONE SAVER 250K","","","","","",1,"ตัว",,"",0.00,"           4","           2"
"","","","F770-8254-000","FENDER PCB FAB AM ELITE J-BASS (อะไหล่)","","","","","",1,"ชุด",,"",0.00
"","","","F770-9929-000","FENDER TREM ARM PRO STRAT RH PLS","","","","","",1,"ตัว",,"",0.00,"           1"
"","","","F770-9929-049","FENDER TREM ARM AM PRO STRAT RH. SS","","","","","",1,"อัน",,"",0.00,"           5"
"","","","F771-5474-000","FENDER PICKUP ASSY ULTRA J BASS IV","","","","","",2,"ตัว",,"",0.00,"           1"
"","","","F910-0294-000","FENDER CUSTOM SHOP STICKER","","","","","",113,"แผ่น",,"",0.00
"","Music Concept WT                                         ","หน้า   :       39"
"","สินค้าคงเหลือ แยกตามคลังสินค้า    ","ณ วันที่  24 พ.ค. 2569"
"","รหัสสินค้าจาก","001-01005-000     ","ถึง","VP-ADAPTOR-9V","วันที่ : 24/05/2569"
"","คลัง","","รหัสสินค้า","ชื่อสินค้า","","","","","","  จำนวน","","ราคาต่อหน่วย","","มูลค่าคงเหลือ","ยอดค้างรับ","ยอดค้างส่ง"
"","","","F910-0320-000","FENDER TIN SIGN HULA GIRL UKULELES","","","","","",1,"แผ่น",,"",0.00
"","","","F910-1293-697","FENDER STRAT 7TH BADGE TEE OLIVE SIZE XL","","","","","",1,"ตัว",,"",0.00,"           1"
"","","","F911-8994-200","FENDER TOKYO HELLO KITTY PICK LS BLACK SIZE S","","","","","",1,"ตัว",,"",0.00,"           1"
"","","","F911-8994-210","FENDER TOKYO HELLO KITTY PICK LS WHITE SIZE S","","","","","",1,"ตัว",,"",0.00,"           1"
"","","","F912-3013-112","FENDER RECORDING MACHINE T-SHIRT ( M )","","","","","",1,"ตัว",,"",0.00
"","","","F912-4005-806","FENDER CUSTOM SHOP BACKPACK GREEN (เป้)","","","","","",1,"ใบ",,"",0.00
"","","","F912-4783-000","FENDER BOOKEND STRAT SUNBURST","","","","","",2,"ชุด",,"",0.00,"          23"
"","","","F919-0149-406","FD HELLO KITTY WHT SLEEVE LOGO HOODIE SIZE M","","","","","",1,"ตัว",,"",0.00,"           8"
"","","","F919-0153-097","FENDER ORIGINAL CAMOUFLAGE CHAIR","","","","","",-1,"ตัว",,"",0.00,"           1"
"","","","F919-0187-406","FD HELLO KITTY BLK SLEEVE LOGO HOODIE SIZE M","","","","","",1,"ตัว",,"",0.00,"           6"
"","","","F919-0388-406","FD HELLO KITTY SM FRONT LOGO HIT TEE  BLK SIZE M","","","","","",3,"ตัว",,"",0.00,"          10"
"","","","F919-0588-306","FENDER HELLO KITTY LOGO TEE WHITE SIZE S","","","","","",4,"ตัว",,"",0.00,"           6"
"","","","F919-0588-406","FENDER HELLO KITTY LOGO TEE WHITE SIZE M","","","","","",8,"ตัว",,"",0.00,"          10"
"","","","F919-4000-406","FENDER UGLY CHRISTMAS TEE ALIEN BLACK SIZE M","","","","","",1,"ตัว",,"",0.00,"           2"
"","","","F919-5222-306","FENDER SWEATER "WELCOME TO JINGLE" SIZE S","","","","","",1,"ตัว",,"",0.00,"           1"
"","","","F919-5222-406","FENDER SWEATER "WELCOME TO JINGLE" SIZE M","","","","","",1,"ตัว",,"",0.00,"           1"
"","","","F921-5003-057","FD LTD 70TH ANNI. BROADCAST TELE RELIC N","","","","","",1,"ตัว",,"",0.00
"","","","F921-6002-015","FENDER 60 STRAT LCC C2TSB SPARKLE MBGF MN","","","","","",1,"ตัว",,"",0.00,"           1"
"","","","F921-6040-212","FENDER CLAPTON STRAT MBTK MN BLACK","","","","","",1,"ตัว",,"",0.00,"           1"
"","","","F921-6050-065","FD 70TH ANN. 54 STRAT HREL-WF2TSB MBLP 2COLOUR SB","","","","","",1,"ตัว",,"",0.00,"           2"
"","","","F921-6054-002","FENDER LTD '54 STRAT SHREL 2 COLOUR SUNBURST","","","","","",1,"ตัว",,"",0.00,"           2"
"","","","F921-6095-350","FD F22 P-90TELE HVY RELIC TBST MBAM MN TOBACCO SB","","","","","",1,"ตัว",,"",0.00,"           1"
"","","","F923-4002-246","FENDER 61 STRAT HVY RELIC RW SHERWOOD GREEN","","","","","",1,"ตัว",,"",0.00,"           1"
"","","","F923-5000-863","FENDER SRV SIG STRAT NOS-3TSB","","","","","",1,"ตัว",,"",0.00,"           1"
"","","","F923-5700-015","FD LTD ARIEL POSEN STRAT JRN LAKE PLACID BLUE","","","","","",1,"ตัว",,"",0.00,"           1"
"","","","F923-5700-072","FENDER B5 LTD 59 STRAT HSS REL SPK MET","","","","","",1,"ตัว",,"",0.00,"           1"
"","","","F923-6081-265","FD B3 LTD TWISTED TELE CSTM JRN 2 COLOUR SUNBURST","","","","","",1,"ตัว",,"",0.00,"           1"
"","","","F923-6091-050","FD B4 LTD 64 L-SERIES STRAT HREL 3TSB","","","","","",1,"ตัว",,"",0.00,"           1"
"","","","F923-6091-078","FENDER B4 60 TELE CSTM HREL CHOCOLATE 3TSB","","","","","",1,"ตัว",,"",0.00,"           1"
"","","","F923-6091-604","FD F24 LTD CSTM J BASS JRN BLACK","","","","","",1,"ตัว",,"",0.00,"           2"
"","","","F991-6025-313","FENDER STRING BIN GUITAR","","","","","",1,"ชุด",,"",0.00
"","","","FHL0-0194-661","FENDER BOOK CUSTOM SHOP MASTERBUILT XXX 2017","","","","","",1,"เล่ม",,"",0.00
"","","","FI-FA11","FADE IN ORIGINAL BLACKTAN","","","","","",1,"เส้น",,"",0.00
"","","","FI-FA12","FADE IN ORIGINAL BLUETAN","","","","","",1,"เส้น",,"",0.00
"","","","FI-FA13","FADE IN ORIGINAL BLACKBEIGE","","","","","",2,"เส้น",,"",0.00
"","Music Concept WT                                         ","หน้า   :       40"
"","สินค้าคงเหลือ แยกตามคลังสินค้า    ","ณ วันที่  24 พ.ค. 2569"
"","รหัสสินค้าจาก","001-01005-000     ","ถึง","VP-ADAPTOR-9V","วันที่ : 24/05/2569"
"","คลัง","","รหัสสินค้า","ชื่อสินค้า","","","","","","  จำนวน","","ราคาต่อหน่วย","","มูลค่าคงเหลือ","ยอดค้างรับ","ยอดค้างส่ง"
"","","","FI-FA14","FADE IN ORIGINAL BLUEBEIGE","","","","","",1,"เส้น",,"",0.00
"","","","FI-FA31","FADE IN ORIGINAL OLIVETAN","","","","","",1,"เส้น",,"",0.00
"","","","FI-FA51","FADE IN ORIGINAL TOBACCOTAN","","","","","",1,"เส้น",,"",0.00
"","","","FM-AC-210A E","FURMAN 10A TWO OUTLET AUTO RESET EXPORT(AC-210A E)","","","","","",1,"เครื่อง",,"",0.00
"","","","FM-M-10LX E","FURMAN PWR COND 10A W/LIGHTS 240V","","","","","",1,"เครื่อง",,"",0.00
"","","","FM-PL-8C E","FURMAN PWR COND 10A/LIGHTS W/SWP (240V)","","","","","",1,"เครื่อง",,"",0.00
"","","","HR-AUTOTUNE","HEADRUSH AUTO TUNE VX5","","","","","",4,"เครื่อง",,"",0.00,"         144","           1"
"","","","HR-CORE","HEADRUSH CORE","","","","","",1,"เครื่อง",,"",0.00,"          55","           3"
"","","","HR-FLEXX","HEADRUSH FLEXX PRIME","","","","","",3,"เครื่อง",,"",0.00,"          24","           1"
"","","","HR-FRFR108-BT","HEADRUSH POWERED SPEAKER FRFR108 MKll","","","","","",1,"ตู้",,"",0.00,"         276","          10"
"","","","HR-GIGBOARD","HEADRUSH GIGBOARD","","","","","",1,"เครื่อง",,"",0.00,"          61","           1"
"","","","HR-MX5X","HEADRUSH MX5X","","","","","",2,"เครื่อง",,"",0.00,"         180","           1"
"","","","HR-PRIME","HEADRUSH PRIME","","","","","",1,"ตัว",,"",0.00,"          51"
"","","","HR-SHEERAN-LP+","HEADRUSH SHEERAN LOOPER+","","","","","",1,"เครื่อง",,"",0.00,"          53"
"","","","JD-10002","JIMDUNLOP JAZZ III BLACK","","","","","",1,"ตัว",,"",0.00
"","","","JD-11001","JIMDUNLOP III MAX RED","","","","","",1,"ตัว",,"",0.00
"","","","KP-CP1BL","KICKPORT CAJON PORT CP1 BLACK","","","","","",3,"อัน",,"",0.00
"","","","KP-FX1RT","KICKPORT FX-1RT TOM PORT-1 WHITE","","","","","",1,"อัน",,"",0.00,"","          10"
"","","","KP-FX2BD","KICKPORT FX-2BD BASS DRUM WHITE","","","","","",2,"อัน",,"",0.00
"","","","KP-FX2BDB","KICKPORT FX-2BD-B BASS DRUM PORT BLACK","","","","","",1,"อัน",,"",0.00
"","","","KP-FX2FT","KICKPORT FX-2FT FLOOR TOM PORT WHITE","","","","","",1,"อัน",,"",0.00,"","           6"
"","","","KR-01002-CR","KRAMER JERSEY STAR GOLD FR CANDY APPLE RED","","","","","",1,"ตัว",,"",0.00,"           5"
"","","","KR-01004-HP","KRAMER FOCUS VT-211S HOT PINK","","","","","",1,"ตัว",,"",0.00,"           9","           4"
"","","","KR-KPUERDB4","KR ERUPTION HUMBUCKING ZEBRA DBL BLK NECK PICKUP","","","","","",1,"ตัว",,"",0.00,"           1"
"","","","KR-KPUERZB4","KR ERUPTION HUMBUCKING ZEBRA NECK PICKUP","","","","","",1,"ตัว",,"",0.00,"           1"
"","","","KR-KPUETDB4","KR ERUPTION HUMBUCKING ZEBRA DBL BLK BRIDGE PICKUP","","","","","",1,"ตัว",,"",0.00,"           1"
"","","","KR-KPUETZB4","KR ERUPTION HUMBUCKING ZEBRA BRIDGE PICKUP","","","","","",1,"ตัว",,"",0.00,"           1"
"","","","MH-VLVE-00083","MARSHALL TUBE AMP. 6L6","","","","","",2,"อัน",,"",0.00
"","","","MS-MOCACSP","MAESTRO ARCAS COMPRESSOR SUSTAINER EFFECTS PEDAL","","","","","",1,"ตัว",,"",0.00,"           1"
"","","","MS-MOCAEFP","MAESTRO AGENA ENVELOPE FILTER EFFECTS PEDAL","","","","","",1,"ตัว",,"",0.00,"           1"
"","","","MS-MOCCCP","MAESTRO COMET CHORUS EFFECT PEDAL","","","","","",2,"ตัว",,"",0.00,"           2"
"","","","MS-MOCDDP","MAESTRO DISCOVERER DELAY EFFECT PEDAL","","","","","",1,"ตัว",,"",0.00,"           3"
"","","","MS-MOCMTP","MAESTRO MARINER TREMOLO EFFECTS PEDAL","","","","","",1,"ตัว",,"",0.00,"           3"
"","","","MS-MOCTBP","MAESTRO TITAN BOOST EFFECTS PEDAL","","","","","",1,"ตัว",,"",0.00,"           1"
"","","","NT-H-PS-STM","NATAL SINGLE TOM MOUNT","","","","","",1,"ชุด",,"",0.00,"","           2"
"","Music Concept WT                                         ","หน้า   :       41"
"","สินค้าคงเหลือ แยกตามคลังสินค้า    ","ณ วันที่  24 พ.ค. 2569"
"","รหัสสินค้าจาก","001-01005-000     ","ถึง","VP-ADAPTOR-9V","วันที่ : 24/05/2569"
"","คลัง","","รหัสสินค้า","ชื่อสินค้า","","","","","","  จำนวน","","ราคาต่อหน่วย","","มูลค่าคงเหลือ","ยอดค้างรับ","ยอดค้างส่ง"
"","","","OS-ASP3011","OS FOAM SPEAKER PLATFORM MEDIUM (PAIR)","","","","","",1,"คู่",,"",0.00,"           9"
"","","","OS-ASVS6-B","OS POP BLOCKER CLAMP 6"","","","","","",4,"ชุด",,"",0.00,"          35"
"","","","OS-ASVS6-GB","OS POP BLOCKER GOOSENECK CLAMP","","","","","",2,"ชุด",,"",0.00,"          40"
"","","","OS-ASWS58-B","OS FOAM BLACK WINDSCREEN","","","","","",9,"ตัว",,"",0.00,"          15"
"","","","OS-DPT5500B","OS PERCUSSION TABLE","","","","","",2,"ตัว",,"",0.00,"           2"
"","","","OS-FS7850B","OS FOOT REST","","","","","",3,"อัน",,"",0.00,"          97","           5"
"","","","OS-GA100","OS GA100 GUITAR CAPO BLACK","","","","","",3,"อัน",,"",0.00,"         403"
"","","","OS-GBA4770S","OS STRIPED ACOUSTIC GUITAR BAG","","","","","",1,"ใบ",,"",0.00,"           2"
"","","","OS-GBA4990CG","OS DLX ACOUSTIC GUITAR BAG","","","","","",5,"ใบ",,"",0.00,"           8"
"","","","OS-GBE4770","OS STANDARD ELECTRIC GUITAR BAG","","","","","",1,"ใบ",,"",0.00,"          16"
"","","","OS-GCA5000B","OS ACOUSTIC GUITAR CASE BLACK","","","","","",2,"ใบ",,"",0.00,"          26"
"","","","OS-GCE6000B","OS ELECTRIC GUTAR CASE BLACK","","","","","",1,"ใบ",,"",0.00,"          48"
"","","","OS-GPB2000","OS MINI PEDAL BOARD W/BAG","","","","","",3,"ชุด",,"",0.00,"          49","           3"
"","","","OS-GPB3000","OS PEDAL BOARD W/BAG","","","","","",1,"ตัว",,"",0.00,"          78"
"","","","OS-GPCE5550","OS POLY FOAM GUTAR CASE","","","","","",1,"ใบ",,"",0.00,"           4"
"","","","OS-GS5000","OS WIRE FOLK STAND SMALL INSTRUMENT","","","","","",1,"ชุด",,"",0.00,"          51"
"","","","OS-GS6500","OS MIGHTY GUITAR STAND","","","","","",1,"ตัว",,"",0.00,"          94","           5"
"","","","OS-GS7155","OS SINGLE GUITAR STAND HANG-IT (GS7155)","","","","","",1,"ตัว",,"",0.00,"         119"
"","","","OS-GS7362B","OS GUITAR STAND SINGLE A FRAME","","","","","",3,"ตัว",,"",0.00,"          97"
"","","","OS-GS7655","OS FOLDING GUITAR STAND","","","","","",-5,"ตัว",,"",0.00,"       1,215","           3"
"","","","OS-HH7000","OS HEADPHONE HANGER","","","","","",1,"ตัว",,"",0.00,"           2"
"","","","OS-IC-10","OS STAGE IC-10 INSTRUMENT CABLE 10 FT","","","","","",19,"เส้น",,"",0.00,"       2,476","          38"
"","","","OS-KS7150","OS PALTFORM STYLE KEYBOARD STAND","","","","","",2,"ชุด",,"",0.00,"          25"
"","","","OS-KS7190","OS CLASSIC SINGLE-X KEYBOARD","","","","","",5,"ชุด",,"",0.00,"         191","          11"
"","","","OS-KS7191","OS CLASSIC DOUBLE-X KEYBOARD","","","","","",1,"ชุด",,"",0.00,"         125","           3"
"","","","OS-KS7590","OS SINGLE BRACED KEYBOARD STAND","","","","","",1,"ชุด",,"",0.00,"          43"
"","","","OS-KS8191","OS KEYBOARD STAND LOK-TIGHT DOUBLE X","","","","","",3,"ชุด",,"",0.00,"         102","           1"
"","","","OS-KSA7500","OS KEYBOARD TIER","","","","","",2,"ชุด",,"",0.00,"          43"
"","","","OS-KSP100","OS KEYBOARD SUSTAIN PEDEL","","","","","",7,"ตัว",,"",0.00,"         101"
"","","","OS-KT7800","OS KEYBOARD 3 POSITION BENCH X STYLE","","","","","",1,"ตัว",,"",0.00,"          42","           1"
"","","","OS-KT7800+","OS KEYBOARD 3 POSITION DLX BENCH X STYLE","","","","","",1,"ตัว",,"",0.00,"         125","           2"
"","","","OS-LPT5000","OS LAPTOP COMPUTER STAND","","","","","",2,"ชุด",,"",0.00,"           8"
"","","","OS-LPT7000","OS DLX LAPTOP STAND","","","","","",1,"ชุด",,"",0.00,"          15"
"","","","OS-LS-MS7620","OS 13" TRIPOD LIGHTING/ MIC STAND","","","","","",4,"ตัว",,"",0.00,"           4"
"","","","OS-MBS5000","OS BROADCAST MIC BOOM ARM","","","","","",1,"ตัว",,"",0.00,"           5"
"","Music Concept WT                                         ","หน้า   :       42"
"","สินค้าคงเหลือ แยกตามคลังสินค้า    ","ณ วันที่  24 พ.ค. 2569"
"","รหัสสินค้าจาก","001-01005-000     ","ถึง","VP-ADAPTOR-9V","วันที่ : 24/05/2569"
"","คลัง","","รหัสสินค้า","ชื่อสินค้า","","","","","","  จำนวน","","ราคาต่อหน่วย","","มูลค่าคงเหลือ","ยอดค้างรับ","ยอดค้างส่ง"
"","","","OS-MS7201B","OS ROUND BASE MIC STAND","","","","","",1,"ชุด",,"",0.00,"          43"
"","","","OS-MS7411TB","OS DRUM AMP TRIPOD W/TELE BOOM","","","","","",2,"ชุด",,"",0.00,"          31"
"","","","OS-MS7701TB","OS MIC STAND TELE BOOM","","","","","",1,"ชุด",,"",0.00,"          10"
"","","","OS-MY110","OS UNBREAKABLERUBBER WIRELESS MIC CLIP","","","","","",5,"ตัว",,"",0.00,"          22"
"","","","OS-MY200","OS CLOTHESPIN-STYLE MIC CLIP","","","","","",5,"ตัว",,"",0.00,"          17"
"","","","OS-RS4000","OS FOLDING AMP STAND SMALL AMP. (RS4000)","","","","","",1,"ชุด",,"",0.00,"          90","           5"
"","","","OS-RS7000","OS AMP STAND TILTBACK","","","","","",2,"ชุด",,"",0.00,"         152","          13"
"","","","OS-SM7022B","OS DETACHABLE SHEET MUSIC STAND","","","","","",1,"ตัว",,"",0.00,"          19"
"","","","OS-SM7122BB","OS SHEET MUSIC STAND W/BAG","","","","","",1,"ชุด",,"",0.00,"         132"
"","","","OS-SM7212B","OS PERFORATED CONDUCTOR STAND (รุ่นใหม่)","","","","","",1,"ชุด",,"",0.00,"          34"
"","","","OS-SM7312W","OS MUSIC STAND W/ WIDE RW BOOKPLATE","","","","","",1,"ตัว",,"",0.00,"           4"
"","","","OS-SMS6000-P","OS MONITOR STAND (PAIR)","","","","","",2,"คู่",,"",0.00,"         165"
"","","","OS-SMS6600-P","OS HEX-BASED MONITOR STAND (PAIR)","","","","","",1,"คู่",,"",0.00,"          10"
"","","","OS-SMS7650","OS STUDIO STAND","","","","","",-1,"ชุด",,"",0.00,"          13"
"","","","OS-SS7761B","OS SPEAKER STAND ALUMINUM (เดี่ยว)","","","","","",2,"ชุด",,"",0.00,"          58","           4"
"","","","OS-SSP7950","OS SPEAKER STAND PACK","","","","","",1,"คู่",,"",0.00,"           1"
"","","","P277-7300-102","PRESONUS M7 MKII CARDIOID CONDENSER MIC BLACK","","","","","",-1,"ตัว",,"",0.00,"           7"
"","","","P277-7300-201","PRESONUS REVELATOR MICROPHONE","","","","","",1,"ตัว",,"",0.00,"          11","           2"
"","","","P277-7406-203","PRESONUS HP4 HEADOHONE AMPLIFIER","","","","","",2,"ตัว",,"",0.00,"           7"
"","","","P277-7506-108","PRESONUS ERIS E5 BT STUDIO MONITOR (คู่)","","","","","",1,"คู่",,"",0.00,"           1"
"","","","P277-7506-121","PRESONUS ERIS ES3.5 GEN 2 (คู่)","","","","","",2,"คู่",,"",0.00,"         538","          40"
"","","","P277-7506-122","PRESONUS ERIS E3.5 BT GEN 2 (คู่)","","","","","",1,"คู่",,"",0.00,"         144","          11"
"","","","P277-7506-123","PRESONUS ERIS E4.5 BT GEN 2 (คู่)","","","","","",1,"คู่",,"",0.00,"          57","           2"
"","","","P277-7506-124","PRESONUS ERIS E5 BT GEN 2 (คู่)","","","","","",1,"คู่",,"",0.00,"          37","           3"
"","","","P277-7700-105","PRESONUS AUDIOBOX USB 96K 25TH","","","","","",1,"ตัว",,"",0.00,"          22","           1"
"","","","P277-7700-302","PRESONUS REVELATOR IO24","","","","","",3,"ตัว",,"",0.00,"           7"
"","","","P277-7700-303","PRESONUS REVELATOR IO44","","","","","",2,"ตัว",,"",0.00,"           3"
"","","","P277-7700-504","PRESONUS QUANTUM ES4","","","","","",1,"ตัว",,"",0.00,"          36"
"","","","P277-7700-613","FENDER QUANTUM LT4","","","","","",2,"ตัว",,"",0.00,"           6"
"","","","P277-7700-712","FENDER AUDIOBOX GO","","","","","",2,"ตัว",,"",0.00,"           7"
"","","","P277-7706-401","PRESONUS STUDIO 1810C EU","","","","","",1,"เครื่อง",,"",0.00,"           4"
"","","","P277-7706-402","PRESONUS STUDIO 1824C","","","","","",2,"เครื่อง",,"",0.00,"          19","           1"
"","","","P277-7706-501","PRESONUS QUANTUM HD2","","","","","",4,"ตัว",,"",0.00,"          38"
"","","","P277-7706-502","PRESONUS QUANTUM HD 8","","","","","",1,"ตัว",,"",0.00,"          17"
"","","","P277-7800-108","PRESONUS SHK-1 SHOCK MOUNT FOR PX1 & M7","","","","","",1,"ตัว",,"",0.00,"          15"
"","Music Concept WT                                         ","หน้า   :       43"
"","สินค้าคงเหลือ แยกตามคลังสินค้า    ","ณ วันที่  24 พ.ค. 2569"
"","รหัสสินค้าจาก","001-01005-000     ","ถึง","VP-ADAPTOR-9V","วันที่ : 24/05/2569"
"","คลัง","","รหัสสินค้า","ชื่อสินค้า","","","","","","  จำนวน","","ราคาต่อหน่วย","","มูลค่าคงเหลือ","ยอดค้างรับ","ยอดค้างส่ง"
"","","","P277-7800-109","PRESONUS SHK-2 SHOCK MOUNT FOR REVELATOR","","","","","",1,"ตัว",,"",0.00,"           1"
"","","","P277-9206-103","PRESONUS STUDIOLIVE AR8C MIXER","","","","","",2,"เครื่อง",,"",0.00,"           2"
"","","","P277-9306-103","PRESONUS SW5E NETWORK SWITCH&BRIDGE","","","","","",1,"เครื่อง",,"",0.00,"           5","           1"
"","","","PM-CRODS","PROMARK COOL RODS","","","","","",1,"คู่",,"",0.00,"          42"
"","","","PM-FBH565AW","PROMARK FORWARD 5A .565 ACORN WOOD","","","","","",6,"คู่",,"",0.00,"          42"
"","","","PM-HRODS","PROMARK HOT RODS","","","","","",1,"คู่",,"",0.00,"          57"
"","","","PM-JW1","PROMARK JIM WUNDERLICH MARIMBA SOFT JW1","","","","","",1,"คู่",,"",0.00,"           4"
"","","","PM-JW4","PROMARK MED. HARD JW4","","","","","",1,"คู่",,"",0.00,"           6"
"","","","PM-JW5","PROMARKK JIM WUNDERLICH MARIMBA HARD JW5","","","","","",1,"คู่",,"",0.00,"           4"
"","","","PM-LA2BN","LA SPECIAL 2B NYLON TIP LA2BN","","","","","",4,"คู่",,"",0.00,"          66"
"","","","PM-LA5AW","LA SPECIAL LA5AW","","","","","",6,"คู่",,"",0.00,"       2,300","         228"
"","","","PM-LA5BN","LA SPECIAL 5B NYLON TIP LA5BN","","","","","",4,"คู่",,"",0.00,"         396","          24"
"","","","PM-LA5BW","LA SPECIAL 5B","","","","","",5,"คู่",,"",0.00,"       1,818","         336"
"","","","PM-LA7AN","LA SPECIAL 7A NYLON TIP","","","","","",10,"คู่",,"",0.00,"         217","           1"
"","","","PM-LA7AW","LA SPECIAL 7A","","","","","",12,"คู่",,"",0.00,"         774","          84"
"","","","PM-LARSW","LA SPECIAL RHYTHM STICK","","","","","",3,"คู่",,"",0.00,"           6"
"","","","PM-MAILER5AW","PROMARK MAILER BUNDLE 5A","","","","","",2,"ชุด",,"",0.00,"           2"
"","","","PM-PMHRB","PROMARK HYBRID ROD BAMBOO","","","","","",3,"คู่",,"",0.00,"           3"
"","","","PM-PMHRN","PROMARK HYBRID ROD NYLON","","","","","",1,"คู่",,"",0.00,"           1"
"","","","PM-PW5AW","PROMARK OAK 5A WOOD TIPS PW5AW","","","","","",2,"คู่",,"",0.00,"           6"
"","","","PM-PW747W","PROMARK PW747W NEIL PEART OAK WOOD TIP","","","","","",16,"คู่",,"",0.00,"          48"
"","","","PM-R5AAG","PROMARK REBOUND 5A ACTIVEGRIP ACORN","","","","","",3,"คู่",,"",0.00,"          91"
"","","","PM-R5BAG","PROMARK REBOUND 5B ACTIVEGRIP ACORN","","","","","",5,"คู่",,"",0.00,"          36"
"","","","PM-R5BFG","PROMARK REBOUND 5B FIREGRAIN","","","","","",6,"คู่",,"",0.00,"          66"
"","","","PM-RBCMW","PROMARK CARTER MCCLEAN SIGNATURE","","","","","",3,"คู่",,"",0.00,"           6"
"","","","PM-RBH565AW","PROMARK REBOUND 5A .565 ACORN WOOD","","","","","",3,"คู่",,"",0.00,"          36"
"","","","PM-RBH595AW","PROMARK REBOUND 5B WOOD TIPS","","","","","",1,"คู่",,"",0.00,"          30"
"","","","PM-RBHR595AW","PM REBOUND 5B RAW HICKRY WOOD TIPS","","","","","",3,"คู่",,"",0.00,"           6"
"","","","PM-SD400","PROMARK STICK DEPOT 4 PAIR","","","","","",1,"ชุด",,"",0.00,"           2"
"","","","PM-SD4W","PROMARK BILL BRUFORD SD4 MAPLE SD4W","","","","","",6,"คู่",,"",0.00,"          18"
"","","","PM-SD531W","PROMARK JASON BONHAM SD531W","","","","","",6,"คู่",,"",0.00,"          18"
"","","","PM-TX2BW","PROMARK 2B HICKORY WOOD TIP TX2BW","","","","","",10,"คู่",,"",0.00,"         177"
"","","","PM-TX420N","PROMARK TX420N MIKE PORTNOY HICK NYLON TIP","","","","","",14,"คู่",,"",0.00,"         255","           3"
"","","","PM-TX5AN","PROMARK 5A HICKORY NYLON TIP TX5AN","","","","","",7,"คู่",,"",0.00,"         279"
"","","","PM-TX5AW","PROMARK 5A HICKORY WOOD TIP TX5AW","","","","","",12,"คู่",,"",0.00,"       1,537","          52"
"","Music Concept WT                                         ","หน้า   :       44"
"","สินค้าคงเหลือ แยกตามคลังสินค้า    ","ณ วันที่  24 พ.ค. 2569"
"","รหัสสินค้าจาก","001-01005-000     ","ถึง","VP-ADAPTOR-9V","วันที่ : 24/05/2569"
"","คลัง","","รหัสสินค้า","ชื่อสินค้า","","","","","","  จำนวน","","ราคาต่อหน่วย","","มูลค่าคงเหลือ","ยอดค้างรับ","ยอดค้างส่ง"
"","","","PM-TX5AW-4P","PROMARK FORWARD 5AW WOOD TIPS 4 PAIR","","","","","",1,"แพ็ค",,"",0.00,"         356","          11"
"","","","PM-TX5AW-WH","PROMARK HICKORY 5AW WHITE PAINT CI","","","","","",1,"คู่",,"",0.00,"          78"
"","","","PM-TX5AW-YL","PROMARK HICKORY 5AW YELLOW PAINT CI","","","","","",4,"คู่",,"",0.00,"          84"
"","","","PM-TX5BN","PROMARK 5B HICKORY NYLON TIP TX5BN","","","","","",18,"คู่",,"",0.00,"         134"
"","","","PM-TX5BW","PROMARK 5B HICKORY WOOD TIP TX5BW","","","","","",9,"คู่",,"",0.00,"       1,090","          28"
"","","","PM-TX5BW-FG","PROMARK HICKORY 5B FIRE GRAIN","","","","","",1,"คู่",,"",0.00,"         182","           6"
"","","","PM-TX5BW-OR","PROMARK HICKORY 5BW ORANGE PAINT CI","","","","","",3,"คู่",,"",0.00,"          66"
"","","","PM-TX5BW-WH","PROMARK HICKORY 5BW WHITE PAINT CI","","","","","",5,"คู่",,"",0.00,"          96"
"","","","PM-TX5BW-YL","PROMARK HICKORY 5BW YELLOW PAINT CI","","","","","",6,"คู่",,"",0.00,"          74"
"","","","PM-TX5BXN","PROMARK 5BX J.BITTNER NYLON TX5BXN","","","","","",3,"คู่",,"",0.00,"          12"
"","","","PM-TX707W","PROMARK TX707W SIMON PHILLIPS HICK WOOD","","","","","",2,"คู่",,"",0.00,"          20"
"","","","PM-TX717W","PROMARK TX717W RICK LATHAM","","","","","",6,"คู่",,"",0.00,"          24"
"","","","PM-TX721W","PROMARK TX721W MARCO MINNEMANN HICKORY","","","","","",5,"คู่",,"",0.00,"          36"
"","","","PM-TX757W","PROMARK HICKORY 757 RAY LUZIER TX757W","","","","","",6,"คู่",,"",0.00,"          18"
"","","","PM-TX7AN","PROMARK 7A HICKORY NYLON TIP TX7AN","","","","","",1,"คู่",,"",0.00,"         214"
"","","","PM-TX808LW","PROMARK HICKORY 808L IAN PAICE TX808LW","","","","","",3,"คู่",,"",0.00,"","           1"
"","","","PM-TX916W","PROMARK 916 ABE CUNNINGHAM TX916W","","","","","",3,"คู่",,"",0.00,"           6"
"","","","PM-TXAFW","PROMARK ANTON FIG SIGNATURE STICK TXAFW","","","","","",6,"คู่",,"",0.00,"           6"
"","","","PM-TXJZN","PROMARK JAZZ HICKORY NYLON TIP TXJZN","","","","","",1,"คู่",,"",0.00,"          12"
"","","","PM-TXMLW","PROMARK MIGUEL LAMAS SIGN","","","","","",3,"คู่",,"",0.00,"           6"
"","","","PM-TXR2BW","PROMARK 2B NATURAL HICKORY WOOD TIP TXR2BW","","","","","",4,"คู่",,"",0.00,"           6"
"","","","PM-TXR5BN","PROMARK 5B NATURAL NYLON TIPS TXR5BN","","","","","",7,"คู่",,"",0.00,"           6"
"","","","PM-TXR5BW","PROMARK 5B NATURAL HICKORY WOOD TIP TXR5BW","","","","","",2,"คู่",,"",0.00,"         306"
"","","","PM-TXSD9W","PROMARK TEDDY CAMPBELL TXSD9W","","","","","",2,"คู่",,"",0.00,"          12"
"","","","PS77-8400-301","PRESONUS SOFTWARE STUDIO ONE 6 ARTIST","","","","","",4,"ชุด",,"",0.00
"","","","PS77-8400-302","PRESONUS SOFTWARE STUDIO ONE 6 ARTIST EDU","","","","","",9,"ชุด",,"",0.00
"","","","PS77-8400-501","PRESONUS STUDIO ONE PRO 7","","","","","",2,"ชุด",,"",0.00
"","","","PS77-8400-502","PRESONUS STUDIO ONE PRO 7 UPGRADE","","","","","",1,"ชุด",,"",0.00
"","","","PS77-8400-504","PRESONUS STUDIO ONE PRO 7 ACADEMIC","","","","","",6,"ชุด",,"",0.00
"","","","PT-2002-CN-16","PAISTE CYMBAL #2002 CHINA 16"","","","","","",1,"ใบ",,"",0.00,"           1"
"","","","PT-201-C-16","PAISTE CYMBAL # 201 16" CRASH","","","","","",2,"ใบ",,"",0.00,"           1"
"","","","PT-201-CR-18","PAISTE CYMBAL # 201 18" CRASH RIDE","","","","","",1,"ใบ",,"",0.00,"           3"
"","","","PT-201-SET","PAISTE #201 UNI. SET 14 HAT/16/20","","","","","",-1,"ชุด",,"",0.00,"           8","           1"
"","","","PT-AC-B20","PAISTE 20" CYMBAL BAG ECO BLACK","","","","","",1,"ใบ",,"",0.00
"","","","PT-M-C-D17","PAISTE CYMBAL MASTERS DARK CRASH 17"","","","","","",1,"ใบ",,"",0.00
"","Music Concept WT                                         ","หน้า   :       45"
"","สินค้าคงเหลือ แยกตามคลังสินค้า    ","ณ วันที่  24 พ.ค. 2569"
"","รหัสสินค้าจาก","001-01005-000     ","ถึง","VP-ADAPTOR-9V","วันที่ : 24/05/2569"
"","คลัง","","รหัสสินค้า","ชื่อสินค้า","","","","","","  จำนวน","","ราคาต่อหน่วย","","มูลค่าคงเหลือ","ยอดค้างรับ","ยอดค้างส่ง"
"","","","PT-PST8-S-R10","PAISTE PST8 REFLECTOR ROCK SPLASH 10"","","","","","",1,"ใบ",,"",0.00
"","","","PW-AMSG-15","PLANET WAVE AM STAGE INST. CABLE 15"","","","","","",2,"เส้น",,"",0.00,"          52"
"","","","PW-AMSG-20","PLANET WAVE AM STAGE INST. CABLE 20"","","","","","",1,"เส้น",,"",0.00,"          27"
"","","","PW-AMSGRA-10","PLANET WAVE AM STAGE INST. CABLE R/A 10"","","","","","",2,"เส้น",,"",0.00,"         114"
"","","","PW-AMSGRA-15","PLANET WAVE AM STAGE INST. CABLE R/A 15"","","","","","",2,"เส้น",,"",0.00,"          74"
"","","","PW-AMSGRA-20","PLANET WAVE AM STAGE INST. CABLE R/A 20"","","","","","",1,"เส้น",,"",0.00,"          28"
"","","","PW-AMSM-10","PLANET WAVE AM STAGE MICROPHONE CABLE 10"","","","","","",4,"เส้น",,"",0.00,"          38"
"","","","PW-CGT-15","PW CLASSIC SERIES INSTR CABLE 15" S/S","","","","","",5,"เส้น",,"",0.00,"         186"
"","","","PW-CP-01","PLANET WAVE RATCHET CAPO","","","","","",6,"อัน",,"",0.00,"          70"
"","","","PW-CP-02S","PLANET WAVE NS PRO CAPO SILVER","","","","","",4,"อัน",,"",0.00,"          88"
"","","","PW-CP-04","PLANET WAVE NS CLASSICAL PRO CAPO","","","","","",1,"อัน",,"",0.00,"          63"
"","","","PW-CP-07","PLANET WAVE NS CAPO LITE","","","","","",1,"อัน",,"",0.00,"         204","           6"
"","","","PW-CT-17PR","PLANET WAVE ECLIPSE TUNER PURPLE","","","","","",1,"ตัว",,"",0.00,"          25"
"","","","PW-CT-17YL","PLANET WAVE ECLIPSE TUNER YELLOW","","","","","",-1,"ตัว",,"",0.00,"          75"
"","","","PW-CT-23","PLANET WAVE CHROMATIC PEDAL TUNER PLUS","","","","","",5,"ตัว",,"",0.00,"          14"
"","","","PW-HDS","PLANET WAVE THE HEADSTAND","","","","","",3,"อัน",,"",0.00,"          31"
"","","","PW-PL-02","PLANET WAVE PROTECT GUITAR WAX","","","","","",3,"ขวด",,"",0.00,"          67"
"","","","PW-SH-01","PW SCREECHING HALT FEEDBACK SUPPRESSOR","","","","","",5,"อัน",,"",0.00,"         129","           7"
"","","","RS4501002","RS 8PC MET MIMIATURE KEY SET (FOR GUITAR JAPAN)","","","","","",3,"ชุด",,"",0.00
"","","","RS735762","RS FLEXI WRENCH 8X9MM (ที่ไขคอGIBSON)","","","","","",1,"อัน",,"",0.00
"","","","SK-CAJ100-BLFD","SAKAE CALON CAJ-100 BLUE FADED FINISH","","","","","",1,"ตัว",,"",0.00,"           1"
"","","","SL-SSL2+","SOLID STATE LOGIC SSL2 PLUS","","","","","",6,"เครื่อง",,"",0.00
"","","","SM-6106","POCKET TRUSS ROD WRENCHED FOR 5/16" GIBSON NUT","","","","","",1,"อัน",,"",0.00
"","","","TE-960720001","TC ELECTRONIC DARK MATTER DISTORTION","","","","","",1,"ตัว",,"",0.00,"          48","           1"
"","","","TE-960801001","TC ELECTRONIC DITTO LOOPER","","","","","",1,"ตัว",,"",0.00,"          64","           3"
"","","","TE-960806001","TC ELECTRONIC FLASHBACK MINI DELAY","","","","","",2,"ตัว",,"",0.00,"          58","           1"
"","","","TE-960807001","TC ELECTRONIC CORONA MINI CHORUS","","","","","",1,"ตัว",,"",0.00,"          15","           1"
"","","","TE-960811005","TC ELECTRONIC ALTER EGO X4","","","","","",1,"เครื่อง",,"",0.00,"           4"
"","","","TE-960819005","TC ELECTRONIC BODYREZ ACOUSTIC","","","","","",1,"ตัว",,"",0.00,"           9"
"","","","TE-960825001","TC HYPERGRAVITY MINI COMPRESSOR","","","","","",2,"ตัว",,"",0.00,"          31"
"","","","TE-960830001","TC ELECTRONIC VISCOUS VIBE","","","","","",1,"เครื่อง",,"",0.00,"           4"
"","","","TE-960910005","TC ELECTRONIC FLASHBLACK TRIPLE DELAY","","","","","",1,"เครื่อง",,"",0.00,"           3"
"","","","TE-966130001","TC ELECTRONIC POLYTUNE 3","","","","","",1,"ตัว",,"",0.00,"         224","           5"
"","","","TE-996011005","TC ELECTRONIC HELICON VOICETONE E1","","","","","",1,"เครื่อง",,"",0.00,"           9"
"","","","TE-996016001","TC ELECTRONIC TALKBOX SYNTH","","","","","",1,"เครื่อง",,"",0.00,"           9","           2"
"","Music Concept WT                                         ","หน้า   :       46"
"","สินค้าคงเหลือ แยกตามคลังสินค้า    ","ณ วันที่  24 พ.ค. 2569"
"","รหัสสินค้าจาก","001-01005-000     ","ถึง","VP-ADAPTOR-9V","วันที่ : 24/05/2569"
"","คลัง","","รหัสสินค้า","ชื่อสินค้า","","","","","","  จำนวน","","ราคาต่อหน่วย","","มูลค่าคงเหลือ","ยอดค้างรับ","ยอดค้างส่ง"
"","","","TE-996356005","TC ELECTRONIC VOICELIVE PLAY","","","","","",1,"เครื่อง",,"",0.00,"          31","           1"
"","","","TE-996369005","TC ELECTRONIC PERFORM-VG","","","","","",2,"เครื่อง",,"",0.00,"           8","           1"
"","","","TE-996371001","TC ELECTRONIC HARMONY SINGER 2","","","","","",2,"เครื่อง",,"",0.00,"          91","          17"
"","","","TE-D9M00","TC PLETHORA X5","","","","","",2,"เครื่อง",,"",0.00,"          93","           2"
"","","","TE-DHQ0000010","TC ELECTRONIC POLYTUNE 3 MINI","","","","","",1,"ตัว",,"",0.00,"         187"
"","","","TE-DPE00","TC GO GUITAR PRO","","","","","",1,"เครื่อง",,"",0.00,"          18"
"","","","TE-GO-XLR","TC GO-XLR MIXER SAMPLER & VOICE FX","","","","","",1,"เครื่อง",,"",0.00,"          20"
"","","","TE-H0102","TC MP-60 DYNAMIC MICROPHONE","","","","","",1,"ตัว",,"",0.00,"          23"
"","","","TE-H0103","TC POWER PLUG 12","","","","","",1,"ตัว",,"",0.00,"           9","         118"
"","","","TE-H0106","TC ELECTRONIC GO SOLO INTERFACE","","","","","",1,"เครื่อง",,"",0.00,"           2"
"","","","TE-H0107","TC MCA 100 MIC CONTROL ADAPTOR","","","","","",1,"ตัว",,"",0.00,"           6"
"","","","TE-H0108","TC ELECTRONIC MP-85 VOCAL MICROPHONE","","","","","",1,"เครื่อง",,"",0.00,"          30"
"","","","TE-H0109","TC ELECTRONIC GO XLR MIC","","","","","",1,"ตัว",,"",0.00,"           4"
"","","","TE-H0110","TC ELECTRONIC TUBE PIVOT OD","","","","","",1,"ตัว",,"",0.00,"           5"
"","","","TE-H0111","TC ELECTRONIC JUNE 60 V2","","","","","",2,"ตัว",,"",0.00,"          12"
"","","","TE-H0112","TC ELECTRONIC SCF GOLD","","","","","",1,"ตัว",,"",0.00,"          14"
"","","","TE-M01002","TC ELECTRONIC GLR","","","","","",1,"ตัว",,"",0.00,"           4"
"","","","TE-M01003","TC ELECTRONIC GLT","","","","","",1,"ตัว",,"",0.00,"           6"
"","","","TE-M01007","TC ELECTRONIC ZEUS DRIVE OVERDRIVE","","","","","",2,"ตัว",,"",0.00,"          10"
"","","","TE-M01017","TC ELECTRONIC FLASHBACK2 X 4 DELAY","","","","","",2,"เครื่อง",,"",0.00,"           2"
"","","","TE-M01018","TC ELECTRONIC PREFORM VE","","","","","",2,"เครื่อง",,"",0.00,"           4"
"","","","TE-M01019","TC GO XLR MINI","","","","","",1,"เครื่อง",,"",0.00,"           6"
"","","","TE-M01020","TC ELECTRONIC DITTO JAM X2 LOOPER","","","","","",1,"เครื่อง",,"",0.00,"           2"
"","","","TE-M01021","TC ELECTRONIC CHOKA TREMOLO","","","","","",1,"เครื่อง",,"",0.00,"           1"
"","","","TE-M01022","TC ELECTRONIC HONEY POT FUZZ","","","","","",1,"เครื่อง",,"",0.00,"           2"
"","","","TE-M03001","TC ELECTRONIC EL CAMBO OVERDRIVE","","","","","",1,"ตัว",,"",0.00,"           6"
"","","","VP-ADAPTOR-12V","VIPER ADAPTOR 12V FOR LP-350","","","","","",2,"ตัว",,"",0.00,"          16"
"","","","VP-ADAPTOR-15V","VIPER ADAPTOR 15V FOR B2,XE","","","","","",2,"ตัว",,"",0.00,"           2"
"","","","VP-ADAPTOR-19V","VIPER ADAPTOR 19V FOR LP-380","","","","","",2,"ตัว",,"",0.00,"           2"
"","","","VP-ADAPTOR-24V","VIPER ADAPTOR 24V FOR C1,G1","","","","","",2,"ตัว",,"",0.00,"           2"
"","","","VP-ADAPTOR-9V","VIPER ADAPTOR 9V FOR KROSS,","","","","","",-1,"ตัว",,"",0.00,"          38"
"","","","","","","","","","","---------------","","---------------","","---------------","---------------","---------------"
"","รวมคลัง","","01",1602,"สินค้า","","","","",308031,"",608460.81,"",**************,316726,21844
"","","","","","","","","","","===============","","===============","","===============","===============","==============="
"","02","ใบยืมมิวสิกคอนเซพท์"
"","Music Concept WT                                         ","หน้า   :       47"
"","สินค้าคงเหลือ แยกตามคลังสินค้า    ","ณ วันที่  24 พ.ค. 2569"
"","รหัสสินค้าจาก","001-01005-000     ","ถึง","VP-ADAPTOR-9V","วันที่ : 24/05/2569"
"","คลัง","","รหัสสินค้า","ชื่อสินค้า","","","","","","  จำนวน","","ราคาต่อหน่วย","","มูลค่าคงเหลือ","ยอดค้างรับ","ยอดค้างส่ง"
"","","","001-01112-206","FENDER CUSTOM CLASSIC STRAT MN BLACK","","","","","",1,"ตัว",,"",0.00
"","","","001-05303-025","FENDER STD STRAT RW RED","","","","","",1,"ตัว",,"",0.00
"","","","001-07078-057","FENDER A/E GUITAR SONORAN SCE SURF GREEN","","","","","",1,"ตัว",,"",0.00
"","","","001-08031-BLD","FENDER SUPER SONIC 412 BLONDE CABINET","","","","","",1,"ตู้",,"",0.00
"","","","001-08033-BLD","FENDER AMP.SUPER SONIC 112 COMBO BLONDE","","","","","",1,"ตู้",,"",0.00
"","","","001-09111","SWR AMP.BASS SM-900 HEAD","","","","","",1,"เครื่อง",,"",0.00
"","","","001-15114-576","CHARVEL DS-1 ST RW SNOW WHITE","","","","","",1,"ตัว",,"",0.00
"","","","002-01058","KORG PIANO SP-250 SB","","","","","",1,"เครื่อง",,"",0.00
"","","","002-01078","KORG SYNTHESIZER OASYS 76","","","","","",1,"เครื่อง",,"",0.00
"","","","002-01098","KORG SYNTHESIZER PS60","","","","","",1,"เครื่อง",,"",0.00
"","","","002-01103-RED","KORG MICROPIANO RED","","","","","",1,"เครื่อง",,"",0.00
"","","","002-01124-BLK","KORG PIANO SP-280 BLACK","","","","","",1,"เครื่อง",,"",0.00
"","","","002-01126","KORG MONOPHONIC SYNTHESIZER MS-20 MINI","","","","","",1,"เครื่อง",,"",0.00
"","","","002-01127-BK","KORG PIANO LP-380 U BLACK","","","","","",1,"เครื่อง",,"",0.00
"","","","002-01128","KORG KEYBOARD PA-900","","","","","",1,"เครื่อง",,"",0.00
"","","","002-01129-BAS","KORG VOLCA BASS","","","","","",2,"เครื่อง",,"",0.00
"","","","002-01129-BEA","KORG VOLCA BEATS","","","","","",2,"เครื่อง",,"",0.00
"","","","002-01129-FM","KORG VOLCA FM","","","","","",1,"เครื่อง",,"",0.00
"","","","002-01129-KEY","KORG VOLCA KEYS","","","","","",2,"เครื่อง",,"",0.00
"","","","002-01129-MIX","KORG VOLCA MIX","","","","","",1,"เครื่อง",,"",0.00
"","","","002-01129-RK3","KORG VOCARACK 3X3","","","","","",1,"ตัว",,"",0.00
"","","","002-01145-37A","KORG MICROKEY2 37 KEYS AIR","","","","","",1,"เครื่อง",,"",0.00
"","","","002-01146","KORG SYNTHESIZER MINILOGUE","","","","","",2,"เครื่อง",,"",0.00
"","","","002-01146-XD","KORG SYNTHESIZER MINILOGUE-XD","","","","","",1,"เครื่อง",,"",0.00
"","","","002-01146-XDM","KORG SYNTHESIZER MINILOGUE -XD MODULE","","","","","",1,"เครื่อง",,"",0.00
"","","","002-01151-BL","KORG SYNTHESIZER MONOLOGUE BLUE","","","","","",1,"เครื่อง",,"",0.00
"","","","002-01151-RD","KORG SYNTHESIZER MONOLOGUE RED","","","","","",1,"เครื่อง",,"",0.00
"","","","002-01151-SV","KORG SYNTHESIZER MONOLOGUE SILVER","","","","","",1,"เครื่อง",,"",0.00
"","","","002-01152","KORG KEYBOARD MICRO KORG S MK-1S","","","","","",1,"เครื่อง",,"",0.00
"","","","002-01155-61","KORG SYNTHESIZER KROSS-2 61 KEY","","","","","",1,"เครื่อง",,"",0.00
"","","","002-01158","KORG KEYBOARD PA-700","","","","","",1,"เครื่อง",,"",0.00
"","","","002-01161-ABK","KORG PIANO C1 AIR BLACK","","","","","",1,"เครื่อง",,"",0.00
"","","","002-01164","KORG NANOKONTROL STUDIO","","","","","",1,"เครื่อง",,"",0.00
"","","","002-01167","KORG NANOKEY STUDIO","","","","","",1,"เครื่อง",,"",0.00
"","","","002-01170-N","KORG DIGITAL PIANO B2N","","","","","",4,"เครื่อง",,"",0.00
"","Music Concept WT                                         ","หน้า   :       48"
"","สินค้าคงเหลือ แยกตามคลังสินค้า    ","ณ วันที่  24 พ.ค. 2569"
"","รหัสสินค้าจาก","001-01005-000     ","ถึง","VP-ADAPTOR-9V","วันที่ : 24/05/2569"
"","คลัง","","รหัสสินค้า","ชื่อสินค้า","","","","","","  จำนวน","","ราคาต่อหน่วย","","มูลค่าคงเหลือ","ยอดค้างรับ","ยอดค้างส่ง"
"","","","002-01173","KORG SYNTHESIZER I3 MB","","","","","",1,"เครื่อง",,"",0.00
"","","","002-01183-SAM","KORG VOLCA SAMPLE2","","","","","",1,"เครื่อง",,"",0.00
"","","","002-01185-61","KORG NAUTILUS 61 KEY","","","","","",2,"เครื่อง",,"",0.00
"","","","002-01188-BK","KORG RK100S 2 BLACK","","","","","",1,"เครื่อง",,"",0.00
"","","","002-01202","KORG KINGKORG NEO","","","","","",1,"เครื่อง",,"",0.00
"","","","002-01206-MWH","KORG MICROKORG 2 WHITE","","","","","",1,"เครื่อง",,"",0.00
"","","","002-01210-61","KORG KRONOS3 61 KEYS","","","","","",1,"เครื่อง",,"",0.00
"","","","002-02026","KORG KAOSS PAD MINI KP","","","","","",1,"เครื่อง",,"",0.00
"","","","002-02034","KORG MINI KAOSSPAP 2 (KP2)","","","","","",2,"เครื่อง",,"",0.00
"","","","002-02038-RD","KORG SYNTH. MODULE ELECTRIBE 2S RED","","","","","",1,"เครื่อง",,"",0.00
"","","","002-03057","KORG VOX EFFECTOR TONELAB LE","","","","","",2,"เครื่อง",,"",0.00
"","","","002-03067","KORG VOX EFFECTOR TONELAB ST","","","","","",1,"เครื่อง",,"",0.00
"","","","002-05082","KORG TUNER PITCHCLIP2 PC-2","","","","","",4,"เครื่อง",,"",0.00
"","","","002-07003","KORG EXPRESSION PEDAL EXP-2","","","","","",1,"ตัว",,"",0.00
"","","","002-10104","KORG ADAPTER KA-350 FOR MICRO KORG ทุกรุ่น","","","","","",1,"ตัว",,"",0.00
"","","","002-11101-AC","VOX AMP. GUITAR MV50 AC","","","","","",2,"เครื่อง",,"",0.00
"","","","002-11101-CL","VOX AMP. GUITAR MV50 CLEAN","","","","","",2,"เครื่อง",,"",0.00
"","","","002-11101-CR","VOX AMP. GUITAR MV50 ROCK","","","","","",1,"เครื่อง",,"",0.00
"","","","002-AP2-BS","VOX AMPLUG V2 BASS","","","","","",1,"ตัว",,"",0.00
"","","","003-01002","ALESIS DRUM MODULE DM-5","","","","","",1,"เครื่อง",,"",0.00
"","","","003-01006","ALESIS ELECTRIC PRO DRUM KIT SET","","","","","",1,"ชุด",,"",0.00
"","","","003-01008","ALESIS DM 5 PRO KIT WITH SURGE CYMBALS SET","","","","","",2,"ชุด",,"",0.00
"","","","003-02040","ALESIS AUDIO INTERFACE USB IO-4","","","","","",1,"เครื่อง",,"",0.00
"","","","006-01001","EMG GUITAR PICKUP 81","","","","","",1,"ชุด",,"",0.00
"","","","006-01023","EMG GUITAR PICKUP ZW (ZAKK WYLDE)","","","","","",1,"ชุด",,"",0.00
"","","","006-01024","EMG GUITAR PICKUP 60 BLACK","","","","","",1,"ชุด",,"",0.00
"","","","007-10049-0S4","MM STINGRAY GTR HH TREM CHARCOAL FROST","","","","","",1,"ตัว",,"",0.00
"","","","007-10052-71","MM VALENTINE VINTAGE SUNBURST ROASTED","","","","","",1,"ตัว",,"",0.00
"","","","007-11042-SL","MUSIC MAN SABRE 2EQ SLEDGE MPL BIRDSEYE","","","","","",1,"ตัว",,"",0.00
"","","","032-01014","SAMSON L2400 24 CHANNEL 4 BUS MIXER","","","","","",1,"เครื่อง",,"",0.00
"","","","032-04012-HD","SAMSON SPEAKER RESOUND RS-12MHD MONITOR","","","","","",4,"ตู้",,"",0.00
"","","","032-04023","SAMSON EXPEDITION XP308I PA SYSTEM 8"","","","","","",1,"ชุด",,"",0.00
"","","","032-11001","SAMSON MICROPHONE S-11","","","","","",20,"ตัว",,"",0.00
"","","","032-11103-002","SAMSON AL 77 WL WIND INST.HM40 U2","","","","","",1,"ชุด",,"",0.00
"","","","032-14008-PAK","SAMSON C03U USB CONDENSER MIC. PACK","","","","","",1,"ชุด",,"",0.00
"","Music Concept WT                                         ","หน้า   :       49"
"","สินค้าคงเหลือ แยกตามคลังสินค้า    ","ณ วันที่  24 พ.ค. 2569"
"","รหัสสินค้าจาก","001-01005-000     ","ถึง","VP-ADAPTOR-9V","วันที่ : 24/05/2569"
"","คลัง","","รหัสสินค้า","ชื่อสินค้า","","","","","","  จำนวน","","ราคาต่อหน่วย","","มูลค่าคงเหลือ","ยอดค้างรับ","ยอดค้างส่ง"
"","","","032-16007","SAMSON TS-50 STEEL SPEAKER STAND (PAIR)","","","","","",1,"คู่",,"",0.00
"","","","043-01021-2CR","GIBSON SG STANDARD CREAM","","","","","",1,"ตัว",,"",0.00
"","","","043-02129-1EB","GIBSON TRINI LOPEZ 335 EBONY","","","","","",1,"ตัว",,"",0.00
"","","","043-03028-3EB","GIBSON 67 FLYING V LENNY KRAVITZ EBONY","","","","","",1,"ตัว",,"",0.00
"","","","043-03190-RTB","GB 1959 LP STD REISSUE LIGHT AGED ROYAL TEABURST","","","","","",1,"ตัว",,"",0.00
"","","","043-03210-PW","GB '64 SG STD POLARIS WHT MAESTRO VIBROLA","","","","","",1,"ตัว",,"",0.00
"","","","043-03215-PB","GB '64 SG STD ANT. PELHAM BLUE MAESTRO ULTRA LIGHT","","","","","",1,"ตัว",,"",0.00
"","","","043-04108-AN","GIBSON SONGWRITER DELUXE CUTAWAY A.NATURAL","","","","","",1,"ตัว",,"",0.00
"","","","043-04127-VS","GIBSON J-45 STANDARD VINTAGE SUNBURST","","","","","",1,"ตัว",,"",0.00
"","","","043-05004-2WB","EPIPHONE LP STUDIO WORN BROWN","","","","","",1,"ตัว",,"",0.00
"","","","043-05013-2BS","EPIPHONE GOTHIC LP STUDIO BLACK SATIN","","","","","",1,"ตัว",,"",0.00
"","","","043-05052-3EB","EPIPHONE 1958 FLYING V EBONY GOLD HARDWA","","","","","",1,"ตัว",,"",0.00
"","","","043-05142-3AW","EPIPHONE LP CUSTOM ALPHINE WHITE  W/HARD CASE","","","","","",1,"ตัว",,"",0.00
"","","","043-05311-2RR","EPIPHONE SLASH ROSSO CORSA LP STD ROSS RED","","","","","",1,"ตัว",,"",0.00
"","","","043-05382-ANA","EPIPHONE MASTERBILT J-200 AGED NAT ANTIQUE GLOSS","","","","","",1,"ตัว",,"",0.00
"","","","043-05383-AVS","EPIPHONE J-45 AGED VINT SB GLOSS","","","","","",1,"ตัว",,"",0.00
"","","","043-05467-BB","EP LP STD 60S FIGURED BLUEBERRY BURST W/GIGBAG","","","","","",1,"ตัว",,"",0.00
"","","","043-05475-EB","EPIPHONE SG STANDARD EBONY W/GIGBAG","","","","","",1,"ตัว",,"",0.00
"","","","043-9AIGG-PPC","GIBSON PREMIUM POLISH CLOTH","","","","","",3,"ผืน",,"",0.00
"","","","043-9ASGSB-10","GIBSON THE SEATBELT STRAP BLK","","","","","",1,"เส้น",,"",0.00
"","","","043-9PRPG-010","GIBSON LP STUDIO PICKGUARD BLACK","","","","","",1,"ชุด",,"",0.00
"","","","043-9PRPG-050","GIBSON HISTORIC 59 CREME PICKGUARD","","","","","",1,"ชุด",,"",0.00
"","","","043-9PRTR-010","GIBSON TRUSS ROD COVER BLACK","","","","","",1,"ชุด",,"",0.00
"","","","044-02013","DIGITECH RP1000 MULTIEFFECT","","","","","",1,"เครื่อง",,"",0.00
"","","","046-02001-WB","STERLING BASS RAY34 TRANS WHITE BLONDE","","","","","",1,"ตัว",,"",0.00
"","","","050-01009","CABLE THAI","","","","","",2,"เส้น",,"",0.00
"","","","050-04001","GUITAR BAG ELECTRIC GUITAR","","","","","",1,"ใบ",,"",0.00
"","","","050-04030","HEADRUSH BAG","","","","","",2,"ใบ",,"",0.00
"","","","051-07004","VISUAL SOUND MUTI DC CABLE MC-5","","","","","",1,"เส้น",,"",0.00
"","","","BS-BA119006","BLACKSTAR HT STAGE 100 MK II","","","","","",2,"ตู้",,"",0.00
"","","","BS-BA119009","BLACKSTAR HTV 4X12 CABINET MK II","","","","","",2,"ตู้",,"",0.00
"","","","BS-BA126028","BLACKSTAR HT-1R MKII VALVE COMBO","","","","","",1,"ตู้",,"",0.00
"","","","BS-BA155014","BLACKSTAR ID CORE STEREO 40 V4","","","","","",1,"ตู้",,"",0.00
"","","","BS-BA185010-E","BLACKSTAR DEPT. 10 AMPED 1/สินค้าห้ามเผยแพร่","","","","","",1,"ตู้",,"",0.00
"","","","BS-BA198022","BLACKSTAR DEBUT 10E BLACK","","","","","",1,"ตู้",,"",0.00
"","Music Concept WT                                         ","หน้า   :       50"
"","สินค้าคงเหลือ แยกตามคลังสินค้า    ","ณ วันที่  24 พ.ค. 2569"
"","รหัสสินค้าจาก","001-01005-000     ","ถึง","VP-ADAPTOR-9V","วันที่ : 24/05/2569"
"","คลัง","","รหัสสินค้า","ชื่อสินค้า","","","","","","  จำนวน","","ราคาต่อหน่วย","","มูลค่าคงเหลือ","ยอดค้างรับ","ยอดค้างส่ง"
"","","","BS-BA198024","BLACKSTAR DEBUT 15E BLACK","","","","","",1,"ตู้",,"",0.00
"","","","BS-BA213010","BLACKSTAR DEBUT 50R CREAM OXBLOOD","","","","","",1,"ตู้",,"",0.00
"","","","BS-BA233014","BLACK ST. JAMES 6L6 212","","","","","",1,"ตู้",,"",0.00
"","","","BS-BA261010","BLACKSTAR IDX:50","","","","","",1,"ตู้",,"",0.00
"","","","BS-BA274012","BLACKSTAR DEBUT 30E BLACK","","","","","",1,"ตู้",,"",0.00
"","","","BS-BA280010","BLACKSTAR BEAM MINI","","","","","",5,"ตู้",,"",0.00
"","","","BS-BA282012","BLACKSTAR ARTIST FR SPECIAL STD 100W 1X12","","","","","",1,"ตัว",,"",0.00
"","","","CR-M4HP5","CRUSH M4 HARDWARE PACK 5 PC","","","","","",1,"ชุด",,"",0.00
"","","","CR-SM428601","CRUSH SL MAPLE 4PC 22" DARK GREEN SPKLE","","","","","",1,"ชุด",,"",0.00
"","","","EB-01016","ERNIE BALL GUITAR STRING .016","","","","","",2,"เส้น",,"",0.00
"","","","EB-02003","ERNIE BALL EARTHWOOD MEDIUM LIGHT 12/54","","","","","",2,"ชุด",,"",0.00
"","","","EB-02086","ERNIE BALL 80/20 BRONZE PARADIGM MED LIGHT 12/54","","","","","",1,"ชุด",,"",0.00
"","","","EB-02556","ERNIE BALL EVERLAST COATED ACOUSTIC LIGHT 12/54","","","","","",1,"ชุด",,"",0.00
"","","","F010-9200-800","FENDER SRV STRAT RW SUNBURST","","","","","",1,"ตัว",,"",0.00
"","","","F011-0232-849","FD AMERICAN VINT II 57 STRAT MN SEAFORM GREEN","","","","","",1,"ตัว",,"",0.00
"","","","F011-0312-850","FENDER AMERICAN VINT II 51 TELE MN BUTTERSCOTCH","","","","","",1,"ตัว",,"",0.00
"","","","F011-3080-748","FENDER AM PRO TELE DLX SHAW RW SONIC GREY","","","","","",1,"ตัว",,"",0.00
"","","","F011-3082-721","FENDER AM PRO TELE DLX SHAW MN NATURAL","","","","","",1,"ตัว",,"",0.00
"","","","F011-3912-718","FENDER AM PRO II STRAT HSS MN MYSTIC SURF GREEN","","","","","",1,"ตัว",,"",0.00
"","","","F011-4942-379","FENDER AM PRO CLSC STRAT MN FADED LAKE PLACID BLUE","","","","","",1,"ตัว",,"",0.00
"","","","F011-8230-840","FENDER ULTRA LUXE 60S STRAT HSS RW FIESTA RED","","","","","",1,"ตัว",,"",0.00
"","","","F011-9600-805","FENDER JEFF BECK STRAT RW OLYMPIC WHITE","","","","","",1,"ตัว",,"",0.00
"","","","F013-4444-706","FENDER JIM ROOT TELE MN BLACK","","","","","",1,"ตัว",,"",0.00
"","","","F014-1020-356","FENDER FLEA SIG BASS RW ROADWORN SHELL PINK","","","","","",1,"ตัว",,"",0.00
"","","","F014-4522-540","FENDER DE PLAYER STRAT HSS MN FRD MHC","","","","","",1,"ตัว",,"",0.00
"","","","F014-5102-580","FENDER STD TELE MN WHITE","","","","","",1,"ตัว",,"",0.00
"","","","F014-5212-506","FENDER PLAYER TELE MN BLACK","","","","","",1,"ตัว",,"",0.00
"","","","F014-7040-397","FENDER 70TH ANV PLAYER STRAT RW NEBNOIR","","","","","",1,"ตัว",,"",0.00
"","","","F014-7102-307","FENDER DELUXE STRAT MN VINTAGE BLONDE","","","","","",1,"ตัว",,"",0.00
"","","","F014-7393-387","FD PLAYER PLUS ACT METORA BASS PF TEQUILA SUNRISE","","","","","",1,"ตัว",,"",0.00
"","","","F019-0120-802","FENDER AM ORIGINAL 60'S P-BASS RW LPB","","","","","",1,"ตัว",,"",0.00
"","","","F019-0142-806","FENDER AM ORIGINAL 70'S J. BASS MN BLACK","","","","","",1,"ตัว",,"",0.00
"","","","F019-0462-700","FENDER AM STD P.BASS MN SUNBURST","","","","","",1,"ตัว",,"",0.00
"","","","F019-0462-705","FENDER AM STD P.BASS MN O.WHITE","","","","","",1,"ตัว",,"",0.00
"","","","F019-4580-775","FENDER AM DLX JAZZ BASS RW WTRANS (ASH)","","","","","",1,"ตัว",,"",0.00
"","Music Concept WT                                         ","หน้า   :       51"
"","สินค้าคงเหลือ แยกตามคลังสินค้า    ","ณ วันที่  24 พ.ค. 2569"
"","รหัสสินค้าจาก","001-01005-000     ","ถึง","VP-ADAPTOR-9V","วันที่ : 24/05/2569"
"","คลัง","","รหัสสินค้า","ชื่อสินค้า","","","","","","  จำนวน","","ราคาต่อหน่วย","","มูลค่าคงเหลือ","ยอดค้างรับ","ยอดค้างส่ง"
"","","","F019-8612-357","FENDER AM PERF JAZZ BASS MN SATIN SURF GREEN","","","","","",1,"ตัว",,"",0.00
"","","","F019-9022-790","FENDER AM ULTRA JAZZ BASS MN TEXAS TEA","","","","","",2,"ตัว",,"",0.00
"","","","F019-9111-776","FD AM ULTRA II J BASS EB NOBLE BLUE","","","","","",1,"ตัว",,"",0.00
"","","","F019-9122-796","FENDER AM ULTRA J BASS V MN AVALANCHE","","","","","",1,"ตัว",,"",0.00
"","","","F023-1562-900","FENDER AMP.FRONTMAN 25R","","","","","",2,"ตู้",,"",0.00
"","","","F023-9780-001","FENDER TELEPATH WIRELESS SYSTEM","","","","","",1,"ตัว",,"",0.00
"","","","F026-6240-560","FENDER STD STRAT LRL WPG AQUA MARINE METTALIC","","","","","",1,"ตัว",,"",0.00
"","","","F026-6420-560","FENDER STD STRAT HSS MN WPG AQUA MARINE METTALIC","","","","","",1,"ตัว",,"",0.00
"","","","F026-6440-571","FENDER STD STRAT HSS LRL WPG CANDY COLA","","","","","",2,"ตัว",,"",0.00
"","","","F026-6441-506","FENDER STD STRAT HSS LRL BPG BLACK","","","","","",1,"ตัว",,"",0.00
"","","","F026-6640-506","FENDER STD P BASS LRL WPG BLACK","","","","","",3,"ตัว",,"",0.00
"","","","F026-6821-506","FENDER STD J BASS MN BPG BLACK","","","","","",1,"ตัว",,"",0.00
"","","","F026-6840-500","FENDER STD J BASS LRL WPG 3TS","","","","","",1,"ตัว",,"",0.00
"","","","F030-0510-505","FENDER SQ DELUXE STRAT HOT RAIL RW WHITE","","","","","",1,"ตัว",,"",0.00
"","","","F030-3010-500","SQUIER CLASSIC VIBE STRAT 60'S 3TS","","","","","",1,"ตัว",,"",0.00
"","","","F031-0001-540","FENDER SQ BULLET STRAT RW FIESTA RED","","","","","",1,"ตัว",,"",0.00
"","","","F032-1200-509","FENDER SQ STD TELE RW RED","","","","","",1,"ตัว",,"",0.00
"","","","F032-7800-500","FENDER SQ O-LARN STRAT RW SUNBURST","","","","","",2,"ตัว",,"",0.00
"","","","F032-7800-521","FENDER SQ O-LARN STRAT RW NATURAL","","","","","",1,"ตัว",,"",0.00
"","","","F037-0470-549","SQ CONT ACT STARCASTER MN SURF PEART","","","","","",1,"ตัว",,"",0.00
"","","","F037-4590-592","SQ CLASSIC VIBE STARCASTER MN WALNUT","","","","","",1,"ตัว",,"",0.00
"","","","F037-8002-505","SQ AFFINITY STRAT MN WHITE PG OLYMPIC WHITE","","","","","",1,"ตัว",,"",0.00
"","","","F037-8671-565","SQ AFFINITY J BASS VI LRL BPG BLACK METTALIC","","","","","",1,"ตัว",,"",0.00
"","","","F073-0250-406","FENDER STRING # 250R 010/046","","","","","",2,"ชุด",,"",0.00
"","","","F095-0816-021","FENDER FA-100 W/GIG BAG AND STRAP","","","","","",1,"ตัว",,"",0.00
"","","","F095-5630-021","FENDER UKULELE HAU'OLL ALL LAMINATE","","","","","",1,"ตัว",,"",0.00
"","","","F095-5645-021","FENDER UKULELE U'UKU SOPRANO","","","","","",1,"ตัว",,"",0.00
"","","","F095-5650-021","FENDER UKULELE MINO'AKA CONCERT","","","","","",2,"ตัว",,"",0.00
"","","","F096-0291-203","FENDER A. PM-3 DLX TRIPLE O SUNBURST","","","","","",1,"ตัว",,"",0.00
"","","","F096-0298-221","FENDER PM-3C TRIPLE O ALL MAHAGONY NAT","","","","","",1,"ตัว",,"",0.00
"","","","F096-1536-206","FENDER A/E GUITAR CD-60CE BLACK W/CASE","","","","","",2,"ตัว",,"",0.00
"","","","F096-7310-006","FENDER A.GUITAR TELECOUSTIC BLACK","","","","","",1,"ตัว",,"",0.00
"","","","F096-8601-021","FENDER A.GUITAR KINGMAN SCE NATURAL","","","","","",1,"ตัว",,"",0.00
"","","","F096-8601-032","FENDER A.GUITAR KINGMAN SCE SUNBURST","","","","","",1,"ตัว",,"",0.00
"","","","F096-8602-032","FENDER A/E GUITAR MALIBU SCE SUNBURST","","","","","",2,"ตัว",,"",0.00
"","Music Concept WT                                         ","หน้า   :       52"
"","สินค้าคงเหลือ แยกตามคลังสินค้า    ","ณ วันที่  24 พ.ค. 2569"
"","รหัสสินค้าจาก","001-01005-000     ","ถึง","VP-ADAPTOR-9V","วันที่ : 24/05/2569"
"","คลัง","","รหัสสินค้า","ชื่อสินค้า","","","","","","  จำนวน","","ราคาต่อหน่วย","","มูลค่าคงเหลือ","ยอดค้างรับ","ยอดค้างส่ง"
"","","","F097-2512-121","FD HIGHWAY DREAD RW NATURAL W/GIGBAG","","","","","",1,"ตัว",,"",0.00
"","","","F097-4000-503","FENDER CA DEBUT REDONDO 2TS","","","","","",1,"ตัว",,"",0.00
"","","","F097-4010-521","FENDER CA DEBUT REDONDO CE NATURAL","","","","","",1,"ตัว",,"",0.00
"","","","F099-0409-000","FENDER DRAGON CAPO","","","","","",1,"อัน",,"",0.00
"","","","F099-0681-000","FENDER GUITAR STRAP BLK/LW/BROWN MONO","","","","","",1,"เส้น",,"",0.00
"","","","F099-0681-304","FENDER NEON MONOGRAM STRAP YELLOW/PINK","","","","","",1,"เส้น",,"",0.00
"","","","F099-0681-500","FENDER GUITAR STRAP BLK/LW/RED MONO","","","","","",1,"เส้น",,"",0.00
"","","","F099-0681-502","FENDER GUITAR STRAP BLK/LT GREY/BLUE MONO","","","","","",2,"เส้น",,"",0.00
"","","","F099-0682-000","FENDER GUITAR STRAP RED/WHITE/BLUE MONO","","","","","",1,"เส้น",,"",0.00
"","","","F099-0810-200","FENDER OMBRE INST CABLE 10' S/S TEQUIA SUNRISE","","","","","",1,"เส้น",,"",0.00
"","","","F099-0820-018","FENDER PRO SERIES MICROPHONE CABLE 15FT","","","","","",2,"เส้น",,"",0.00
"","","","F099-1030-000","FENDER TURBO TUNE STRING WINDER","","","","","",1,"อัน",,"",0.00
"","","","F099-1412-406","FENDER GIG BAG FE610 ELECTRIC GUITAR","","","","","",1,"ใบ",,"",0.00
"","","","F099-1412-506","FENDER GIG BAG FEJ610 JAGUAR JAZZMASTER","","","","","",1,"ใบ",,"",0.00
"","","","F099-1422-406","FENDER GIG BAG FB610 ELECTRIC BASS","","","","","",1,"ใบ",,"",0.00
"","","","F099-2132-546","FENDER 2" SONORAN STRAP DUSK","","","","","",1,"เส้น",,"",0.00
"","","","F198-0351-040","FENDER 351 WRANGLER SHELL (8 PK) MED","","","","","",1,"แพ็ค",,"",0.00
"","","","F216-0106-410","FENDER AMP.SUPER SONIC HEAD BLONDE","","","","","",1,"เครื่อง",,"",0.00
"","","","F223-1106-000","FENDER AMP.HOT ROD DEVILLE 212 IV BLACK","","","","","",1,"ตู้",,"",0.00
"","","","F223-1206-000","FENDER AMP.HOT ROD DELUXE IV BLACK","","","","","",1,"ตัว",,"",0.00
"","","","F224-8306-000","FENDER AMP BASSMAN TV FIFTEEN 350W","","","","","",1,"ตู้",,"",0.00
"","","","F224-8406-000","FENDER AMP BASSMAN TV DUO TEN 350W","","","","","",1,"ตู้",,"",0.00
"","","","F225-3006-410","EVH 5150 III 50 WATT HEAD IVORY","","","","","",1,"ตู้",,"",0.00
"","","","F227-0900-000","FENDER AMP.BASS RUMBLE 410 CABINET","","","","","",1,"ตู้",,"",0.00
"","","","F227-4006-000","FENDER AMP.68 CUSTOM DELUXE REVERB","","","","","",1,"ตู้",,"",0.00
"","","","F231-3000-000","FENDER LINK I/O INTERFACE","","","","","",2,"ตัว",,"",0.00
"","","","F231-4106-000","FENDER AMP.ACOUSTIC 200","","","","","",1,"ตู้",,"",0.00
"","","","F231-4406-000","FENDER AMP. ACOUSTIC JR GO","","","","","",2,"ตู้",,"",0.00
"","","","F231-5306-920","FENDER AMP.BASS RUMBLE 15","","","","","",1,"ตู้",,"",0.00
"","","","F231-6506-910","FENDER AMP.FM 212R","","","","","",1,"ตู้",,"",0.00
"","","","F233-0906-900","FENDER AMP. CHAMPION II 100","","","","","",2,"ตู้",,"",0.00
"","","","F237-0206-900","FENDER AMP. BASS RUMBLE 25","","","","","",1,"ตู้",,"",0.00
"","","","F237-0506-900","FENDER AMP. BASS RUMBLE 200 V3","","","","","",3,"ตู้",,"",0.00
"","","","F237-0606-900","FENDER AMP. BASS RUMBLE 500","","","","","",1,"ตู้",,"",0.00
"","","","F237-2006-000","FENDER AMP. RUMBLE 800 HEAD","","","","","",1,"ตู้",,"",0.00
"","Music Concept WT                                         ","หน้า   :       53"
"","สินค้าคงเหลือ แยกตามคลังสินค้า    ","ณ วันที่  24 พ.ค. 2569"
"","รหัสสินค้าจาก","001-01005-000     ","ถึง","VP-ADAPTOR-9V","วันที่ : 24/05/2569"
"","คลัง","","รหัสสินค้า","ชื่อสินค้า","","","","","","  จำนวน","","ราคาต่อหน่วย","","มูลค่าคงเหลือ","ยอดค้างรับ","ยอดค้างส่ง"
"","","","F250-7112-574","GRESTCH FSR G5427TG EMTC HLW SC CHMP WHITE","","","","","",1,"ตัว",,"",0.00
"","","","F291-0022-527","JACKSON DK3XRM HSS FROSTBYTE BLUE","","","","","",1,"ตัว",,"",0.00
"","","","F291-3636-597","JACKSON RRX24 WOODLAND CAMO","","","","","",1,"ตัว",,"",0.00
"","","","F299-1512-106","JACKSON SOLIST DINKY GIG BAG","","","","","",1,"ใบ",,"",0.00
"","","","F530-0100-338","FENDER MIJ TROUBLEMAKER TELE RW CRIMSON RED","","","","","",1,"ตัว",,"",0.00
"","","","F565-4400-320","FENDER O-LARN STRAT AMB","","","","","",1,"ตัว",,"",0.00
"","","","F566-2202-307","FENDER HYBRID II J BASS V MN VINT NATURAL","","","","","",1,"ตัว",,"",0.00
"","","","F633-0100-906","FENDER SQ CA STRAT RW BLACK","","","","","",1,"ตัว",,"",0.00
"","","","F633-6000-906","FENDER SQ CA JAZZ BASS RW BLACK","","","","","",1,"ตัว",,"",0.00
"","","","HR-AUTOTUNE","HEADRUSH AUTO TUNE VX5","","","","","",3,"เครื่อง",,"",0.00
"","","","HR-CORE","HEADRUSH CORE","","","","","",1,"เครื่อง",,"",0.00
"","","","HR-FRFR108-BT","HEADRUSH POWERED SPEAKER FRFR108 MKll","","","","","",1,"ตู้",,"",0.00
"","","","HR-FRFR112","HEADRUSH FRFR112 POWERED SPEAKER","","","","","",2,"ตู้",,"",0.00
"","","","HR-FRFRGO","HEADRUSH FRFR GO","","","","","",2,"ตู้",,"",0.00
"","","","HR-GIGBOARD","HEADRUSH GIGBOARD","","","","","",2,"เครื่อง",,"",0.00
"","","","HR-MX5X","HEADRUSH MX5X","","","","","",1,"เครื่อง",,"",0.00
"","","","HR-PEDALBOARD","HEADRUSH PEDAL BOARD","","","","","",7,"เครื่อง",,"",0.00
"","","","HR-PRIME","HEADRUSH PRIME","","","","","",1,"ตัว",,"",0.00
"","","","HR-SHEERAN-LP+","HEADRUSH SHEERAN LOOPER+","","","","","",1,"เครื่อง",,"",0.00
"","","","NT-H-PS-BS","NATAL BOOM STAND PRO SERIES","","","","","",2,"ชุด",,"",0.00
"","","","NT-H-PS-BS2","NATAL 2 TIER PRO BOOM STAND","","","","","",1,"ชุด",,"",0.00
"","","","NT-H-PS-DK","NATAL DRUM KEY","","","","","",1,"อัน",,"",0.00
"","","","NT-H-PS-HH","NATAL HI-HAT STAND","","","","","",1,"ชุด",,"",0.00
"","","","NT-H-PS-SPS","NATAL SINGLE BASS PEDAL SMOOTH CAM","","","","","",1,"ชุด",,"",0.00
"","","","NT-H-PS-SS","NATAL SNARE STAND PRO SERIES","","","","","",1,"ชุด",,"",0.00
"","","","NT-H-PS-STM","NATAL SINGLE TOM MOUNT","","","","","",1,"ชุด",,"",0.00
"","","","NT-K-MA-TR-SI","NATAL TRAD MAP SHPK SI (2 BOX)","","","","","",1,"ชุด",,"",0.00
"","","","OS-ASP3001","OS FOAM SPEAKER PLATFORM SMALL (PAIR)","","","","","",1,"คู่",,"",0.00
"","","","OS-DMA6450","OS NON-SLIP DRUM MAT","","","","","",1,"ชุด",,"",0.00
"","","","OS-GA100","OS GA100 GUITAR CAPO BLACK","","","","","",4,"อัน",,"",0.00
"","","","OS-GBE-4550","OS GUITAR BAG ELECTRIC","","","","","",1,"ใบ",,"",0.00
"","","","OS-GPB3000","OS PEDAL BOARD W/BAG","","","","","",1,"ตัว",,"",0.00
"","","","OS-GS7155","OS SINGLE GUITAR STAND HANG-IT (GS7155)","","","","","",1,"ตัว",,"",0.00
"","","","OS-GS7561","OS 5-SPACE FOLDABLE MULTI GUITAR RACK","","","","","",3,"ชุด",,"",0.00
"","","","OS-IC-10","OS STAGE IC-10 INSTRUMENT CABLE 10 FT","","","","","",3,"เส้น",,"",0.00
"","Music Concept WT                                         ","หน้า   :       54"
"","สินค้าคงเหลือ แยกตามคลังสินค้า    ","ณ วันที่  24 พ.ค. 2569"
"","รหัสสินค้าจาก","001-01005-000     ","ถึง","VP-ADAPTOR-9V","วันที่ : 24/05/2569"
"","คลัง","","รหัสสินค้า","ชื่อสินค้า","","","","","","  จำนวน","","ราคาต่อหน่วย","","มูลค่าคงเหลือ","ยอดค้างรับ","ยอดค้างส่ง"
"","","","OS-KS7190","OS CLASSIC SINGLE-X KEYBOARD","","","","","",4,"ชุด",,"",0.00
"","","","OS-KT7800+","OS KEYBOARD 3 POSITION DLX BENCH X STYLE","","","","","",5,"ตัว",,"",0.00
"","","","OS-MS9701TB+","OS HEAVY DUTY TRIPOD","","","","","",2,"ชุด",,"",0.00
"","","","OS-SMS6600-P","OS HEX-BASED MONITOR STAND (PAIR)","","","","","",1,"คู่",,"",0.00
"","","","OS-SS7730B","OS CLASSIC SPEAKER STAND (เดี่ยว)","","","","","",2,"ชุด",,"",0.00
"","","","P277-7200-101","PRESONUS HD10BT HEADPHONES","","","","","",2,"อัน",,"",0.00
"","","","P277-7200-102","PRESONUS HD7 PROF. MONITORING HEADPHONES","","","","","",3,"ตัว",,"",0.00
"","","","P277-7300-106","PRESONUS PX-1 LRG DIAPHRAGM CARDIOID CONDENSER","","","","","",2,"ตัว",,"",0.00
"","","","P277-7300-201","PRESONUS REVELATOR MICROPHONE","","","","","",1,"ตัว",,"",0.00
"","","","P277-7300-202","PRESONUS REVELATOR DYNAMIC","","","","","",1,"ตัว",,"",0.00
"","","","P277-7506-109","PRESONUS ERIS E5 XT STUDIO MONITOR (เดี่ยว)","","","","","",2,"ตู้",,"",0.00
"","","","P277-7506-121","PRESONUS ERIS ES3.5 GEN 2 (คู่)","","","","","",1,"คู่",,"",0.00
"","","","P277-7506-122","PRESONUS ERIS E3.5 BT GEN 2 (คู่)","","","","","",1,"คู่",,"",0.00
"","","","P277-7506-125","PRESONUS ERIS SUB 8 BT EU (เดี่ยว)","","","","","",1,"ตู้",,"",0.00
"","","","P277-7506-130","PRESONUS ERIS PRO 6 (เดี่ยว)","","","","","",15,"ตู้",,"",0.00
"","","","P277-7506-132","PRESONUS ERIS PRO SUB 10 (เดี่ยว)","","","","","",1,"ตู้",,"",0.00
"","","","P277-7700-106","PRESONUS AUDIOBOX GO","","","","","",2,"ตัว",,"",0.00
"","","","P277-7700-403","PRESONUS STUDIO 24C","","","","","",2,"ตัว",,"",0.00
"","","","P277-7700-503","PRESONUS QUANTUM ES 2","","","","","",7,"ตัว",,"",0.00
"","","","P277-7700-504","PRESONUS QUANTUM ES4","","","","","",1,"ตัว",,"",0.00
"","","","P277-7700-612","FENDER QUANTUM LT2","","","","","",3,"ตัว",,"",0.00
"","","","P277-7700-613","FENDER QUANTUM LT4","","","","","",1,"ตัว",,"",0.00
"","","","P277-7700-712","FENDER AUDIOBOX GO","","","","","",1,"ตัว",,"",0.00
"","","","P277-7706-405","PRESONUS STUDIO 68C","","","","","",1,"ตัว",,"",0.00
"","","","P277-7706-501","PRESONUS QUANTUM HD2","","","","","",5,"ตัว",,"",0.00
"","","","P277-7706-502","PRESONUS QUANTUM HD 8","","","","","",5,"ตัว",,"",0.00
"","","","P277-7706-614","FENDER QUANTUM LT 16","","","","","",3,"ตัว",,"",0.00
"","","","P277-7800-108","PRESONUS SHK-1 SHOCK MOUNT FOR PX1 & M7","","","","","",2,"ตัว",,"",0.00
"","","","P277-9106-101","PRESONUS AIR10 LOUDSPEAKER","","","","","",2,"ตู้",,"",0.00
"","","","P277-9106-103","PRESONUS AIR15 LOUDSPEAKER","","","","","",4,"ตู้",,"",0.00
"","","","P277-9206-101","PRESONUS STUDIOLIVE AR12C MIXER","","","","","",1,"เครื่อง",,"",0.00
"","","","P277-9206-402","PRESONUS STUDIOLIVE 32SC MIXER","","","","","",1,"ตัว",,"",0.00
"","","","PM-LA5AW","LA SPECIAL LA5AW","","","","","",6,"คู่",,"",0.00
"","","","PT-201-CR-18","PAISTE CYMBAL # 201 18" CRASH RIDE","","","","","",1,"ใบ",,"",0.00
"","","","PT-201-SET","PAISTE #201 UNI. SET 14 HAT/16/20","","","","","",1,"ชุด",,"",0.00
"","Music Concept WT                                         ","หน้า   :       55"
"","สินค้าคงเหลือ แยกตามคลังสินค้า    ","ณ วันที่  24 พ.ค. 2569"
"","รหัสสินค้าจาก","001-01005-000     ","ถึง","VP-ADAPTOR-9V","วันที่ : 24/05/2569"
"","คลัง","","รหัสสินค้า","ชื่อสินค้า","","","","","","  จำนวน","","ราคาต่อหน่วย","","มูลค่าคงเหลือ","ยอดค้างรับ","ยอดค้างส่ง"
"","","","PT-M-C-D18","PAISET CYMBAL MASTERS DARK CRASH 18"","","","","","",1,"ใบ",,"",0.00
"","","","PT-PSTX-ST-F14","PAISTE PSTX SWISS FLANGER STACK 14''","","","","","",1,"คู่",,"",0.00
"","","","PT-RUDE-C-T16","PAISTE RUDE 16"THIN CRASH","","","","","",1,"ใบ",,"",0.00
"","","","PT-RUDE-C-T18","PAISTE RUDE THIN CRASH 18"","","","","","",2,"ใบ",,"",0.00
"","","","PT-RUDE-CN-18","PAISTE CYMBAL RUDE CHINA 18"","","","","","",1,"ใบ",,"",0.00
"","","","PT-RUDE-H-S14","PAISTE RUDE CLASSIC SOUND EDGE HI HAT 14"","","","","","",1,"คู่",,"",0.00
"","","","PT-SI-CN-H18","PAISTE CYMBAL SIGNATURE HEAVY CHINA 18''","","","","","",1,"ใบ",,"",0.00
"","","","PT-SI-R-DM20","PAISTE SIGNATURE DARK METAL RIDE 20''","","","","","",1,"ใบ",,"",0.00
"","","","PT-TC-C-FL16","PAISTE TWENTY CUSTOM FULL CRASH 16"","","","","","",1,"ใบ",,"",0.00
"","","","TE-960801001","TC ELECTRONIC DITTO LOOPER","","","","","",1,"ตัว",,"",0.00
"","","","TE-960805001","TC ELECTRONIC DITTO LOOPER X4","","","","","",1,"ตัว",,"",0.00
"","","","TE-960819005","TC ELECTRONIC BODYREZ ACOUSTIC","","","","","",1,"ตัว",,"",0.00
"","","","TE-996003005","TC ELECTRONIC HELICON VOICETONE T1","","","","","",1,"เครื่อง",,"",0.00
"","","","TE-996004005","TC ELECTRONIC HELICON VOICETONE D1","","","","","",1,"เครื่อง",,"",0.00
"","","","TE-996006005","TC ELECTRONIC HELICON VOICETONE C1","","","","","",2,"เครื่อง",,"",0.00
"","","","TE-996011005","TC ELECTRONIC HELICON VOICETONE E1","","","","","",3,"เครื่อง",,"",0.00
"","","","TE-996130001","TC ELECTRONIC MIMIQ DOUBLER","","","","","",1,"ตัว",,"",0.00
"","","","TE-996361005","TC ELECTRONIC HARMONY SINGER","","","","","",2,"เครื่อง",,"",0.00
"","","","TE-H0102","TC MP-60 DYNAMIC MICROPHONE","","","","","",1,"ตัว",,"",0.00
"","","","","","","","","","","---------------","","---------------","","---------------","---------------","---------------"
"","รวมคลัง","","02",299,"สินค้า","","","","",448,"",,"",0.00,0,0
"","","","","","","","","","","===============","","===============","","===============","===============","==============="
"","03","สินค้ารออะไหล่, เสีย - มิวสิกคอนเซพท์"
"","","","002-01129-SAM","KORG VOLCA SAMPLE","","","","","",1,"ตัว",,"",0.00
"","","","002-01193-MSL","KORG LIANO L1 METTALIC SILVER","","","","","",1,"เครื่อง",,"",0.00
"","","","002-01196","KORG DRUMLOQUE","","","","","",1,"เครื่อง",,"",0.00
"","","","002-03084-GTR","VOX STOMPLAB SL2G GUITAR","","","","","",1,"เครื่อง",,"",0.00
"","","","007-10072-JJQ","MM JP15 7 PIEZO QUILT NEBULA NO PG CR HDWE","","","","","",1,"ตัว",,"",0.00
"","","","043-03251-FB","GIBSON 59 LP STD R TOP FACTORY BURST GLOSS NH","","","","","",1,"ตัว",,"",0.00
"","","","043-04320-AN","GIBSON SONGWRITER CUTAWAY ANT. NATURAL","","","","","",1,"ตัว",,"",0.00
"","","","043-04324-AN","GIBSON SONGWRITER STD RW ANT. NATURAL","","","","","",2,"ตัว",,"",0.00
"","","","043-04341-NA","GIBSON G-45 NATURAL","","","","","",1,"ตัว",,"",0.00
"","","","043-04347-WR","GIBSON 60S J-45 ORIGINAL WINE RED","","","","","",1,"ตัว",,"",0.00
"","","","043-05006-3AW","EPIPHONE LP CUSTOM A.WHITE","","","","","",1,"ตัว",,"",0.00
"","","","043-05130-NA","EPIPHONE EJ-200 COUPE VINTAGE NATURAL","","","","","",1,"ตัว",,"",0.00
"","Music Concept WT                                         ","หน้า   :       56"
"","สินค้าคงเหลือ แยกตามคลังสินค้า    ","ณ วันที่  24 พ.ค. 2569"
"","รหัสสินค้าจาก","001-01005-000     ","ถึง","VP-ADAPTOR-9V","วันที่ : 24/05/2569"
"","คลัง","","รหัสสินค้า","ชื่อสินค้า","","","","","","  จำนวน","","ราคาต่อหน่วย","","มูลค่าคงเหลือ","ยอดค้างรับ","ยอดค้างส่ง"
"","","","043-05312-EB","EPIPHONE LTD ED 1984 EXPLORER EX BLK HDWE","","","","","",1,"ตัว",,"",0.00
"","","","043-AGGBC-20","GIBSON CORDURA ELECTRIC GUITAR GIG BAG","","","","","",1,"ใบ",,"",0.00
"","","","046-01004-MDR","STERLING JP60 MYSTIC DREAM","","","","","",1,"ตัว",,"",0.00
"","","","046-01042-SBK","STERLING JP70 STEALTH BLACK NO GIGBAG","","","","","",3,"ตัว",,"",0.00
"","","","046-01051-FMPS","STERIING KAIZEN IN FIREMIST PURPLE SATIN","","","","","",1,"ตัว",,"",0.00
"","","","050-6960111000","FENDER NEWPORT LOUDSPEAKER BLUETOOTH - BLACK","","","","","",1,"เครื่อง",,"",0.00
"","","","BS-BA102054","BLACKSTAR FLY3 BT COMBO MINI AMP.MISFITS","","","","","",1,"ตู้",,"",0.00
"","","","BS-BA102091","BLACKSTAR FLY SURF GREEN","","","","","",1,"ตู้",,"",0.00
"","","","BS-BA155010","BLACKSTAR ID CORE STEREO 10 V4","","","","","",1,"ตู้",,"",0.00
"","","","F005-7146-000","FENDER AMP.SPEAKER 12" 8 OHM JENSEN C12K","","","","","",1,"ดอก",,"",0.00
"","","","F011-3900-753","FENDER LTD AM PRO II STRAT RW FIREMIST GOLD","","","","","",2,"ตัว",,"",0.00
"","","","F011-5602-305","FENDER AM SPECIAL STRAT MN WHITE","","","","","",1,"ตัว",,"",0.00
"","","","F014-7383-387","FENDER PLAYER ACT J BASS V PF TEQUILA SUNRISE","","","","","",1,"ตัว",,"",0.00
"","","","F014-9240-302","FENDER VINT II 60S BASS VI RW LAKE PLACID BLUE","","","","","",1,"ตัว",,"",0.00
"","","","F019-9102-712","FENDER AM ULTRA II P BASS MN ULTRABURST","","","","","",1,"ตัว",,"",0.00
"","","","F031-0202-506","SQ AFFINITY TELE MN BLACK","","","","","",1,"ตัว",,"",0.00
"","","","F037-0001-532","SQUIER BULLET STRAT TREM BSB","","","","","",1,"ตัว",,"",0.00
"","","","F037-0600-557","SQ AFFINITY STRAT LRL RW SURF GREEN","","","","","",1,"ตัว",,"",0.00
"","","","F037-4024-592","SQ CLASSIC VIBE 70'S STRAT HSS LRL WALNUT","","","","","",1,"ตัว",,"",0.00
"","","","F037-4090-506","SQ CLASSIC VIBE 70'S JAGUAR LRL BLACK","","","","","",1,"ตัว",,"",0.00
"","","","F037-4092-581","SQ FSR CLASSIC VIBE 60S JAGUAR LRL SILVER SPARKLE","","","","","",1,"ตัว",,"",0.00
"","","","F037-4550-506","SQ CLASSIC VIBE 70S J BASS V MN BLACK","","","","","",1,"ตัว",,"",0.00
"","","","F037-8601-566","SQ AFFINITY J BASS LRL BURGUNDY MIST","","","","","",1,"ตัว",,"",0.00
"","","","F096-0251-221","FENDER A. PM-3 STD TRIPLE O NATRUAL","","","","","",1,"ตัว",,"",0.00
"","","","F097-0310-321","FENDER PD-220E DREAD 3-COLOUR VINT.SUNBURST PD-220","","","","","",1,"ตัว",,"",0.00
"","","","F097-1113-221","FENDER FA-125CE DREAD NATURAL WN","","","","","",1,"ตัว",,"",0.00
"","","","F097-1210-521","FENDER FA-125 DREAD NATURAL","","","","","",1,"ตัว",,"",0.00
"","","","F097-1913-021","FENDER FA-25CE DREAD WN NATURAL","","","","","",1,"ตัว",,"",0.00
"","","","F099-0818-100","FENDER MACHINE HEAD LOCK TUNER CHROME SET","","","","","",1,"ชุด",,"",0.00
"","","","F099-1622-406","FENDER GIG BAG FB1225 ELECTRIC BASS","","","","","",1,"ใบ",,"",0.00
"","","","F231-1300-000","FENDER AMP. MUSTANG MICRO - US","","","","","",8,"ตัว",,"",0.00
"","","","F291-0147-557","JACKSON JS32 RR, AH FB IVORY","","","","","",1,"ตัว",,"",0.00
"","","","F770-9929-049","FENDER TREM ARM AM PRO STRAT RH. SS","","","","","",1,"อัน",,"",0.00
"","","","F923-6020-362","FENDER AM CSTM STRAT NOS MN MIDNIGHT WINE","","","","","",1,"ตัว",,"",0.00
"","","","HR-FRFR112-BT","HEADRUSH POWERED SPEAKER FRFR112 MKll","","","","","",1,"ตู้",,"",0.00
"","Music Concept WT                                         ","หน้า   :       57"
"","สินค้าคงเหลือ แยกตามคลังสินค้า    ","ณ วันที่  24 พ.ค. 2569"
"","รหัสสินค้าจาก","001-01005-000     ","ถึง","VP-ADAPTOR-9V","วันที่ : 24/05/2569"
"","คลัง","","รหัสสินค้า","ชื่อสินค้า","","","","","","  จำนวน","","ราคาต่อหน่วย","","มูลค่าคงเหลือ","ยอดค้างรับ","ยอดค้างส่ง"
"","","","TE-960661001","TC ELECTRONIC HALL OF FAME 2 REVERB","","","","","",1,"ตัว",,"",0.00
"","","","TE-960804001","TC ELECTRONIC DITTO LOOPER X2","","","","","",1,"ตัว",,"",0.00
"","","","TE-960805001","TC ELECTRONIC DITTO LOOPER X4","","","","","",1,"ตัว",,"",0.00
"","","","TE-960910005","TC ELECTRONIC FLASHBLACK TRIPLE DELAY","","","","","",1,"เครื่อง",,"",0.00
"","","","TE-996000905","TC ELECTRONIC VOICE TONE HARMONY-G XT","","","","","",2,"เครื่อง",,"",0.00
"","","","TE-996364005","TC VOICE & ACOUSTIC GUITAR PLAY ACOUSTIC","","","","","",1,"เครื่อง",,"",0.00
"","","","","","","","","","","---------------","","---------------","","---------------","---------------","---------------"
"","รวมคลัง","","03",53,"สินค้า","","","","",65,"",,"",0.00,0,0
"","","","","","","","","","","===============","","===============","","===============","===============","==============="
"","04","สินค้าฝากขาย"
"","","","","","","","","","","---------------","","---------------","","---------------","---------------","---------------"
"","รวมคลัง","","04",0,"สินค้า","","","","",0,"",,"",0.00,0,0
"","","","","","","","","","","===============","","===============","","===============","===============","==============="
"","05","จองสินค้า, มัดจำสินค้า"
"","","","043-05406-3BW","EP MATT HEAFY LES PAUL CSTM ORIGINS BONE WHITE","","","","","",1,"ตัว",,"",0.00
"","","","F017-6812-706","FENDER JACK WHITE TRIPLECASTER BLACK","","","","","",1,"ตัว",,"",0.00
"","","","F019-3930-755","FENDER AM PRO II P BASS RW MERCURY","","","","","",1,"ตัว",,"",0.00
"","","","F019-9102-796","FENDER AM ULTRA II P BASS MN AVALANCHE","","","","","",1,"ตัว",,"",0.00
"","","","F037-8002-505","SQ AFFINITY STRAT MN WHITE PG OLYMPIC WHITE","","","","","",1,"ตัว",,"",0.00
"","","","","","","","","","","---------------","","---------------","","---------------","---------------","---------------"
"","รวมคลัง","","05",5,"สินค้า","","","","",5,"",,"",0.00,0,0
"","","","","","","","","","","===============","","===============","","===============","===============","==============="
"","06","คลังฝาก มิวสิกคอนเซพท์ - สนง.เพชรบุรี"
"","","","001-05153","SQ ROCK BAND 3 GAME GUITAR BLACK","","","","","",1,"ตัว",,"",0.00
"","","","001-08043-CAB","EVH 5150 III 412 STRAIGHT IVORY","","","","","",1,"ตู้",,"",0.00
"","","","001-08381","FENDER CLASSICS PHASER PEDAL","","","","","",1,"ตัว",,"",0.00
"","","","001-08505-009","FENDER MT-1000 METRONOME/TUNER RED","","","","","",1,"เครื่อง",,"",0.00
"","","","001-15007-286","JACKSON JS30 TB JS","","","","","",1,"ตัว",,"",0.00
"","","","001-40024-092","GRESTCH G6122-1962 CHET ATKIN COUNTRY GE","","","","","",1,"ตัว",,"",0.00
"","","","002-01147-BK","KORG DIGITAL PIANO B1 BLACK","","","","","",1,"เครื่อง",,"",0.00
"","","","002-01171-BLK","KORG DIGITAL PIANO B2SP BLACK W/STAND","","","","","",1,"ตัว",,"",0.00
"","","","002-05012","KORG TUNER DTR-1K","","","","","",1,"เครื่อง",,"",0.00
"","","","002-07502","KORG GIG BAG WAVE DRUM","","","","","",1,"ใบ",,"",0.00
"","","","002-07504","KORG SP-170 DUST COVER #KDS1317C","","","","","",4,"ผืน",,"",0.00
"","","","002-07509","KORG GIG BAG KEYBOARD MICROSTATION MW-1","","","","","",1,"ใบ",,"",0.00
"","Music Concept WT                                         ","หน้า   :       58"
"","สินค้าคงเหลือ แยกตามคลังสินค้า    ","ณ วันที่  24 พ.ค. 2569"
"","รหัสสินค้าจาก","001-01005-000     ","ถึง","VP-ADAPTOR-9V","วันที่ : 24/05/2569"
"","คลัง","","รหัสสินค้า","ชื่อสินค้า","","","","","","  จำนวน","","ราคาต่อหน่วย","","มูลค่าคงเหลือ","ยอดค้างรับ","ยอดค้างส่ง"
"","","","002-07515","KORG GIG BAG TONELAB EX (SC-TLEX)","","","","","",1,"ใบ",,"",0.00
"","","","002-07517-88","KORG SOFT CASE KROME 88 & KROSS 88 KEYS","","","","","",1,"ใบ",,"",0.00
"","","","002-07519","KORG SOFT CASE MS20 MINI","","","","","",1,"ใบ",,"",0.00
"","","","002-07523-BK","KORG ELEC.PIANO STAND B1 BLACK(STB1)","","","","","",1,"ชุด",,"",0.00
"","","","002-07533","KORG SC-EK/PA-GRBK","","","","","",1,"ใบ",,"",0.00
"","","","002-08001","KORG WAVE DRUM","","","","","",1,"เครื่อง",,"",0.00
"","","","002-11901-AB","VOX VIRAGE GUITAR VGDCAB DOUBLE CUT ASH","","","","","",1,"ตัว",,"",0.00
"","","","002-11903-SB","VOX ELECTRIC GUITAR VH HDC77SB","","","","","",1,"ตัว",,"",0.00
"","","","002-11915-NB","VOX UKULELECTRIC VEU-33C-NB NAT BURST","","","","","",1,"ตัว",,"",0.00
"","","","002-AP2-IO","VOX AMPLUG AP-I/O USB AUDIO INTERFACE","","","","","",20,"ตัว",,"",0.00
"","","","003-01008","ALESIS DM 5 PRO KIT WITH SURGE CYMBALS SET","","","","","",1,"ชุด",,"",0.00
"","","","003-01010","ALESIS SURGE CYMBAL 16" RIDE WITH CHOKE","","","","","",1,"ใบ",,"",0.00
"","","","003-01011","ALESIS DM 5 PRO DRUM PAD LDP-2","","","","","",1,"ใบ",,"",0.00
"","","","003-02042","ALESIS TRANSACTIVE MOBILE V2","","","","","",1,"ตู้",,"",0.00
"","","","003-03055","ALESIS COMPRESSOR 3632","","","","","",1,"เครื่อง",,"",0.00
"","","","004-06002","ART M-ONE USB STUDIO MIC QUALITY USB CO","","","","","",1,"ตัว",,"",0.00
"","","","007-P05944","MUSIC MAN CASE CUTLASS GTR","","","","","",1,"ชิ้น",,"",0.00
"","","","009-04007","FOSTEX HEADPHONE T-5","","","","","",4,"ตัว",,"",0.00
"","","","018-01021","AKAI MPC RENAISSANCE","","","","","",1,"เครื่อง",,"",0.00
"","","","018-01091","AKAI DRUM PAD MPD16","","","","","",2,"เครื่อง",,"",0.00
"","","","018-01105","AKAI KEYBOARD CONTROLLER MAX 49","","","","","",2,"เครื่อง",,"",0.00
"","","","018-01106","AKAI SYNTHSTATION 49","","","","","",1,"เครื่อง",,"",0.00
"","","","018-ADVANCE25","AKAI KEYBOARD CONTROLLER ADVANCE 25","","","","","",1,"เครื่อง",,"",0.00
"","","","018-MPK225","AKAI CONTROLLER MPK 225","","","","","",1,"เครื่อง",,"",0.00
"","","","032-01007","SAMSON MIXER MDR-10","","","","","",1,"เครื่อง",,"",0.00
"","","","032-01008","SAMSON MIXER MDR-1064","","","","","",2,"เครื่อง",,"",0.00
"","","","032-01014","SAMSON L2400 24 CHANNEL 4 BUS MIXER","","","","","",1,"เครื่อง",,"",0.00
"","","","032-04013","SAMSON SPEAKER RS-15","","","","","",1,"ตู้",,"",0.00
"","","","032-04015","SAMSON LIVE L-612M 2WAY ACTIVE MONITOR","","","","","",1,"ตู้",,"",0.00
"","","","032-04018","SAMSON XPL200 12" ACTIVE MONITOR","","","","","",1,"ตู้",,"",0.00
"","","","032-04019","SAMSON XPL300 12" 2WAY ACTIVE MONITOR","","","","","",1,"ตู้",,"",0.00
"","","","032-04021","SAMSON DB300A 12" ACTIVE MONITOR","","","","","",1,"คู่",,"",0.00
"","","","032-05001","SAMSON HEADPHONE PH-60","","","","","",2,"ตัว",,"",0.00
"","","","032-05004","SAMSON HEADPHONE RH-600","","","","","",2,"ตัว",,"",0.00
"","","","032-05005","SAMSON HEADPHONE CH-70","","","","","",2,"ตัว",,"",0.00
"","Music Concept WT                                         ","หน้า   :       59"
"","สินค้าคงเหลือ แยกตามคลังสินค้า    ","ณ วันที่  24 พ.ค. 2569"
"","รหัสสินค้าจาก","001-01005-000     ","ถึง","VP-ADAPTOR-9V","วันที่ : 24/05/2569"
"","คลัง","","รหัสสินค้า","ชื่อสินค้า","","","","","","  จำนวน","","ราคาต่อหน่วย","","มูลค่าคงเหลือ","ยอดค้างรับ","ยอดค้างส่ง"
"","","","032-05006","SAMSON HEADPHONE CH-700","","","","","",2,"ตัว",,"",0.00
"","","","032-06011","SAMSON S-2 WAY CROSSOVER","","","","","",1,"เครื่อง",,"",0.00
"","","","032-14007-PAK","SAMSON C01U USB CONDENSWR MIC. PACK","","","","","",2,"ชุด",,"",0.00
"","","","032-14014","SAMSON VR-88 RIBBON MICROPHONE","","","","","",1,"ตัว",,"",0.00
"","","","032-15005-SET","SAMSON VP1 PACK ( R21+สาย+ขาตั้งตรง )","","","","","",1,"ชุด",,"",0.00
"","","","038-03008","WHARFEDALE SPEAKER PROGRAM 50","","","","","",1,"คู่",,"",0.00
"","","","038-03013","WHARFEDALE SPEAKER PB-208","","","","","",2,"ตู้",,"",0.00
"","","","038-06004","WHARFEDALE MIXER ACTION 1202","","","","","",1,"เครื่อง",,"",0.00
"","","","038-11002","WHARFEDALE QUAD STUDIO 12L PRO ACTIVE","","","","","",1,"คู่",,"",0.00
"","","","038-20029","WHARFEDALE BASS DRIVER FOR LIX-12M ( D-1","","","","","",2,"ดอก",,"",0.00
"","","","041-06001","EWI SPK CABLE NNS-1209T 5.0MM 2 CONDUCT","","","","","",207,"เมตร",,"",0.00
"","","","043-05143-IT","EPIPHONE 1959 LP STD ICE TEA BURST W/HARD CASE","","","","","",1,"ตัว",,"",0.00
"","","","043-05340-3VS","EPIPHONE LTD ED LP '70 CSTM VINT SUNBURST","","","","","",2,"ตัว",,"",0.00
"","","","043-9ASFB-BLK","GIBSON FATBOY STRAP BLACK","","","","","",1,"เส้น",,"",0.00
"","","","043-9ASSW-BLK","GIBSON SWITCH BLADE STRAP BLACK","","","","","",1,"เส้น",,"",0.00
"","","","043-9GC-R05","GIBSON MEMORY CABLE GC-R05 16 FT","","","","","",5,"เส้น",,"",0.00
"","","","044-01036","DIGITECH ISTOMP","","","","","",6,"ตัว",,"",0.00
"","","","044-02011","DIGITECH FOOT CONTROL FOR GSP PRODUCTS/CONTROL 2","","","","","",1,"เครื่อง",,"",0.00
"","","","044-03008","DIGITECH VOCALIST LIVE 5","","","","","",1,"เครื่อง",,"",0.00
"","","","046-CLOCK","STERLING CLOCK (นาฬิกาแขวน)","","","","","",9,"เรือน",,"",0.00
"","","","050-01010","DYNACOM CABLE","","","","","",86,"เมตร",,"",0.00
"","","","050-04012","CYMBAL BAG VIP","","","","","",1,"ใบ",,"",0.00
"","","","050-04021","BAG AX-3000G,TONELAB LE","","","","","",2,"ใบ",,"",0.00
"","","","050-04030-01","HEADRUSH PRIME BAG","","","","","",5,"ใบ",,"",0.00
"","","","050-04031","KORG PA BAG","","","","","",15,"ใบ",,"",0.00
"","","","050-10007","HERCULES GS-301B (ขาตั้งกีตาร์โปร่ง)","","","","","",24,"ตัว",,"",0.00
"","","","050-20001","GIBSON GIGBAG","","","","","",5,"ใบ",,"",0.00
"","","","050-20002","GIBSON TOTE BAG","","","","","",63,"ใบ",,"",0.00
"","","","050-20003","GIBSON GUITAR STRAP","","","","","",19,"เส้น",,"",0.00
"","","","050-20005","GIBSON ACCESSORY PACK","","","","","",26,"ชิ้น",,"",0.00
"","","","BS-BA144032","BLACKSTAR CB-1 SUPER FLY PADED GIGBAG","","","","","",1,"ใบ",,"",0.00
"","","","BS-BA173016","BLACKSTAR SILVERLINE STEREO DELUXE 100W","","","","","",1,"ตู้",,"",0.00
"","","","CR-C2A10X7205","CRUSH CHAMELEON E2 ASH 10X7 TOM SATIN BLUE","","","","","",2,"ใบ",,"",0.00
"","","","CR-C2A14x13205","CHAMELEON E2 ASH 14x13 TOM SATIN BLUE","","","","","",1,"ใบ",,"",0.00
"","","","CR-C2A20x18201","CHAMELEON E2 ASH 20x18 B.DRUM SATIN BLACK","","","","","",1,"ใบ",,"",0.00
"","Music Concept WT                                         ","หน้า   :       60"
"","สินค้าคงเหลือ แยกตามคลังสินค้า    ","ณ วันที่  24 พ.ค. 2569"
"","รหัสสินค้าจาก","001-01005-000     ","ถึง","VP-ADAPTOR-9V","วันที่ : 24/05/2569"
"","คลัง","","รหัสสินค้า","ชื่อสินค้า","","","","","","  จำนวน","","ราคาต่อหน่วย","","มูลค่าคงเหลือ","ยอดค้างรับ","ยอดค้างส่ง"
"","","","CR-C2A8X6201","CRUSH CHAMELEON E2 ASH 8X6 TOM SATIN BLACK","","","","","",1,"ใบ",,"",0.00
"","","","CR-CA14X13201","CRUSH CHAMELEON ASH 14x13 FL.TOM SATIN BLK","","","","","",1,"ใบ",,"",0.00
"","","","CR-CCB08x6915","CL COMPLETE BIRCH 8x6 MET ORANGE/WHIET","","","","","",1,"ใบ",,"",0.00
"","","","CR-CIB","CRUSH LUG COLOR INCERT BLACK","","","","","",158,"อัน",,"",0.00
"","","","CR-CIW","CRUSH LUG COLOR INCERT WHITE","","","","","",88,"อัน",,"",0.00
"","","","CR-CIY","CRUSH LUG COLOR INCERT YELLOW","","","","","",22,"อัน",,"",0.00
"","","","F011-0380-857","FENDER AMERICAN VINT II 63 TELE RW SURF GREEN","","","","","",1,"ตัว",,"",0.00
"","","","F011-0392-800","FD AMERICAN VINT II 72 TELE THINLINE MN 3TB","","","","","",1,"ตัว",,"",0.00
"","","","F011-0440-805","FENDER AMERICAN VINT II 77 TELE CSTM RW OWT","","","","","",1,"ตัว",,"",0.00
"","","","F011-1060-848","FD LTD RAPHAEL SAADIQ TELE RW DARK METTALLIC RED","","","","","",1,"ตัว",,"",0.00
"","","","F011-3080-700","FENDER AM PRO TELE DLX SHAW RW 3TS","","","","","",1,"ตัว",,"",0.00
"","","","F011-3900-803","FENDER AM PRO II STRAT RW 2TS","","","","","",1,"ตัว",,"",0.00
"","","","F011-3902-700","FENDER AM PRO II STRAT MN 3TSB","","","","","",1,"ตัว",,"",0.00
"","","","F011-3902-719","FENDER AM PRO II STRAT MN MIAMI BLUE","","","","","",2,"ตัว",,"",0.00
"","","","F011-3940-755","FENDER DE AM PRO II TELE RW MERCURY","","","","","",1,"ตัว",,"",0.00
"","","","F011-3942-719","FENDER AM PRO II TELE MN MIAMI BLUE","","","","","",1,"ตัว",,"",0.00
"","","","F011-4912-302","FENDER AM PERF STRAT MN SATIN LPB","","","","","",1,"ตัว",,"",0.00
"","","","F011-4940-375","FENDER AM PRO CLSC STRAT RW FADED DAKOTA RED","","","","","",1,"ตัว",,"",0.00
"","","","F011-4942-384","FENDER AM PRO CLSC STRAT MN FADED FIREMIST GOLD","","","","","",1,"ตัว",,"",0.00
"","","","F011-4952-322","FENDER AM PRO CLSC STRAT HSS MN FADED BLACK","","","","","",1,"ตัว",,"",0.00
"","","","F011-4980-300","FENDER AM PRO JAZZMASTER RW 3TS","","","","","",1,"ตัว",,"",0.00
"","","","F011-5110-372","FENDER AM PERF TELE RW SATIN SONIC BLUE","","","","","",1,"ตัว",,"",0.00
"","","","F011-5112-341","FENDER AM PERF TELE MN VINTAGE WHITE","","","","","",1,"ตัว",,"",0.00
"","","","F011-5122-300","FENDER AM PERF TELE HUM MN 3TSB","","","","","",1,"ตัว",,"",0.00
"","","","F011-5210-302","FENDER AM PERF JAZZMASTER RW LPB","","","","","",1,"ตัว",,"",0.00
"","","","F011-5210-384","FENDER AM PERF JAZZMASTER RW PENNY","","","","","",2,"ตัว",,"",0.00
"","","","F011-5300-706","FENDER JIM ROOT JAZZMASTER BLACK","","","","","",1,"ตัว",,"",0.00
"","","","F011-5610-839","FENDER MICHAEL LANDAU STRAT COMA RED","","","","","",2,"ตัว",,"",0.00
"","","","F011-7602-843","FENDER ERIC CLAPTON STRAT PEWTER","","","","","",1,"ตัว",,"",0.00
"","","","F011-8072-791","FENDER ULTRA LUXE STRAT HSS FR MN SILVERBURST","","","","","",1,"ตัว",,"",0.00
"","","","F011-9172-799","FENDER AM ULTRA II TELE MN SINISTER RED","","","","","",1,"ตัว",,"",0.00
"","","","F011-9181-712","FENDER AM ULTRA II METEORA EB ULTRABURST","","","","","",1,"ตัว",,"",0.00
"","","","F011-9181-790","FENDER AM ULTRA II METEORA EB TEXAS TEA","","","","","",1,"ตัว",,"",0.00
"","","","F013-1803-300","FENDER 60'S JAZZ BASS PF 3TS W/GIGBAG","","","","","",1,"ตัว",,"",0.00
"","","","F013-8410-701","FD MIKE DIRNT ROADWORDN P BASS RW WHITE BLONE","","","","","",1,"ตัว",,"",0.00
"","Music Concept WT                                         ","หน้า   :       61"
"","สินค้าคงเหลือ แยกตามคลังสินค้า    ","ณ วันที่  24 พ.ค. 2569"
"","รหัสสินค้าจาก","001-01005-000     ","ถึง","VP-ADAPTOR-9V","วันที่ : 24/05/2569"
"","คลัง","","รหัสสินค้า","ชื่อสินค้า","","","","","","  จำนวน","","ราคาต่อหน่วย","","มูลค่าคงเหลือ","ยอดค้างรับ","ยอดค้างส่ง"
"","","","F014-0226-759","FENDER 60 ANNI. ROADWORN 60S J BASS PF FIREMIST SI","","","","","",1,"ตัว",,"",0.00
"","","","F014-0262-326","FENDER J MASCIS TELE MN SPARKLE BLUE","","","","","",1,"ตัว",,"",0.00
"","","","F014-0310-783","FENDER CRISSIE HYNDE TELE RW ICE METTALIC BLUE","","","","","",1,"ตัว",,"",0.00
"","","","F014-0311-075","FENDER LTD PLAYER STRAT MN ELECTRON GREEN","","","","","",1,"ตัว",,"",0.00
"","","","F014-0462-561","FENDER PLAYER II MUSTANG MN HIALEAH YELLOW","","","","","",1,"ตัว",,"",0.00
"","","","F014-0482-558","FENDER PLAYER II J BASS MN CORAL RED","","","","","",1,"ตัว",,"",0.00
"","","","F014-0510-515","FENDER PLAYER II STRAT RW POLARWHITE","","","","","",1,"ตัว",,"",0.00
"","","","F014-0512-518","FENDER PLAYER II STRAT MN AQUATONE BLUE","","","","","",1,"ตัว",,"",0.00
"","","","F014-0512-545","FENDER PLAYER II STRAT MN TRANS. MOCHA BURST","","","","","",1,"ตัว",,"",0.00
"","","","F014-0540-500","FENDER PLAYER II STRAT HSS RW 3TS","","","","","",1,"ตัว",,"",0.00
"","","","F014-0542-561","FENDER PLAYER II STRAT HSS MN HIALEAH YELLOW","","","","","",1,"ตัว",,"",0.00
"","","","F014-0550-501","FENDER PLAYER II TELE RW WHITE BLONDE","","","","","",1,"ตัว",,"",0.00
"","","","F014-0590-565","FENDER PLAYER II JAZZMASTER RW BIRCH GREEN","","","","","",1,"ตัว",,"",0.00
"","","","F014-0913-303","FENDER NOVENTA TELE PF 2TSB","","","","","",1,"ตัว",,"",0.00
"","","","F014-1050-340","FENDER COBAIN JAG-STANG RW FIESTA RED LH","","","","","",1,"ตัว",,"",0.00
"","","","F014-1332-321","FENDER BEN GIBBARD MUSTANG MBN NATURAL","","","","","",1,"ตัว",,"",0.00
"","","","F014-1512-515","FD DE PLAYER II STRAT MN MH POLARWHITE","","","","","",1,"ตัว",,"",0.00
"","","","F014-4042-572","FENDER MUSTANG MN SONIC BLUE","","","","","",1,"ตัว",,"",0.00
"","","","F014-4060-306","FENDER JMJ MUSTANG BASS RW BLACK","","","","","",1,"ตัว",,"",0.00
"","","","F014-4060-390","FENDER JMJ MUSTANG BASS RW FADE DPB","","","","","",1,"ตัว",,"",0.00
"","","","F014-4502-500","FENDER PLAYER STRAT MN 3TS","","","","","",1,"ตัว",,"",0.00
"","","","F014-4503-503","FENDER PLAYER STRAT PF 2TS","","","","","",1,"ตัว",,"",0.00
"","","","F014-5212-506","FENDER PLAYER TELE MN BLACK","","","","","",1,"ตัว",,"",0.00
"","","","F014-5310-700","FENDER MIKE MCCREADY STRAT RW 3TS","","","","","",1,"ตัว",,"",0.00
"","","","F014-5902-317","FENDER BRAD PAISLEY RDWN TELE MN SLV SPKL","","","","","",1,"ตัว",,"",0.00
"","","","F014-6303-500","FENDER PLAYER JAGUAR PF 3TS","","","","","",1,"ตัว",,"",0.00
"","","","F014-6303-513","FENDER PLAYER JAGUAR PF TIDEPOOL","","","","","",1,"ตัว",,"",0.00
"","","","F014-6902-598","FENDER DE PLAYER JAZZMASTER PF OLIVE GREEN","","","","","",1,"ตัว",,"",0.00
"","","","F014-7392-300","FENDER PLAYER PLUS ACT METORA BASS MN 3TSB","","","","","",1,"ตัว",,"",0.00
"","","","F014-7393-395","FENDER PLAYER PLUS ACT METORA BASS PF OPAL SPARK","","","","","",1,"ตัว",,"",0.00
"","","","F014-7492-310","FENDER PLAYER II MOD P BASS MN DUSK","","","","","",2,"ตัว",,"",0.00
"","","","F014-7492-360","FENDER PLAYER II MOD P BASS MN SUNSHINE YELLOW","","","","","",1,"ตัว",,"",0.00
"","","","F014-7520-399","FD PLAYER II MOD J BASS RW HARVEST GRN METTALIC","","","","","",1,"ตัว",,"",0.00
"","","","F014-7522-335","FD PLAYER II MOD J BASS MN ELLECTRIC BLUE","","","","","",1,"ตัว",,"",0.00
"","","","F014-8020-304","FENDER LTD TOM DELONGE STRAT RW DAPHNE BLUE","","","","","",1,"ตัว",,"",0.00
"","Music Concept WT                                         ","หน้า   :       62"
"","สินค้าคงเหลือ แยกตามคลังสินค้า    ","ณ วันที่  24 พ.ค. 2569"
"","รหัสสินค้าจาก","001-01005-000     ","ถึง","VP-ADAPTOR-9V","วันที่ : 24/05/2569"
"","คลัง","","รหัสสินค้า","ชื่อสินค้า","","","","","","  จำนวน","","ราคาต่อหน่วย","","มูลค่าคงเหลือ","ยอดค้างรับ","ยอดค้างส่ง"
"","","","F014-8020-306","FENDER LTD TOM DELONGE STRAT RW BLACK","","","","","",1,"ตัว",,"",0.00
"","","","F014-9030-357","FENDER VINT II 70S STRAT RW SURF GREEN","","","","","",2,"ตัว",,"",0.00
"","","","F014-9130-339","FD VINT II 70S MUSTANG RW COMPETITION ORANGE","","","","","",2,"ตัว",,"",0.00
"","","","F014-9633-300","FENDER VINTERA 60'S JAZZ BASS PF 3TS","","","","","",1,"ตัว",,"",0.00
"","","","F014-9723-340","FENDER VINTERA 70'S TELE CUSTOM PF FRD","","","","","",1,"ตัว",,"",0.00
"","","","F014-9802-506","FENDER PLAYER P.BASS MN BLACK","","","","","",1,"ตัว",,"",0.00
"","","","F014-9803-500","FENDER PLAYER P.BASS PF 3TS","","","","","",2,"ตัว",,"",0.00
"","","","F014-9933-515","FENDER PLAYER JAZZ BASS FRETLESS PF POLARWHITE","","","","","",1,"ตัว",,"",0.00
"","","","F014-9983-357","FENDER VINTERA 60 STRAT PF SURF GREEN","","","","","",1,"ตัว",,"",0.00
"","","","F017-0271-830","FENDER SUONA THINLINE STRAT EB VIOLINBURST","","","","","",1,"ตัว",,"",0.00
"","","","F017-0281-830","FENDER SUONA THINLINE TELE EB VIOLINBURST","","","","","",1,"ตัว",,"",0.00
"","","","F017-0532-801","FENDER 70TH ANNIV. ESQUIRE MN WHITE BLONDE","","","","","",1,"ตัว",,"",0.00
"","","","F017-0532-857","FENDER 70TH ANNIV. ESQUIRE MN SURF GREEN","","","","","",1,"ตัว",,"",0.00
"","","","F017-3900-756","FENDER DE AM PRO II STRAT RW SHELL PINK","","","","","",1,"ตัว",,"",0.00
"","","","F017-3900-757","FENDER DE AM PRO II STRAT RW SURF GREEN MHC","","","","","",1,"ตัว",,"",0.00
"","","","F017-6010-757","FENDER JAZZ TELE RW SURF GREEN","","","","","",1,"ตัว",,"",0.00
"","","","F017-7000-864","FENDER 70TH ANNIV. AM PRO II STRAT RW COM","","","","","",1,"ตัว",,"",0.00
"","","","F019-0085-802","FENDER T. FRANKLIN P BASS FRETLESS LAKE PLACID BLU","","","","","",1,"ตัว",,"",0.00
"","","","F019-3930-755","FENDER AM PRO II P BASS RW MERCURY","","","","","",1,"ตัว",,"",0.00
"","","","F025-1802-303","FD JV MODIFIED 50 STRAT HSS MN 2-COLOR SUNBURST","","","","","",1,"ตัว",,"",0.00
"","","","F026-2360-557","FD DELONGE STARCASTER RW SURF GREEN","","","","","",1,"ตัว",,"",0.00
"","","","F026-6020-560","FENDER STD TELE MN WPG AQUA MARINE METTALIC","","","","","",1,"ตัว",,"",0.00
"","","","F026-6240-500","FENDER STD STRAT LRL WPG 3TS","","","","","",1,"ตัว",,"",0.00
"","","","F026-6240-560","FENDER STD STRAT LRL WPG AQUA MARINE METTALIC","","","","","",1,"ตัว",,"",0.00
"","","","F026-6420-560","FENDER STD STRAT HSS MN WPG AQUA MARINE METTALIC","","","","","",1,"ตัว",,"",0.00
"","","","F026-6840-500","FENDER STD J BASS LRL WPG 3TS","","","","","",1,"ตัว",,"",0.00
"","","","F026-6840-505","FENDER STD J BASS LRL WPG OLYMPIC WHITE","","","","","",1,"ตัว",,"",0.00
"","","","F032-0327-510","SQ CONT STRAT 2H RVS RW FLAT BLACK","","","","","",1,"ตัว",,"",0.00
"","","","F037-0001-532","SQUIER BULLET STRAT TREM BSB","","","","","",1,"ตัว",,"",0.00
"","","","F037-0045-506","SQUIER BULLET TELE LRL BLACK","","","","","",1,"ตัว",,"",0.00
"","","","F037-0045-532","SQUIER BULLET TELE LRL SUNBURST","","","","","",2,"ตัว",,"",0.00
"","","","F037-0125-505","SQ MINI JAZZMASTER HH MN OLYMPIC WHITE","","","","","",2,"ตัว",,"",0.00
"","","","F037-0230-536","SQ CONT STRAT SPCL RMN BPG SKY BURST METTALIC","","","","","",1,"ตัว",,"",0.00
"","","","F037-0327-505","SQUIER CONT STRAT 2H RVS RW OLYMPIC WHITE","","","","","",2,"ตัว",,"",0.00
"","","","F037-0470-549","SQ CONT ACT STARCASTER MN SURF PEART","","","","","",2,"ตัว",,"",0.00
"","Music Concept WT                                         ","หน้า   :       63"
"","สินค้าคงเหลือ แยกตามคลังสินค้า    ","ณ วันที่  24 พ.ค. 2569"
"","รหัสสินค้าจาก","001-01005-000     ","ถึง","VP-ADAPTOR-9V","วันที่ : 24/05/2569"
"","คลัง","","รหัสสินค้า","ชื่อสินค้า","","","","","","  จำนวน","","ราคาต่อหน่วย","","มูลค่าคงเหลือ","ยอดค้างรับ","ยอดค้างส่ง"
"","","","F037-0470-583","SQ CONT ACT STARCASTER MN IBM","","","","","",1,"ตัว",,"",0.00
"","","","F037-0590-500","SQ AFFINTY STARCASTER MN 3TS","","","","","",1,"ตัว",,"",0.00
"","","","F037-1220-548","SQUIER BULLET MUSTANG HH LRL SONIC GREY","","","","","",1,"ตัว",,"",0.00
"","","","F037-3202-503","SQ FSR SONIC STRAT HSS MN WHT PG 2TS","","","","","",1,"ตัว",,"",0.00
"","","","F037-3553-580","SQ SONIC ESQUIRE H MN BPG ARTIC WHITE","","","","","",1,"ตัว",,"",0.00
"","","","F037-3652-558","SQ SONIC MUSTANG MN WPG TORINO RED","","","","","",1,"ตัว",,"",0.00
"","","","F037-3702-572","SQ FSR SONIC MUSTANG HH MN WPG SONIC BLUE","","","","","",1,"ตัว",,"",0.00
"","","","F037-3800-506","SQ SONIC BRONCO BASS LRL WPG BLACK","","","","","",3,"ตัว",,"",0.00
"","","","F037-3802-511","SQ SONIC BRONCO BASS MN WPG TAHITIAN CORAL","","","","","",1,"ตัว",,"",0.00
"","","","F037-3802-580","SQ SONIC BRONCO BASS MN WPG ARTIC WHITE","","","","","",1,"ตัว",,"",0.00
"","","","F037-4020-501","SQ CLASSIC VIBE 70'S STRAT LRL OWT","","","","","",2,"ตัว",,"",0.00
"","","","F037-4500-501","SQ CLASSIC VIBE 50 P-BASS MN WHT BLONDE","","","","","",1,"ตัว",,"",0.00
"","","","F037-4510-500","SQ CLASSIC VIBE 60'S P-BASS LRL 3TS","","","","","",1,"ตัว",,"",0.00
"","","","F037-4510-505","SQ CLASSIC VIBE 60'S P-BASS LRL OWT","","","","","",1,"ตัว",,"",0.00
"","","","F037-4520-506","SQ CLASSIC VIBE 70 P-BASS MN BLACK","","","","","",2,"ตัว",,"",0.00
"","","","F037-4540-500","SQ CLASSIC VIBE 70S J BASS MN 3TS","","","","","",2,"ตัว",,"",0.00
"","","","F037-7007-554","SQ FSR PARANORMAL OFFSET TELE SH LRL DAKOTA RED","","","","","",1,"ตัว",,"",0.00
"","","","F037-7030-557","SQ PAPANORMAL BAR CAB TELE SURF GREEN","","","","","",1,"ตัว",,"",0.00
"","","","F037-8051-569","SQ AFFINITY STRAT HH LRL CHARCOAL FROST METTALIC","","","","","",1,"ตัว",,"",0.00
"","","","F037-8182-523","SQ FSR AFFINITY STRAT JR HSS MN BPG PEARL WHT","","","","","",1,"ตัว",,"",0.00
"","","","F037-8251-965","SQ FSR AFFIN TELE DLX LRL BPG BHW MH METTALIC BLK","","","","","",1,"ตัว",,"",0.00
"","","","F037-8503-506","SQ AFFINITY JAG BASS H MN BLACK","","","","","",1,"ตัว",,"",0.00
"","","","F037-8551-502","SQ AFFINITY PJ BASS BLK PG LRL PLACID BLUE","","","","","",1,"ตัว",,"",0.00
"","","","F037-8603-506","SQ AFFINITY J BASS BLK PG MN BLACK","","","","","",1,"ตัว",,"",0.00
"","","","F037-9102-970","SQ LTD HELLO KITTY STRAT MN PINK W/GIGBAG","","","","","",1,"ตัว",,"",0.00
"","","","F037-9501-507","SQ 40TH ANNIV VINT. TELE MN SATIN VINT BLONDE","","","","","",1,"ตัว",,"",0.00
"","","","F037-9501-554","SQ 40TH ANNIV VINT. TELE MN SATIN DAKOTA RED","","","","","",2,"ตัว",,"",0.00
"","","","F037-9510-549","SQ 40TH ANNIV VINT. STRAT MN SATIN SEAFORM GREEN","","","","","",1,"ตัว",,"",0.00
"","","","F037-9511-503","SQ 40TH ANNIV VINT. STRAT MN SATIN WILD 2TS","","","","","",1,"ตัว",,"",0.00
"","","","F037-9600-503","SQUIER DEBUT STRAT LRL WPG 2TS","","","","","",1,"ตัว",,"",0.00
"","","","F037-9670-554","SQUIER DEBUT TELE LRL WPG DAKOTA RED","","","","","",2,"ตัว",,"",0.00
"","","","F069-4506-900","FENDER PASSPORT STUDIO","","","","","",1,"ชุด",,"",0.00
"","","","F097-0113-006","FENDER ACOUSTIC CD-60SCE DREAD BLACK","","","","","",2,"ตัว",,"",0.00
"","","","F097-0264-306","FENDER CN-140SCE CLASSIC BLACK","","","","","",1,"ตัว",,"",0.00
"","","","F097-0293-321","FD CD-140 SCE DREAD 12 STRING NAT W/CASE","","","","","",2,"ตัว",,"",0.00
"","Music Concept WT                                         ","หน้า   :       64"
"","สินค้าคงเหลือ แยกตามคลังสินค้า    ","ณ วันที่  24 พ.ค. 2569"
"","รหัสสินค้าจาก","001-01005-000     ","ถึง","VP-ADAPTOR-9V","วันที่ : 24/05/2569"
"","คลัง","","รหัสสินค้า","ชื่อสินค้า","","","","","","  จำนวน","","ราคาต่อหน่วย","","มูลค่าคงเหลือ","ยอดค้างรับ","ยอดค้างส่ง"
"","","","F097-0310-303","FENDER PD-220E DREAD 3-COLOUR VINT.SUNBURST","","","","","",2,"ตัว",,"",0.00
"","","","F097-0722-521","FENDER MALIBU PLAYER NATURAL","","","","","",1,"ตัว",,"",0.00
"","","","F097-1113-221","FENDER FA-125CE DREAD NATURAL WN","","","","","",1,"ตัว",,"",0.00
"","","","F097-2018-238","FENDER AM ACOUSTASONIC TELE CRIMSON RED","","","","","",1,"ตัว",,"",0.00
"","","","F097-2023-200","FENDER AM ACOUSTASONIC STRAT EB 3TSB W/ BAG","","","","","",1,"ตัว",,"",0.00
"","","","F097-2023-272","FENDER AM ACOUSTASONIC STRAT EB SONIC BLUE W/ BAG","","","","","",1,"ตัว",,"",0.00
"","","","F097-2033-137","FENDER ACOUSTASONIC JAZZMASTER EB MAHOGANY","","","","","",1,"ตัว",,"",0.00
"","","","F097-2233-183","FD ACOUSTASONIC PLAYER JAZZMASTER ICE BLUE","","","","","",1,"ตัว",,"",0.00
"","","","F097-2512-122","FD HIGHWAY DREAD RW MAHOGANY W/GIGBAG","","","","","",1,"ตัว",,"",0.00
"","","","F097-2522-121","FD HIGHWAY PARLOR RW NATURAL W/GIGBAG","","","","","",1,"ตัว",,"",0.00
"","","","F097-2713-506","FENDER FA-125CE DREAD BLACK","","","","","",1,"ตัว",,"",0.00
"","","","F097-4010-521","FENDER CA DEBUT REDONDO CE NATURAL","","","","","",1,"ตัว",,"",0.00
"","","","F098-0351-029","FENDER ORIGINAL CAMOUFLAGE TOWER","","","","","",38,"ผืน",,"",0.00
"","","","F099-0649-028","FENDER CANVAS TOTE WITH PATCH BROWN","","","","","",2,"ใบ",,"",0.00
"","","","F099-1017-506","FENDER CLASSIC SRS CASE STAND 7 BLACK","","","","","",2,"ใบ",,"",0.00
"","","","F099-1023-506","FENDER CLASSIC SRS CASE STAND 3 BLACK","","","","","",2,"ใบ",,"",0.00
"","","","F099-1084-003","FD PROF PEDAL BOARD LARGE W/BAG","","","","","",1,"ตัว",,"",0.00
"","","","F099-1816-000","FENDER STANDARD DOUBLE GUITAR STAND","","","","","",1,"ชุด",,"",0.00
"","","","F099-5000-300","FENDER GUITAR DISPLAY CASE TWEED","","","","","",1,"ใบ",,"",0.00
"","","","F099-5000-306","FENDER GUITAR DISPLAY CASE BLACK","","","","","",1,"ใบ",,"",0.00
"","","","F099-5526-106","JACKSON LOGO BEANIE BLK OSFA (หมวกไหมพรม)","","","","","",1,"ใบ",,"",0.00
"","","","F099-6101-406","FENDER CASE BLACK TWEED STRAT/TELE","","","","","",1,"ใบ",,"",0.00
"","","","F099-6102-406","FENDER CASE DLX STRAT/TELE BLACK/ORANGE","","","","","",1,"ใบ",,"",0.00
"","","","F099-6106-314","FENDER WRANGLER DENIM CASE INDIGO","","","","","",1,"ใบ",,"",0.00
"","","","F099-6106-501","FENDER TWEED PEDALBAORD CASE S","","","","","",1,"ใบ",,"",0.00
"","","","F099-6108-422","FENDER CASE DLX STRAT/TELE BROWN","","","","","",1,"ใบ",,"",0.00
"","","","F099-6122-406","FENDER TEE SHO-BUD PEDAL STEEL BLK (M)","","","","","",1,"ตัว",,"",0.00
"","","","F099-6122-506","FENDER TEE SHO-BUD PEDAL STEEL BLK (L)","","","","","",1,"ตัว",,"",0.00
"","","","F099-6126-306","FENDER CLSC SRS CASE MUSTANG/DUO SONIC BLACK","","","","","",1,"ใบ",,"",0.00
"","","","F099-6172-406","FENDER CASE DELUXE J BASS BLACK","","","","","",1,"ใบ",,"",0.00
"","","","F099-6234-306","FENDER CASE STD MANDOLIN BLACK","","","","","",1,"ใบ",,"",0.00
"","","","F151-0054-803","FENDER 1954 HVY REL STRAT 2TSB","","","","","",1,"ตัว",,"",0.00
"","","","F216-4006-000","FENDER AMP. MACHETE 50 HEAD","","","","","",1,"เครื่อง",,"",0.00
"","","","F223-2206-000","FENDER AMP.BLUES DELUXE","","","","","",2,"ตู้",,"",0.00
"","","","F224-7008-020","FENDER AMP. BASS RUMBLE 2x8 CABINET","","","","","",1,"ตู้",,"",0.00
"","Music Concept WT                                         ","หน้า   :       65"
"","สินค้าคงเหลือ แยกตามคลังสินค้า    ","ณ วันที่  24 พ.ค. 2569"
"","รหัสสินค้าจาก","001-01005-000     ","ถึง","VP-ADAPTOR-9V","วันที่ : 24/05/2569"
"","คลัง","","รหัสสินค้า","ชื่อสินค้า","","","","","","  จำนวน","","ราคาต่อหน่วย","","มูลค่าคงเหลือ","ยอดค้างรับ","ยอดค้างส่ง"
"","","","F224-9606-000","FENDER AMP.BASSMAN 500 HEAD","","","","","",1,"ตู้",,"",0.00
"","","","F224-9706-000","FENDER AMP BASSMAN HEAD","","","","","",1,"ตู้",,"",0.00
"","","","F225-4006-010","EVH 5150 2x12 TOBE COMBO BLACK","","","","","",1,"ตู้",,"",0.00
"","","","F225-4006-410","EVH 5150 III 2X12 TUBE COMBO IVORY","","","","","",1,"ตู้",,"",0.00
"","","","F226-5006-000","FENDER AMP. BASSBREAKER 45 COMBO","","","","","",1,"ตู้",,"",0.00
"","","","F226-7000-000","FENDER AMP.BASSBREAKER 112 ENCL","","","","","",1,"ตู้",,"",0.00
"","","","F227-3006-000","FENDER AMP.68 CUSTOM TWIN REVERB","","","","","",1,"ตู้",,"",0.00
"","","","F227-4306-000","FENDER TONE MASTER SUPER REVERB","","","","","",1,"ตัว",,"",0.00
"","","","F227-4906-000","FENDER MULTI EFFECT TONEMASTER PRO","","","","","",2,"เครื่อง",,"",0.00
"","","","F231-5806-920","FENDER AMP.BASS RUMBEL 150 HEAD","","","","","",1,"เครื่อง",,"",0.00
"","","","F237-0506-900","FENDER AMP. BASS RUMBLE 200 V3","","","","","",2,"ตู้",,"",0.00
"","","","F240-0700-878","GRESTCH G6609TFM BROADKASTER CNTR BLK DB BOURBON S","","","","","",1,"ตัว",,"",0.00
"","","","F250-8200-579","GR G5622T EMTC CB DC SINGLE IMPERIAL SATIN BIGSBY","","","","","",1,"ตัว",,"",0.00
"","","","F250-9700-546","GR G5655TG  EMTC CB JR CARDILLAC GREEN W/BIGSBY","","","","","",1,"ตัว",,"",0.00
"","","","F251-4730-526","GR G2220 EMTC JR JET BASS II BRISTOL FOG","","","","","",1,"ตัว",,"",0.00
"","","","F251-4840-548","GR FSR EMTC JR JET BASS SHORT SCALE BDW","","","","","",1,"ตัว",,"",0.00
"","","","F270-5601-537","GRESTCH G9511 STYLE 1 SPR SB GLS","","","","","",1,"ตัว",,"",0.00
"","","","F280-2601-825","JACKSON AMERICAN SRS SL3 SATIN SLIME GRN","","","","","",1,"ตัว",,"",0.00
"","","","F280-2601-890","JACKSON AMERICAN SRS SL3 RIVIERA BLUE","","","","","",1,"ตัว",,"",0.00
"","","","F280-6200-508","GRESTCH G2622 STRML CNTR BLOCK DOUBLE CUT OCEAN TU","","","","","",1,"ตัว",,"",0.00
"","","","F290-4009-274","JACKSON DKRA MAH BLACK ASH","","","","","",1,"ตัว",,"",0.00
"","","","F290-4009-276","JACKSON DKRA SNOW WHITE","","","","","",1,"ตัว",,"",0.00
"","","","F291-0023-520","JACKSON DK2XR HH MATTE ARMY DRAB","","","","","",2,"ตัว",,"",0.00
"","","","F291-0113-586","JACKSON JS32Q DINKY ARCH AH FB TRANS BLUE","","","","","",1,"ตัว",,"",0.00
"","","","F291-0114-568","JACKSON JS32-8 DINKY ARCH AH FB SATIN BLACK","","","","","",1,"ตัว",,"",0.00
"","","","F291-0121-557","JACKSON JS22 DINKY ARCH AH FB NAT OIL","","","","","",1,"ตัว",,"",0.00
"","","","F291-0128-590","JACKSON JS32TQ DINKY ARCH AH FB TRANS RED","","","","","",1,"ตัว",,"",0.00
"","","","F291-0148-522","JACKSON JS32 DINKY ARCH AH FB BRIGHT BLUE","","","","","",1,"ตัว",,"",0.00
"","","","F291-0148-580","JACKSON JS32 DINKY ARCH AH FB NEON ORANGE","","","","","",1,"ตัว",,"",0.00
"","","","F291-0224-568","JACKSON JS22 DINKY ARCH AH FB SATIN BLK","","","","","",2,"ตัว",,"",0.00
"","","","F291-4337-576","JACKSON PRO SL7A HT UNICORN WHITE","","","","","",1,"ตัว",,"",0.00
"","","","F291-8329-557","JACKSON LTD WILDCART SERIES SL2EX BLUE SPARKLE","","","","","",1,"ตัว",,"",0.00
"","","","F291-9904-503","JACKSON JS3 SPECTRA IV GLOSS BLACK","","","","","",1,"ตัว",,"",0.00
"","","","F291-9904-549","JACKSON X SERIES SL4XDX SPECIFIC OCEAN","","","","","",2,"ตัว",,"",0.00
"","","","F292-5414-588","CHARVEL MJ SRS GUTHRIE GOVAN SIG SD 24 3TBURST","","","","","",1,"ตัว",,"",0.00
"","Music Concept WT                                         ","หน้า   :       66"
"","สินค้าคงเหลือ แยกตามคลังสินค้า    ","ณ วันที่  24 พ.ค. 2569"
"","รหัสสินค้าจาก","001-01005-000     ","ถึง","VP-ADAPTOR-9V","วันที่ : 24/05/2569"
"","คลัง","","รหัสสินค้า","ชื่อสินค้า","","","","","","  จำนวน","","ราคาต่อหน่วย","","มูลค่าคงเหลือ","ยอดค้างรับ","ยอดค้างส่ง"
"","","","F292-9413-862","CHARVEL MJ SRS #RICK GRAM SIG DK24 2PT CELESTE","","","","","",1,"ตัว",,"",0.00
"","","","F296-5801-876","CHARVEL PM SD1 JIM ROOT SIGN. HH FR EB SATIN WHITE","","","","","",1,"ตัว",,"",0.00
"","","","F299-8785-000","JACKSON TRUCKER HAT BLACK (หมวก)","","","","","",3,"ใบ",,"",0.00
"","","","F531-2100-361","FENDER LTD STARMASTER RW JUPITER BLUE JP-24","","","","","",1,"ตัว",,"",0.00
"","","","F531-2200-381","FENDER LTD KUSUMI COL TELE THIN RW GREEN JP-24","","","","","",1,"ตัว",,"",0.00
"","","","F531-3600-380","FENDER LTD J BASS RW BLANC JP-25","","","","","",1,"ตัว",,"",0.00
"","","","F536-0102-350","FENDER TRAD II 50S TELE MN WHITE BUTTERSCOTCH","","","","","",1,"ตัว",,"",0.00
"","","","F536-1102-303","FENDER TRAD II 50S STRAT MN 2TS","","","","","",1,"ตัว",,"",0.00
"","","","F536-1200-300","FENDER TRAD II 60S STRAT RW 3TS","","","","","",1,"ตัว",,"",0.00
"","","","F537-1102-303","FENDER HERITAGE 50S STRAT MN 2TS","","","","","",1,"ตัว",,"",0.00
"","","","F537-1300-321","FENDER HERITAGE 70S STRAT RW NATURAL","","","","","",1,"ตัว",,"",0.00
"","","","F538-1200-399","FENDER 2025 TRAD II 60S STRAT RW STARDUSK BLUE","","","","","",1,"ตัว",,"",0.00
"","","","F560-0602-302","FD TAKASHI KATO STRAT RW-LAKE PLACID BLUE","","","","","",1,"ตัว",,"",0.00
"","","","F560-0900-305","FENDER HAMA OKAMOTO KATANA BASS OLYMPIC WHITE","","","","","",1,"ตัว",,"",0.00
"","","","F560-0900-306","FENDER HAMA OKAMOTO KATANA BASS BLACK","","","","","",1,"ตัว",,"",0.00
"","","","F560-0900-356","FENDER HAMA OKAMOTO KATANA BASS SHELL PINK","","","","","",1,"ตัว",,"",0.00
"","","","F560-1202-380","FENDER SCANDAL HARUNA TELE MN ARTIC WHITE BOOST","","","","","",1,"ตัว",,"",0.00
"","","","F563-0100-304","FD FSR COLL HYBRID II TELE RW DOM ASIA-23","","","","","",1,"ตัว",,"",0.00
"","","","F563-1102-350","FENDER LTD STRAT MN BLUE FLOWER JP-24","","","","","",1,"ตัว",,"",0.00
"","","","F563-1110-347","FENDER FSR HYBRID II STRAT RW SSB ASIA-24","","","","","",1,"ตัว",,"",0.00
"","","","F564-0100-347","FENDER LTD INTL COLOR TELE RW SIENNA BURST","","","","","",1,"ตัว",,"",0.00
"","","","F564-0100-383","FENDER LTD INTL COLOR TELE RW MAUI BLUE","","","","","",1,"ตัว",,"",0.00
"","","","F564-1102-383","FENDER LTD INTL COLOR STRAT MN MAUI BLUE","","","","","",1,"ตัว",,"",0.00
"","","","F564-2100-347","FENDER LTD INTL COLOR J BASS RW SIENNA BURST","","","","","",1,"ตัว",,"",0.00
"","","","F565-4400-303","FENDER O-LARN STRAT 2TSB","","","","","",2,"ตัว",,"",0.00
"","","","F565-4400-320","FENDER O-LARN STRAT AMB","","","","","",1,"ตัว",,"",0.00
"","","","F565-4400-341","FENDER O-LARN STRAT VINTAGE WHITE","","","","","",1,"ตัว",,"",0.00
"","","","F565-9102-349","FENDER SILENT SIREN J BASS MN SURF GREEN","","","","","",1,"ตัว",,"",0.00
"","","","F568-1100-300","FENDER JUNIOR COLL. STRAT RW 3TS","","","","","",1,"ตัว",,"",0.00
"","","","F568-2100-304","FENDER JUNIOR COLL. J BASS RW SATIN DAPHNE BLUE","","","","","",2,"ตัว",,"",0.00
"","","","F568-2100-357","FENDER JUNIOR COLL. J BASS RW SATIN SURF GREEN","","","","","",1,"ตัว",,"",0.00
"","","","F569-1300-380","FENDER LTD ELEMENTAL TELE HH RW NIMBUS WHITE","","","","","",1,"ตัว",,"",0.00
"","","","F569-2500-306","FENDER LTD ELEMENTAL J BASS HH RW STONE BLACK","","","","","",1,"ตัว",,"",0.00
"","","","F694-7007-900","FENDER PASSPORT VENUE 600W PORTABLE PA","","","","","",1,"ตู้",,"",0.00
"","","","F696-1500-000","FENDER FORTIS POWER SPEAKER F-15BT 15" 2 WAY","","","","","",4,"ตู้",,"",0.00
"","Music Concept WT                                         ","หน้า   :       67"
"","สินค้าคงเหลือ แยกตามคลังสินค้า    ","ณ วันที่  24 พ.ค. 2569"
"","รหัสสินค้าจาก","001-01005-000     ","ถึง","VP-ADAPTOR-9V","วันที่ : 24/05/2569"
"","คลัง","","รหัสสินค้า","ชื่อสินค้า","","","","","","  จำนวน","","ราคาต่อหน่วย","","มูลค่าคงเหลือ","ยอดค้างรับ","ยอดค้างส่ง"
"","","","F696-2106-000","FENDER FIGHTER POWER SPEAKER 12'' 2 WAY","","","","","",1,"ตู้",,"",0.00
"","","","F811-0006-520","FENDER AMP.VIBRO KING 20TH ANNIV. BROWN","","","","","",1,"ตู้",,"",0.00
"","","","F813-0400-010","FENDER VIBRO KING 212B ENCL CABINET","","","","","",1,"ตู้",,"",0.00
"","","","F813-0400-520","FENDER AMP.VK 212B SPEAKER BROWN","","","","","",1,"ตู้",,"",0.00
"","","","F910-0323-506","FENDER BARSTOOL 24" FENDER BLACK","","","","","",1,"ตัว",,"",0.00
"","","","F912-4005-806","FENDER CUSTOM SHOP BACKPACK GREEN (เป้)","","","","","",1,"ใบ",,"",0.00
"","","","F912-5004-406","FENDER SPAGHETTI LOGO WINDBREAKER NAVY (M)","","","","","",1,"ตัว",,"",0.00
"","","","F919-0149-306","FD HELLO KITTY WHT SLEEVE LOGO HOODIE SIZE S","","","","","",1,"ตัว",,"",0.00
"","","","F919-0149-406","FD HELLO KITTY WHT SLEEVE LOGO HOODIE SIZE M","","","","","",1,"ตัว",,"",0.00
"","","","F919-0149-506","FD HELLO KITTY WHT SLEEVE LOGO HOODIE SIZE L","","","","","",3,"ตัว",,"",0.00
"","","","F919-0153-041","FENDER RING NOTEBOOK HEADSTOCK GFY","","","","","",39,"เล่ม",,"",0.00
"","","","F919-0153-057","FENDER WEST COAST LOGO MUG OWH","","","","","",5,"ใบ",,"",0.00
"","","","F919-0153-097","FENDER ORIGINAL CAMOUFLAGE CHAIR","","","","","",4,"ตัว",,"",0.00
"","","","F919-0153-184","FENDER ORIGINAL CAMOUFLAGE PACKABLE BAG","","","","","",70,"ใบ",,"",0.00
"","","","F919-0187-406","FD HELLO KITTY BLK SLEEVE LOGO HOODIE SIZE M","","","","","",2,"ตัว",,"",0.00
"","","","F919-0187-506","FD HELLO KITTY BLK SLEEVE LOGO HOODIE SIZE L","","","","","",2,"ตัว",,"",0.00
"","","","F921-5008-517","FENDER TERRY KATH TELECASTER VINT WHITE","","","","","",1,"ตัว",,"",0.00
"","","","F921-6054-001","FENDER LTD '54 STRAT HVY REL 2COLOUR SUNBURST MBPW","","","","","",1,"ตัว",,"",0.00
"","","","F921-6070-281","FENDER 57 STRAT RELIC MBDW MN CANDY APPLE RED","","","","","",1,"ตัว",,"",0.00
"","","","F921-6070-314","FENDER W23 STREETWOODS ESQUIRE MBAH","","","","","",1,"ตัว",,"",0.00
"","","","F921-6090-068","FENDER 55 TELE HVY RELIC RW OLYMPIC WHITE MBPW","","","","","",1,"ตัว",,"",0.00
"","","","F921-6095-418","FD W23 62 STRAT HVY RELIC FIRE MIST SILVER MBLP","","","","","",1,"ตัว",,"",0.00
"","","","F921-6095-481","FD 63 TELE RELIC MBLP RW BURGUNDY MIST METTALIC","","","","","",1,"ตัว",,"",0.00
"","","","F921-6095-483","FENDER 62 JAZZMASTER RW LCC IRED MBLP","","","","","",1,"ตัว",,"",0.00
"","","","F923-5001-120","FENDER LTD 70TH BROADCATER FADED NOCASTER BLONDE","","","","","",1,"ตัว",,"",0.00
"","","","F923-5001-166","FENDER 2020 60 J BASS HREL 3TSB","","","","","",1,"ตัว",,"",0.00
"","","","F923-5001-167","FENDER 2020 60 J BASS HREL OLYMPIC WHITE","","","","","",1,"ตัว",,"",0.00
"","","","F923-5001-329","FENDER PINO PALLADION P BASS RED FIESTA RED","","","","","",1,"ตัว",,"",0.00
"","","","F923-5001-591","FENDER B2 62 J BASS REL BLACK","","","","","",1,"ตัว",,"",0.00
"","","","F923-6080-420","FD '63 STRAT RW BRITISH RACING GREEN LCC","","","","","",1,"ตัว",,"",0.00
"","","","F923-6081-180","FENDER F22 LTD 60 J BASS REL TAHITIAN CORAL","","","","","",1,"ตัว",,"",0.00
"","","","F923-6081-209","FENDER B3 64 TELE REL NATURAL BLONDE","","","","","",1,"ตัว",,"",0.00
"","","","F923-6091-140","FENDER B4 LTD 70TH ANNIE 54 STRAT TCP 2TSB","","","","","",1,"ตัว",,"",0.00
"","","","MG-MPG-EF-S","MUGEN MARUE EFFECT GIG BAG SIZE S","","","","","",3,"ใบ",,"",0.00
"","","","MG-MPG-MSW-S-BK","MUGEN MARUE MUSIC WORKS GIG BAG S/BLACK","","","","","",1,"ใบ",,"",0.00
"","Music Concept WT                                         ","หน้า   :       68"
"","สินค้าคงเหลือ แยกตามคลังสินค้า    ","ณ วันที่  24 พ.ค. 2569"
"","รหัสสินค้าจาก","001-01005-000     ","ถึง","VP-ADAPTOR-9V","วันที่ : 24/05/2569"
"","คลัง","","รหัสสินค้า","ชื่อสินค้า","","","","","","  จำนวน","","ราคาต่อหน่วย","","มูลค่าคงเหลือ","ยอดค้างรับ","ยอดค้างส่ง"
"","","","NT-H-PS-ARM","NATAL DOG BONE INC MINI BOOM ARM","","","","","",1,"ชุด",,"",0.00
"","","","NT-H-PS-DTM","NATAL DOUBLE TOM MOUNT","","","","","",1,"ชุด",,"",0.00
"","","","NT-H-PS-SS","NATAL SNARE STAND PRO SERIES","","","","","",1,"ชุด",,"",0.00
"","","","NT-K-MA-UF22-BM","NATAL USFUS22 MAP SHPK BM (2 BOX)","","","","","",1,"ชุด",,"",0.00
"","","","NT-SD-C-AS26-N","NT SNARE DRUM STAVE ASH 12"X6.5" NATURAI","","","","","",1,"ใบ",,"",0.00
"","","","OS-GCB6000B","OS ELECTRIC BASS CASE BLACK","","","","","",1,"ใบ",,"",0.00
"","","","OS-GS7252B","OS DUO GUITAR STAND","","","","","",3,"ตัว",,"",0.00
"","","","OS-GS7253B-B","OS GUITAR STAND FLIP-IT DUO","","","","","",2,"ตัว",,"",0.00
"","","","OS-GS7353B-B","OS GUITAR STAND FLIP-IT TRI","","","","","",2,"ตัว",,"",0.00
"","","","OS-SS7761B","OS SPEAKER STAND ALUMINUM (เดี่ยว)","","","","","",2,"ชุด",,"",0.00
"","","","P277-7506-121","PRESONUS ERIS ES3.5 GEN 2 (คู่)","","","","","",1,"คู่",,"",0.00
"","","","P277-7506-129","PRESONUS ERIS PRO 4 (เดี่ยว)","","","","","",2,"ตัว",,"",0.00
"","","","P277-7506-130","PRESONUS ERIS PRO 6 (เดี่ยว)","","","","","",2,"ตู้",,"",0.00
"","","","P277-7700-106","PRESONUS AUDIOBOX GO","","","","","",1,"ตัว",,"",0.00
"","","","P277-7700-504","PRESONUS QUANTUM ES4","","","","","",1,"ตัว",,"",0.00
"","","","P277-7706-502","PRESONUS QUANTUM HD 8","","","","","",2,"ตัว",,"",0.00
"","","","P277-9106-102","PRESONUS AIR12 LOUDSPEAKER","","","","","",1,"ตู้",,"",0.00
"","","","SK-SD1455MA-MHAF","SAKAE SNARE MAPLE 14x5.5 MH AMBER FADE","","","","","",1,"ใบ",,"",0.00
"","","","SK-SD1465MA-MHTF","SAKAE SNARE MAPLE 14x6.5 MH TOBACCO FADE","","","","","",1,"ใบ",,"",0.00
"","","","SK-SDM1455AL","SAKAE SNARE ALUMINUM 14*5.5 (SDM1455AL)","","","","","",1,"ใบ",,"",0.00
"","","","SK-SDM1455BR","SAKAE SNARE BRASS 14x5.5 ( SDM1455BR )","","","","","",1,"ใบ",,"",0.00
"","","","SK-XDP-200D","SAKAE BASS DRUM PEDAL DOUBLE XDP-200D","","","","","",1,"ชุด",,"",0.00
"","","","SK-XDP-200S","SAKAE BASS DRUM PEDAL SINGLE XDP-200S","","","","","",1,"ชุด",,"",0.00
"","","","","","","","","","","---------------","","---------------","","---------------","---------------","---------------"
"","รวมคลัง","","06",385,"สินค้า","","","","",1348,"",,"",0.00,0,0
"","","","","","","","","","","===============","","===============","","===============","===============","==============="
"","รวมทั้งสิ้น",6,"คลัง",2344,"สินค้า","","","","",309897,"",604797.05,"",**************,316726,21844
"","","","","","","","","","","===============","","===============","","===============","===============","==============="
"",">>>>  จบรายงาน  <<<<"
