"","Music Concept WT                                         ","หน้า   :        1"
"","สินค้าคงเหลือ แยกตามคลังสินค้า    ","ณ วันที่  16 มิ.ย. 2569"
"","รหัสสินค้าจาก","001-01005-000     ","ถึง","VP-ADAPTOR-9V","วันที่ : 16/06/2569"
"","หมวดสินค้าจาก","                  ","ถึง","9999"
"","คลังสินค้าจาก","01                ","ถึง","10"
"","คลัง","","รหัสสินค้า","ชื่อสินค้า","","","","","","  จำนวน","","ราคาต่อหน่วย","","มูลค่าคงเหลือ","ยอดค้างรับ","ยอดค้างส่ง"
"","PL","","","","ล๊อตคงเหลือ","","  จำนวน","ราคาต่อหน่วย","มูลค่าในล๊อต"
"","01","คลังมิวสิกคอนเซพท์"
"","","","001-01087-095","FENDER LTD.1964 RELIC STRAT AGED V.WHITE","","","","","",1,"ตัว",,"",0.00
"","","","001-08378","FENDER CLASSICS VOLUME PEDAL","","","","","",1,"ตัว",,"",0.00
"","","","001-12130","FENDER NYLON STRING .028","","","","","",34,"เส้น",,"",0.00
"","","","001-12131","FENDER NYLON STRING .032","","","","","",34,"เส้น",,"",0.00
"","","","001-12132","FENDER NYLON STRING .040","","","","","",33,"เส้น",,"",0.00
"","","","001-13061B-8","EVH SIG PICK","","","","","",6,"ตัว",,"",0.00
"","","","001-13061B-DDT","D'ADDARIO THUMB PICK (ตัว)","","","","","",3,"ตัว",,"",0.00
"","","","001-13061B-EB","PICK ERNIE BALL (อัน)","","","","","",668,"อัน",,"",0.00
"","","","001-13061B-EBE","ERNIE BALL PICK EVERLAST (1)","","","","","",60,"ตัว",,"",0.00
"","","","001-13061B-EBP","ERNIE BALL PICK PRODIGY (1)","","","","","",1,"อัน",,"",0.00
"","","","001-13061B-FD","PICK FENDER (อัน)","","","","","",286,"อัน",,"",0.00
"","","","001-13061B-GB","PICK GIBSON (อัน)","","","","","",45,"อัน",,"",0.00
"","","","002-01089","KORG NANO BAG (POLYESTER)","","","","","",1,"ใบ",,"",0.00
"","","","002-01107-BLK","KORG NANO KEY2 BLACK","","","","","",1,"เครื่อง",,"",0.00,"          98","           4"
"","","","002-01107-FAG","KORG NANOKEY FOLD ALPHINE GREEN","","","","","",1,"เครื่อง",,"",0.00,"           1"
"","","","002-01107-FBK","KORG NANOKEY-FD BK","","","","","",1,"ตัว",,"",0.00,"          19"
"","","","002-01107-FSB","KORG NANOKEY FOLD SAND BEIGE","","","","","",1,"ตัว",,"",0.00,"           1"
"","","","002-01108-BLK","KORG NANO KONTROL2 BLACK","","","","","",3,"เครื่อง",,"",0.00,"          67"
"","","","002-01109-BLK","KORG NANO PAD2 BLACK","","","","","",2,"เครื่อง",,"",0.00,"          28"
"","","","002-01129-KIC","KORG VOLCA KICK","","","","","",4,"เครื่อง",,"",0.00,"           3"
"","","","002-01129-MIX","KORG VOLCA MIX","","","","","",2,"เครื่อง",,"",0.00,"           3"
"","","","002-01145-25A","KORG MICROKEY2 25 KEYS AIR","","","","","",1,"เครื่อง",,"",0.00,"         172","           6"
"","","","002-01145-49A","KORG MICROKEY2 49 KEYS AIR","","","","","",1,"เครื่อง",,"",0.00,"         185","           6"
"","","","002-01145-61A","KORG MICROKEY2 61 KEYS AIR","","","","","",1,"เครื่อง",,"",0.00,"         133","           2"
"","","","002-01146-XD","KORG SYNTHESIZER MINILOGUE-XD","","","","","",1,"เครื่อง",,"",0.00,"          50"
"","","","002-01146-XDM","KORG SYNTHESIZER MINILOGUE -XD MODULE","","","","","",1,"เครื่อง",,"",0.00,"          23"
"","","","002-01150-WH","KORG MINI CNTRL PLUGKEY WHITE","","","","","",2,"เครื่อง",,"",0.00
"","","","002-01151-GD","KORG SYNTHESIZER MONOLOGUE GOLD","","","","","",1,"เครื่อง",,"",0.00,"          13"
"","","","002-01151-SV","KORG SYNTHESIZER MONOLOGUE SILVER","","","","","",1,"เครื่อง",,"",0.00,"          15"
"","","","002-01155-61","KORG SYNTHESIZER KROSS-2 61 KEY","","","","","",3,"เครื่อง",,"",0.00,"         942","          11"
"","","","002-01161-AWH","KORG PIANO C1 AIR WHITE","","","","","",1,"เครื่อง",,"",0.00,"           8"
"","Music Concept WT                                         ","หน้า   :        2"
"","สินค้าคงเหลือ แยกตามคลังสินค้า    ","ณ วันที่  16 มิ.ย. 2569"
"","รหัสสินค้าจาก","001-01005-000     ","ถึง","VP-ADAPTOR-9V","วันที่ : 16/06/2569"
"","คลัง","","รหัสสินค้า","ชื่อสินค้า","","","","","","  จำนวน","","ราคาต่อหน่วย","","มูลค่าคงเหลือ","ยอดค้างรับ","ยอดค้างส่ง"
"","","","002-01163-HP","KORG D-1 WIRELESS IR HEADPHONES IS430","","","","","",1,"ชุด",,"",0.00
"","","","002-01164","KORG NANOKONTROL STUDIO","","","","","",2,"เครื่อง",,"",0.00,"          30"
"","","","002-01166-61","KORG KEYBOARD KROME-EX 61 KEY","","","","","",1,"เครื่อง",,"",0.00,"         155","           3"
"","","","002-01166-73","KORG KEYBOARD KROME-EX 73 KEY","","","","","",1,"เครื่อง",,"",0.00,"          33"
"","","","002-01167","KORG NANOKEY STUDIO","","","","","",2,"เครื่อง",,"",0.00,"          16"
"","","","002-01170-BLK","KORG DIGITAL PIANO B2 BLACK","","","","","",4,"ตัว",,"",0.00,"         201","          12"
"","","","002-01187","KORG SQUENCER SQ-64","","","","","",1,"เครื่อง",,"",0.00,"          10"
"","","","002-01188-RD","KORG RK100S 2 RED","","","","","",1,"เครื่อง",,"",0.00,"          16"
"","","","002-01194","KORG NTS-2 OSC BOOK","","","","","",1,"เครื่อง",,"",0.00,"           7"
"","","","002-01200","KORG NTS-2 OSC","","","","","",1,"เครื่อง",,"",0.00,"           7"
"","","","002-01206","KORG MPS-10 DRUM, PERCUSSION & SAMPLER PAD","","","","","",1,"เครื่อง",,"",0.00,"           4"
"","","","002-01206-MBK","KORG MICROKORG 2 BLACK","","","","","",1,"เครื่อง",,"",0.00,"           8"
"","","","002-01207","KORG EAR PHONES PIANO RECORD","","","","","",1,"ชุด",,"",0.00,"           6"
"","","","002-01209","KORG HANDY TRAXX TUBE","","","","","",1,"เครื่อง",,"",0.00,"           1"
"","","","002-01213","KORG HANDY TRAXX 1BIT","","","","","",1,"เครื่อง",,"",0.00,"           1"
"","","","002-02028","KORG KAOSSILATOR MINI","","","","","",1,"เครื่อง",,"",0.00,"           1"
"","","","002-02032","KORG KAOSS PAD QUAD","","","","","",2,"เครื่อง",,"",0.00,"           6"
"","","","002-02033","KORG KAOSSILATOR 2 (KO2)สีเหลือง","","","","","",8,"เครื่อง",,"",0.00,"          13"
"","","","002-02034","KORG MINI KAOSSPAP 2 (KP2)","","","","","",5,"เครื่อง",,"",0.00,"          19"
"","","","002-02036-BL","KORG SYNTH. MODULE ELECTRIBE 2 BLUE","","","","","",1,"เครื่อง",,"",0.00
"","","","002-02043","KORG MICRO AUDIO 022","","","","","",1,"ตัว",,"",0.00,"           1"
"","","","002-03080","VOX WAH WAH V-846 HW","","","","","",2,"ตัว",,"",0.00
"","","","002-03082","VOX LIL' LOOPER VLL-1","","","","","",8,"เครื่อง",,"",0.00,"          37"
"","","","002-03083-GTR","VOX STOMPLAB IG SL1G GUITAR","","","","","",1,"เครื่อง",,"",0.00,"           4","          16"
"","","","002-03088","VOX AMPHONES ACTIVE BASS","","","","","",1,"ชุด",,"",0.00,"          41"
"","","","002-03095","KORG EFFECTS NUVIBE VIBRATO CHORUS","","","","","",2,"เครื่อง",,"",0.00
"","","","002-03100-CD","VOX EFFECT VE COPPERHEAD DRIVE","","","","","",1,"ตัว",,"",0.00,"           3"
"","","","002-03100-CE","VOX EFFECT VE CUTTING EDGE","","","","","",1,"ตัว",,"",0.00,"           5"
"","","","002-03100-ME","VOX EFFECT VE MYSTIC EDGE","","","","","",2,"ตัว",,"",0.00,"           5"
"","","","002-03100-SD","VOX EFFECT VE SILK DRIVE","","","","","",1,"ตัว",,"",0.00,"           1"
"","","","002-03101","KORG EFFECT PEDAL HD-S","","","","","",2,"ตัว",,"",0.00,"           2"
"","","","002-03102","KORG EFFECT PEDAL TR-S","","","","","",2,"ตัว",,"",0.00,"           2"
"","","","002-03107","VOX EFFECT TREBLE BOOSTER-VTB-1","","","","","",3,"ตัว",,"",0.00,"           3"
"","","","002-05019","KORG TUNER DT-7","","","","","",1,"เครื่อง",,"",0.00
"","","","002-05045","KORG TUNER AW-2U (UKULELE)","","","","","",1,"เครื่อง",,"",0.00,"           2"
"","Music Concept WT                                         ","หน้า   :        3"
"","สินค้าคงเหลือ แยกตามคลังสินค้า    ","ณ วันที่  16 มิ.ย. 2569"
"","รหัสสินค้าจาก","001-01005-000     ","ถึง","VP-ADAPTOR-9V","วันที่ : 16/06/2569"
"","คลัง","","รหัสสินค้า","ชื่อสินค้า","","","","","","  จำนวน","","ราคาต่อหน่วย","","มูลค่าคงเหลือ","ยอดค้างรับ","ยอดค้างส่ง"
"","","","002-05054","KORG CONTACT MICROPHONE CM-200 BLACK","","","","","",3,"ตัว",,"",0.00,"          11"
"","","","002-05061","KORG ACOUSTIC TUNER RIMPITCH-C RP-C1","","","","","",5,"ตัว",,"",0.00,"          40","          10"
"","","","002-05072","KORG TUNER WDT-1 WALL DISPLAY","","","","","",1,"เครื่อง",,"",0.00
"","","","002-05082","KORG TUNER PITCHCLIP2 PC-2","","","","","",19,"เครื่อง",,"",0.00,"         511","          10"
"","","","002-05086","KORG TUNER PITCHCLIP2 PC-2+","","","","","",14,"ตัว",,"",0.00,"         878","          50"
"","","","002-05087","VOX PEDAL TUNER VXT-1","","","","","",4,"เครื่อง",,"",0.00,"           8"
"","","","002-05088","KORG TUNER PB-X-MINI","","","","","",1,"เครื่อง",,"",0.00,"         101","          20"
"","","","002-05089","KORG TUNER PB-XS","","","","","",2,"เครื่อง",,"",0.00,"          48"
"","","","002-05090","KORG TUNER OT-120","","","","","",3,"เครื่อง",,"",0.00,"          11"
"","","","002-05099","KORG TUNER PITCHBLACK PB-X","","","","","",3,"ตัว",,"",0.00,"          14"
"","","","002-05099-BL","KORG PITCHBLACK X BLUE","","","","","",2,"ตัว",,"",0.00,"           6"
"","","","002-05099-CR","KORG PITCHBLACK X CREAM","","","","","",2,"ตัว",,"",0.00,"           6"
"","","","002-05100","KORG PB-X PRO","","","","","",1,"เครื่อง",,"",0.00,"          16"
"","","","002-05114","KORG METRONOME BEATLAB BTL MINI+PAD","","","","","",2,"เครื่อง",,"",0.00
"","","","002-05118-BK","KORG PITCH STRAP TUNER PST-1 BLACK","","","","","",2,"ตัว",,"",0.00,"           5"
"","","","002-05118-GD","KORG PITCH STRAP TUNER PST-1 GOLD","","","","","",5,"ตัว",,"",0.00,"           5"
"","","","002-05118-SV","KORG PITCH STRAP TUNER PST-1 SILVER","","","","","",5,"ตัว",,"",0.00,"           9"
"","","","002-05119-BK","KORG TUNER TM-70T BLACK","","","","","",3,"ตัว",,"",0.00,"          61"
"","","","002-07003","KORG EXPRESSION PEDAL EXP-2","","","","","",1,"ตัว",,"",0.00,"          11"
"","","","002-07009","KORG DAMPER PEDAL SWITCH DS-1H","","","","","",2,"ตัว",,"",0.00,"          34","           1"
"","","","002-07014","VOX VFS-2A PEDAL SWITCH","","","","","",1,"ตัว",,"",0.00,"           4"
"","","","002-07015","KORG FOOT CONTROLLER PEDAL UNIT PU-2","","","","","",1,"ตัว",,"",0.00,"           8"
"","","","002-07016","VOX VOLUME PEDAL V860","","","","","",1,"ตัว",,"",0.00
"","","","002-07109","VOX CABLE CLASS A VGC-13 4M","","","","","",2,"เส้น",,"",0.00,"          18"
"","","","002-07110","VOX CABLE CLASS A VGC-19 6M","","","","","",3,"เส้น",,"",0.00,"          13","           1"
"","","","002-07518","KORG SOFT CASE KINGKORG & KROME 61 KEY","","","","","",1,"ใบ",,"",0.00,"          19"
"","","","002-07519","KORG SOFT CASE MS20 MINI","","","","","",1,"ใบ",,"",0.00
"","","","002-07521-140","KORG PIANO MAT 140X60 (พรม)","","","","","",1,"ผืน",,"",0.00,"           1"
"","","","002-07521-150","KORG PIANO MAT 150X100 (พรม)","","","","","",1,"ผืน",,"",0.00,"           2"
"","","","002-07533","KORG SC-EK/PA-GRBK","","","","","",1,"ใบ",,"",0.00
"","","","002-08004","KORG ELECTRONIC DRUM KR MINI","","","","","",6,"เครื่อง",,"",0.00,"          19"
"","","","002-08005","KORG CLIPHIT CLIP DRUM KIT CH-01","","","","","",1,"เครื่อง",,"",0.00,"           9"
"","","","002-10008","KORG DIGITAL MULTITRACK D-4","","","","","",1,"เครื่อง",,"",0.00
"","","","002-11049","VOX WAH WAH V845","","","","","",2,"ตัว",,"",0.00,"         100","           5"
"","","","002-11101-AC","VOX AMP. GUITAR MV50 AC","","","","","",1,"เครื่อง",,"",0.00,"          34","           1"
"","Music Concept WT                                         ","หน้า   :        4"
"","สินค้าคงเหลือ แยกตามคลังสินค้า    ","ณ วันที่  16 มิ.ย. 2569"
"","รหัสสินค้าจาก","001-01005-000     ","ถึง","VP-ADAPTOR-9V","วันที่ : 16/06/2569"
"","คลัง","","รหัสสินค้า","ชื่อสินค้า","","","","","","  จำนวน","","ราคาต่อหน่วย","","มูลค่าคงเหลือ","ยอดค้างรับ","ยอดค้างส่ง"
"","","","002-11101-CL","VOX AMP. GUITAR MV50 CLEAN","","","","","",1,"เครื่อง",,"",0.00,"          53","           1"
"","","","002-11101-HG","VOX AMP. GUITAR MV50 HIGH GAIN","","","","","",4,"เครื่อง",,"",0.00,"           5"
"","","","002-11102-108","VOX AMP. BC108 CABINET BLACK","","","","","",1,"ตู้",,"",0.00,"          77","           2"
"","","","002-11103-ABS","VOX AMP. ADIO AIR BASS","","","","","",1,"ตู้",,"",0.00,"           3"
"","","","002-11106","VOX AC30 RADIO","","","","","",1,"เครื่อง",,"",0.00
"","","","002-11117-50","VOX AMP MINI GO-50","","","","","",1,"ตู้",,"",0.00,"           7"
"","","","002-11118","VOX AMP. CLUBMAN 60","","","","","",1,"ตู้",,"",0.00,"           3"
"","","","002-11923","VOX HEADLESS BASS BLACK VSBA-HL4","","","","","",1,"ตัว",,"",0.00,"           1"
"","","","002-AP-BM","VOX AMPLUG BRIAN MAY AP-BM","","","","","",2,"เครื่อง",,"",0.00,"          18","           5"
"","","","002-AP2-BMS","VOX AMPLUG BRIAN MAY","","","","","",2,"ตัว",,"",0.00,"          12"
"","","","002-AP2-CAB","VOX AMPLUG V2 CABINET","","","","","",3,"ตู้",,"",0.00,"          17"
"","","","002-AP2-IO","VOX AMPLUG AP-I/O USB AUDIO INTERFACE","","","","","",3,"ตัว",,"",0.00,"          38"
"","","","002-AP3-AC","VOX AMPLUG 3 AC","","","","","",3,"ตัว",,"",0.00,"          76"
"","","","002-AP3-BA","VOX AMPLUG 3 BASS","","","","","",4,"ตัว",,"",0.00,"         176"
"","","","002-AP3-BQ","VOX AMPLUG 3 BOUTIQUE","","","","","",1,"ตัว",,"",0.00,"          46"
"","","","002-AP3-HG","VOX AMPLUG 3 HIGH GAIN","","","","","",4,"ตัว",,"",0.00,"          46"
"","","","002-AP3-MB","VOX AMPLUG 3 MODERN BASS","","","","","",2,"ตัว",,"",0.00,"          52"
"","","","002-AP3-UD","VOX AMPLUG 3 UK DRIVE","","","","","",2,"ตัว",,"",0.00,"          60"
"","","","002-AP3-US","VOX AMPLUG 3 US SILVER","","","","","",3,"ตัว",,"",0.00,"          58"
"","","","002-KORG-MASK","KORG LOGO CLOTH MASK","","","","","",4,"ตัว",,"",0.00,"           5"
"","","","002-VH-Q1","KORG HEADPHONE VH-Q1 BLACK","","","","","",1,"อัน",,"",0.00,"           1"
"","","","003-01012","ALESIS DM 5 PRO DUAL ZONE DRUM PAD LDP-4","","","","","",1,"ใบ",,"",0.00,"           1"
"","","","004-04032","ART COOL SWITCH A/B-Y SWITCH","","","","","",3,"เครื่อง",,"",0.00
"","","","006-01002","EMG GUITAR PICKUP 85 BLACK","","","","","",1,"ชุด",,"",0.00,"          27"
"","","","006-01007","EMG GUITAR PICKUP SA SET","","","","","",2,"ชุด",,"",0.00
"","","","006-01008","EMG GUITAR PICKUP S SET","","","","","",2,"ชุด",,"",0.00,"           1"
"","","","006-01023","EMG GUITAR PICKUP ZW (ZAKK WYLDE)","","","","","",2,"ชุด",,"",0.00,"          20"
"","","","006-01026-BLK","EMG GUITAR PICKUP SA BLACK ( 1 ตัว )","","","","","",1,"ตัว",,"",0.00,"           6"
"","","","006-01026-WHT","EMG GUITAR PICKUP SA IVORY ( 1 ตัว )","","","","","",1,"ตัว",,"",0.00
"","","","006-01029-BLK","EMG GUITAR PICKUP 58 BLACK","","","","","",1,"ชุด",,"",0.00,"           1"
"","","","006-01030-BLK","EMG GUITAR PICKUP 91 BLACK","","","","","",3,"ชุด",,"",0.00
"","","","006-01032-GD","EMG GUITAR PICKUP 81 GOLD","","","","","",1,"ชุด",,"",0.00
"","","","006-01033-GD","EMG GUITAR PICKUP 85 GOLD","","","","","",1,"ชุด",,"",0.00
"","","","006-01052-NBLK","EMG PICKUP SUPER 77-N RA-350C BLACK","","","","","",1,"ชุด",,"",0.00
"","","","006-01053-BBLK","EMG PICKUP FAT 55-B RA-360A BLACK","","","","","",1,"เครื่อง",,"",0.00,"           2"
"","Music Concept WT                                         ","หน้า   :        5"
"","สินค้าคงเหลือ แยกตามคลังสินค้า    ","ณ วันที่  16 มิ.ย. 2569"
"","รหัสสินค้าจาก","001-01005-000     ","ถึง","VP-ADAPTOR-9V","วันที่ : 16/06/2569"
"","คลัง","","รหัสสินค้า","ชื่อสินค้า","","","","","","  จำนวน","","ราคาต่อหน่วย","","มูลค่าคงเหลือ","ยอดค้างรับ","ยอดค้างส่ง"
"","","","006-01060-BLK","EMG BASS PICKUP TA SET BLACK","","","","","",1,"ชุด",,"",0.00,"           3"
"","","","006-01062","EMG GUITAR PICKUP JIM ROOT SETZEBRA","","","","","",1,"ชุด",,"",0.00,"          14"
"","","","006-02002","EMG BASS PICKUP PJ SET","","","","","",2,"ชุด",,"",0.00,"          13"
"","","","006-02003","EMG BASS PICKUP J SET","","","","","",2,"ชุด",,"",0.00,"           6"
"","","","006-02007","EMG BASS PICKUP 35P (5 STRING)","","","","","",1,"ชุด",,"",0.00
"","","","006-02010-RED","EMG BASS PICKUP 35DC RED (4 STRING)","","","","","",1,"ตัว",,"",0.00,"           2"
"","","","006-02015","EMG BASS PICKUP 40P","","","","","",2,"ชุด",,"",0.00
"","","","006-02016","EMG BASS PICKUP P5J SET BLACK ( 5 STRING )","","","","","",1,"ชุด",,"",0.00
"","","","006-02029-BLK","EMG PICKUP BASS J5 SET BLACK","","","","","",1,"ชุด",,"",0.00,"           3"
"","","","006-02118","EMG BASS PICKUP MM-CS","","","","","",1,"ชุด",,"",0.00,"           1"
"","","","006-02121-BLK","EMG BASS PICKUP DE SET 4 STRING BLACK","","","","","",1,"ชุด",,"",0.00,"           3"
"","","","006-02123-RD","EMG BASS PICKUP FB SET RED","","","","","",1,"ชุด",,"",0.00,"           1"
"","","","006-03001","EMG CONTROL BTC CONTROL","","","","","",1,"ชุด",,"",0.00
"","","","006-03013","EMG BQC SYSTEM","","","","","",1,"ชุด",,"",0.00,"           4"
"","","","006-03016","EMG BQS CONTROL","","","","","",1,"ชุด",,"",0.00,"           1"
"","","","006-03019","EMG BQS SYSTEM ACTIVE","","","","","",1,"ชุด",,"",0.00,"           2"
"","","","006-03020","EMG 25KB ACTIVE TONE GUITAR LS (แกนยาว)","","","","","",3,"ชุด",,"",0.00
"","","","006-03021","EMG 25KB ACTIVE TONE GUITAR (แกนสั้น)","","","","","",6,"ชุด",,"",0.00
"","","","006-03025","EMG 25K CONTROL TONE SPL (แกนสั้น)","","","","","",5,"ชุด",,"",0.00,"           9","           1"
"","","","006-03026","EMG 25K CONTROL VOLUME LS (แกนยาว)","","","","","",5,"ชุด",,"",0.00,"           8","           3"
"","","","006-03027","EMG 25K CONTROL VOLUME SPL SI (แกนสั้น)","","","","","",4,"ชุด",,"",0.00,"          13"
"","","","006-03028","EMG 25K CONTROL PUSH/PULL LS SL (แกนยาว)","","","","","",2,"ชุด",,"",0.00
"","","","006-04002","EMG H4A PASSIVE GUITAR PICKUP","","","","","",2,"ตัว",,"",0.00,"           3"
"","","","007-10074-TKD","MM LUKE 4 HH NO PG CR HDWE GRAPLE SLUSHIE","","","","","",1,"ตัว",,"",0.00
"","","","007-11052-52","MM SR 5 H SPCL TRANS ORANGE SHELL PG CR HDWE","","","","","",1,"ตัว",,"",0.00,"           1"
"","","","007-11052-YBR","MM SR 5 H SPCL YLW BRICK ROAD RST MN VNT PEARL PG","","","","","",1,"ตัว",,"",0.00,"           1"
"","","","007-11059-66","MM BONGO 5 HH STEALTH BLK MATTE PG BM MATTE","","","","","",1,"ตัว",,"",0.00,"           1"
"","","","007-11061-CWB","MM SR II CORY WONG CHARCOAL BLUE ROASTED GLD HDWE","","","","","",1,"ตัว",,"",0.00,"           2"
"","","","007-31062","OLP GUITAR LUKE SIGNATURE BLUE","","","","","",1,"ตัว",,"",0.00
"","","","007-AL9-79-075224","HEADRUSH BOARD PCB (HEADRUSH PEDAL BOARD)","","","","","",3,"อัน",,"",0.00
"","","","007-B04237","MUSIC MAN JP12 STRAP BUTTON","","","","","",1,"ชุด",,"",0.00
"","","","007-DB185W","MUSIC MAN JP MAJESTY BRIDG","","","","","",1,"อัน",,"",0.00
"","","","007-M05167","MUSIC MAN STINGRAY HH KNOB CHROME","","","","","",1,"ตัว",,"",0.00
"","","","007-M05181","MUSIC MAN LOCKING TUNER G-D-A-E GUITAR CHOME","","","","","",3,"ชุด",,"",0.00
"","","","007-M05382","MUSIC MAN POTENTIOMETER 3EQ BASS","","","","","",2,"ตัว",,"",0.00
"","Music Concept WT                                         ","หน้า   :        6"
"","สินค้าคงเหลือ แยกตามคลังสินค้า    ","ณ วันที่  16 มิ.ย. 2569"
"","รหัสสินค้าจาก","001-01005-000     ","ถึง","VP-ADAPTOR-9V","วันที่ : 16/06/2569"
"","คลัง","","รหัสสินค้า","ชื่อสินค้า","","","","","","  จำนวน","","ราคาต่อหน่วย","","มูลค่าคงเหลือ","ยอดค้างรับ","ยอดค้างส่ง"
"","","","007-M05389","MUSIC MAN POTENTIOMETER VOL LUKE / JP PZO","","","","","",2,"อัน",,"",0.00
"","","","007-M05402","MUSIC MAN PREAMP 3EQ SR","","","","","",1,"เครื่อง",,"",0.00
"","","","007-M05416","MUSIC MAN SWITCH 3-WAY PETRUCCI W/T CURCUITBOARD","","","","","",1,"อัน",,"",0.00
"","","","007-M05422","MUSIC MAN SWITCH PIEZO MODE ASSY-JP","","","","","",1,"ตัว",,"",0.00
"","","","007-M05437","MUSIC MAN PETURCCI TREMOLO ARM","","","","","",1,"อัน",,"",0.00
"","","","007-M05465","MUSIC MAN FR BRIDGE SADDLE A-B STRING","","","","","",2,"ตัว",,"",0.00
"","","","007-M05466","MUSIC MAN FR BRIDGE SADDLE D-G STRING","","","","","",4,"ตัว",,"",0.00
"","","","007-M05490","MUSIC MAN TREMOLO ARM WHITE TIP","","","","","",1,"อัน",,"",0.00
"","","","007-M05935","MUSIC MAN 9V BATTERY BOX STEVE LUKATHER","","","","","",1,"ตัว",,"",0.00
"","","","007-M06007","MUSIC  MAN 25K PUSH/PUSH VOLUME W/FLEX - 2019","","","","","",5,"ชิ้น",,"",0.00
"","","","007-M061000","MUSIC MAN MAJESTY HARNESS VERSION2 BATTERY BOX KIT","","","","","",1,"ชุด",,"",0.00
"","","","007-M07040","MUSIC MAN VINTAGE TREM ARM BLACK MATTE / BLACK TIP","","","","","",1,"ชิ้น",,"",0.00
"","","","007-MB343W","MUSIC MAN STINGRAY5 SADDLE FOR D STRING","","","","","",1,"ตัว",,"",0.00
"","","","007-MC302W","MUSIC MAN JACK FOR PETRUCCI PIEZO JACK ASSY","","","","","",38,"ชิ้น",,"",0.00
"","","","007-MC314W","MUSIC MAN 4-BAND TONE POT FOR BONGO","","","","","",3,"ตัว",,"",0.00
"","","","007-MC724Y","MUSIC MAN VALENTINE CONTROL 3-WAY ASSY WITH POT/SW","","","","","",1,"ชุด",,"",0.00
"","","","007-MC815W","MUSIC MAN POT 25K VOLUME PIEZO JOHN PETRUCCI","","","","","",1,"อัน",,"",0.00
"","","","007-MC837W","MUSIC MAN JP13 PCB VOLME","","","","","",2,"อัน",,"",0.00
"","","","007-MC850Y","MUSIC MAN LUKE IV HSS PRE-AMP ASSEMBLY","","","","","",1,"ชิ้น",,"",0.00
"","","","007-MD318W","MUSIC MAN SCREW #4x1/2" PHIL(10)","","","","","",11,"ตัว",,"",0.00
"","","","007-ME045W","MUSIC MAN COMPENSATED NUT JP6-JP7 (RIGHT) BLK","","","","","",1,"ตัว",,"",0.00
"","","","007-ME312W","MUSIC MAN BONGO VOLUME POT 2","","","","","",1,"ตัว",,"",0.00
"","","","007-RC007Y","MUSIC MAN BONGO V2 HH PRE-AMP","","","","","",1,"ชิ้น",,"",0.00
"","","","007-XG961W","MUSIC MAN LUKE GUITAR NECK PLATE","","","","","",1,"อัน",,"",0.00
"","","","018-01095","AKAI USB/ MICRO KEYBOARD CONTROLLER LPK25","","","","","",4,"เครื่อง",,"",0.00
"","","","018-01096","AKAI USB/MIDI MPC PAD CONTROLLER LPD-8","","","","","",6,"เครื่อง",,"",0.00
"","","","032-01008","SAMSON MIXER MDR-1064","","","","","",1,"เครื่อง",,"",0.00
"","","","032-04025-008","SAMSON XP40IW 8" WIRELESS PA SYS CH.8","","","","","",1,"ชุด",,"",0.00
"","","","032-06017","SAMSON S-PHANTHOM POWER SUPPLY 48V","","","","","",1,"เครื่อง",,"",0.00,"           1"
"","","","032-06021","SAMSON S-CONVERT","","","","","",1,"ตัว",,"",0.00,"           2"
"","","","032-08016","SAMSON ACTIVE MONITOR STUDIODOCK 3i USB","","","","","",3,"คู่",,"",0.00,"           2"
"","","","032-13005","SAMSON 7 KIT 7 PCS DRUM MIC SET","","","","","",1,"ชุด",,"",0.00
"","","","032-14004","SAMSON C05 CL CONDENSOR MIC","","","","","",1,"ตัว",,"",0.00,"           1"
"","","","032-14016","SAMSON CL5 HANDHELD CONDENSER MICROPHONE","","","","","",1,"ตัว",,"",0.00,"           1"
"","","","032-15006","SAMSON R10S CARDIOID DYNAMIC MIC W/SWITC","","","","","",2,"ตัว",,"",0.00
"","Music Concept WT                                         ","หน้า   :        7"
"","สินค้าคงเหลือ แยกตามคลังสินค้า    ","ณ วันที่  16 มิ.ย. 2569"
"","รหัสสินค้าจาก","001-01005-000     ","ถึง","VP-ADAPTOR-9V","วันที่ : 16/06/2569"
"","คลัง","","รหัสสินค้า","ชื่อสินค้า","","","","","","  จำนวน","","ราคาต่อหน่วย","","มูลค่าคงเหลือ","ยอดค้างรับ","ยอดค้างส่ง"
"","","","032-16002","SAMSON TS-100 HEAVY DUTY SPEAKER STAND","","","","","",1,"คู่",,"",0.00,"","           2"
"","","","038-01016","WHARFEDALE SPEAKER EVP-S15M","","","","","",2,"ตู้",,"",0.00
"","","","041-10001","EWI XLR MALE ES3M-CR","","","","","",70,"ตัว",,"",0.00,"","           4"
"","","","041-10002","EWI XLR FEMALE ES3F-CR","","","","","",115,"ตัว",,"",0.00,"","           4"
"","","","043-01093-1VS","GIBSON JOHN LENNON LES PAUL JR","","","","","",1,"ตัว",,"",0.00
"","","","043-01333-NA","GIBSON SG SPECIAL 2018 NATURAL SATIN","","","","","",-1,"ตัว",,"",0.00,"           2"
"","","","043-01333-SC","GIBSON SG SPECIAL 2018 SATIN CHERRY","","","","","",1,"ตัว",,"",0.00,"           1"
"","","","043-01337-TV","GIBSON SG STD '61 STOP BAR TV YELLOW","","","","","",1,"ตัว",,"",0.00,"           4"
"","","","043-01339-BF","GIBSON SG MODERN BLUEBERRY FADED","","","","","",1,"ตัว",,"",0.00,"           9"
"","","","043-01340-CW","GIBSON SG STANDARD CLASSIC WHITE","","","","","",1,"ตัว",,"",0.00,"           4"
"","","","043-01340-TL","GIBSON SG STANDARD TRANSLUCENT TEAL","","","","","",1,"ตัว",,"",0.00,"           7"
"","","","043-01342-WN","GIBSON SG TRIBUTE NATURAL WALNUT","","","","","",1,"ตัว",,"",0.00,"           2"
"","","","043-01402-CB","GIBSON LP MODERN FIGURED CHERRYBURST","","","","","",1,"ตัว",,"",0.00,"           4"
"","","","043-01402-PB","GIBSON LP MODERN FADED PELHAM BLUE TOP","","","","","",1,"ตัว",,"",0.00,"           5"
"","","","043-01406-GT","GIBSON LP STD 50S GOLDTOP","","","","","",1,"ตัว",,"",0.00,"           9"
"","","","043-01406-HS","GIBSON LP STD '50S HER CHERRY SUNBURST","","","","","",1,"ตัว",,"",0.00,"          13"
"","","","043-01407-SC","GIBSON LP STD 60S FIGURED TOP 60S CHERRY","","","","","",1,"ตัว",,"",0.00,"           3"
"","","","043-01407-TF","GB LP STD 60S FIGURED TOP TRANSLUCENT FUCHSIA","","","","","",1,"ตัว",,"",0.00,"           3"
"","","","043-01408-VC","GB LP SPECIAL VINT CHERRY","","","","","",1,"ตัว",,"",0.00,"           1"
"","","","043-01421-IG","GIBSON LP MODERN LITE INVERNESS GREEN SATIN","","","","","",1,"ตัว",,"",0.00,"           1"
"","","","043-01428-WR","GIBSON LP STUDIO WHT PG WINE RED (NEW)","","","","","",1,"ตัว",,"",0.00,"           3"
"","","","043-01430-TE","GIBSON LP STUDIO SESSION TRANSLUCENT EBONY BURST","","","","","",1,"ตัว",,"",0.00,"           4"
"","","","043-01434-WR","GIBSON 50TH ANNIV LP MUSIC CITY SPCL WINE RED","","","","","",1,"ตัว",,"",0.00,"           1"
"","","","043-01435-TS","GIBSON LP CUSTOM 70S TOBACCO SUNBURST","","","","","",1,"ตัว",,"",0.00,"           2"
"","","","043-01439-EBS","GIBSON MARSK MORTON LP MODERN FIIGURED QUILT","","","","","",1,"ตัว",,"",0.00,"           1"
"","","","043-01440-EB","GIBSON NOEL GALLAGHER LP STD EBONY","","","","","",1,"ตัว",,"",0.00,"           3"
"","","","043-01603-EB","GIBSON SG STD BASS 2019 EBONY","","","","","",1,"ตัว",,"",0.00,"           1"
"","","","043-01604-VS","GIBSON THUNDERBIRD BASS 2019 VINT. SUNBURST","","","","","",1,"ตัว",,"",0.00
"","","","043-02102-HA","GB ES-335 FIGURED HONEY AMBER","","","","","",1,"ตัว",,"",0.00,"           1"
"","","","043-02139-VS","GB ES-335 VINT SUNBURST","","","","","",1,"ตัว",,"",0.00,"           1"
"","","","043-02142-1EB","GIBSON ES-355 EBONY GLOSS BIGSBY","","","","","",1,"ตัว",,"",0.00,"           1"
"","","","043-02157","GIBSON ES-355 BLACK BEAUTY","","","","","",1,"ตัว",,"",0.00
"","","","043-02159-CH","GB ES-339 CHERRY","","","","","",1,"ตัว",,"",0.00
"","","","043-02160-SC","GIBSON ES-339 FIGURED 60S CHERRY","","","","","",1,"ตัว",,"",0.00,"           3"
"","","","043-03003-3AW","GIBSON LES PAUL CUSTOM A.WHITE","","","","","",1,"ตัว",,"",0.00,"          16","           1"
"","Music Concept WT                                         ","หน้า   :        8"
"","สินค้าคงเหลือ แยกตามคลังสินค้า    ","ณ วันที่  16 มิ.ย. 2569"
"","รหัสสินค้าจาก","001-01005-000     ","ถึง","VP-ADAPTOR-9V","วันที่ : 16/06/2569"
"","คลัง","","รหัสสินค้า","ชื่อสินค้า","","","","","","  จำนวน","","ราคาต่อหน่วย","","มูลค่าคงเหลือ","ยอดค้างรับ","ยอดค้างส่ง"
"","","","043-03003-3EB","GIBSON LES PAUL CUSTOM EBONY","","","","","",1,"ตัว",,"",0.00,"           8"
"","","","043-03008-1VS","GIBSON 59 ES-335 REISSUE V.SUNBURST","","","","","",1,"ตัว",,"",0.00,"           3"
"","","","043-03126-GPB","GB 1959 LP STD REISSUE HEAVY AGED GOLDEN POPPY BUR","","","","","",1,"ตัว",,"",0.00,"           6"
"","","","043-03189-ST","GB 1959 LP STD REISSUE LIGHT AGED SUNRISE TEABURST","","","","","",1,"ตัว",,"",0.00,"           5"
"","","","043-03224-DL","GIBSON 1959 LP STD REISSUE VOS DIRTY LEMON","","","","","",1,"ตัว",,"",0.00,"           6"
"","","","043-03235-EB","GB 1954 LP STD EBONY WRAPAROUND 2HB PU VOS NH","","","","","",1,"ตัว",,"",0.00
"","","","043-03248-PW","GB 57 LP CSTM 3-PU POLARIS WHT BIGS MURPHY UL LA","","","","","",1,"ตัว",,"",0.00,"           3"
"","","","043-03257-EB","GIBSON 1968 LP CSTM REISSUE GLOSS EBONY","","","","","",1,"ตัว",,"",0.00,"           2"
"","","","043-03258-TS","GB 59 LP BOTB 58 MURPHY HVY AGED TOBACCO SUNBURST","","","","","",1,"ตัว",,"",0.00,"           2"
"","","","043-03259-FCB","GB 59 LP BOTB 58 MURPHY HVY AGED FADED CHERRYBURST","","","","","",1,"ตัว",,"",0.00,"           1"
"","","","043-03266-APW","GB 64 JOHNNY WINTER FIREBIRD V ANT. POLARIS WHT AG","","","","","",1,"ตัว",,"",0.00,"           1"
"","","","043-04328-AN","GIBSON SJ-200 ORIGINAL ANT NATURAL W/CASE","","","","","",1,"ตัว",,"",0.00,"           7"
"","","","043-04336-VCS","GIBSON DOVE ORIGINAL VINT CHERRY SUNBURST","","","","","",1,"ตัว",,"",0.00,"          10"
"","","","043-04341-NA","GIBSON G-45 NATURAL","","","","","",1,"ตัว",,"",0.00,"          19","           3"
"","","","043-04342-NA","GIBSON G-WRITER EC NATURAL","","","","","",1,"ตัว",,"",0.00,"          21","           4"
"","","","043-04343-NA","GIBSON G-200 EC NATURAL","","","","","",1,"ตัว",,"",0.00,"           5"
"","","","043-04371-SWR","GIBSON J-45 SPECIAL SATIN WINE RED","","","","","",1,"ตัว",,"",0.00
"","","","043-04373-AN","GB J-45 STUDIO WALNUT NATURAL SATIN BACK/SIDE","","","","","",1,"ตัว",,"",0.00,"           1"
"","","","043-04374-SVCS","GB HUMMINGBIRD SPECIAL SATIN VINT CHERRY SUNBURST","","","","","",1,"ตัว",,"",0.00,"           1"
"","","","043-05032-2VS","EPIPHONE DOT ES-335 VINTAGE SUNBURST","","","","","",1,"ตัว",,"",0.00,"          15","           5"
"","","","043-05062-NA","EPIPHONE BASS THUNDERBIRD PRO IV NATURAL","","","","","",1,"ตัว",,"",0.00,"","           1"
"","","","043-05066-FPE","EP JACK CASADY BASS FADED PELHAM BLUE","","","","","",1,"ตัว",,"",0.00,"           2"
"","","","043-05067-3WR","EPIPHONE BROADWAY WINE RED  W/GIG BAG","","","","","",1,"ตัว",,"",0.00,"           5"
"","","","043-05093-FCB","EP. HUMMINGBIRD STUDIO FADED CHERRY BURST","","","","","",1,"ตัว",,"",0.00,"          25"
"","","","043-05114-NA","EPIPHONE A. DR-100 NATURAL (EA10NACH1)","","","","","",1,"ตัว",,"",0.00,"         187","           1"
"","","","043-05121-TEB","EP DOVE STUDIO TRANS EBONY BURST","","","","","",1,"ตัว",,"",0.00,"           4"
"","","","043-05125-VS","EPIPHONE PRO-1 ACOUSTIC VINT. SUNBURST","","","","","",4,"ตัว",,"",0.00,"         239","           6"
"","","","043-05135-3NA","EPIPHONE SHERATON NATURAL W/GIG BAG","","","","","",1,"ตัว",,"",0.00,"           4"
"","","","043-05136-2NA","EPIPHONE CASINO NATURAL W/GIG BAG","","","","","",1,"ตัว",,"",0.00,"           9","           1"
"","","","043-05140-PB","EPIPHONE DAVE GROHL DG-335 W/HARD CASE","","","","","",1,"ตัว",,"",0.00,"          26"
"","","","043-05142-3EB","EPIPHONE LP CUSTOM EBONY  W/HARD CASE","","","","","",1,"ตัว",,"",0.00,"           6"
"","","","043-05211-TS","EP BASS THUNDERBIRD VINTAGE PRO TS","","","","","",1,"ตัว",,"",0.00,"           4"
"","","","043-05212-CC","EPIPHONE NEWPORT BASS CALIFORNIA CORAL","","","","","",1,"ตัว",,"",0.00,"           2"
"","","","043-05310-AFD","EPIPHONE SLASH AFD LP SPECIAL II GUITAR OUTFIT","","","","","",1,"ตัว",,"",0.00,"         203","          11"
"","","","043-05339-FC","EPIPHONE UKULELE HUMMINGBIRD FADED CHERRY","","","","","",2,"ตัว",,"",0.00,"          24"
"","Music Concept WT                                         ","หน้า   :        9"
"","สินค้าคงเหลือ แยกตามคลังสินค้า    ","ณ วันที่  16 มิ.ย. 2569"
"","รหัสสินค้าจาก","001-01005-000     ","ถึง","VP-ADAPTOR-9V","วันที่ : 16/06/2569"
"","คลัง","","รหัสสินค้า","ชื่อสินค้า","","","","","","  จำนวน","","ราคาต่อหน่วย","","มูลค่าคงเหลือ","ยอดค้างรับ","ยอดค้างส่ง"
"","","","043-05344-RBM","EPIPHONE LES PAUL MUSE RADIO BLUE MATTALIC","","","","","",1,"ตัว",,"",0.00,"           8"
"","","","043-05349-BB","EPIPHONE LES PAUL STD 60S BOURBON BURST","","","","","",1,"ตัว",,"",0.00,"          42"
"","","","043-05363-IT","EPIPHONE MASTERBILT FRONTIER ICE TEA","","","","","",1,"ตัว",,"",0.00,"           7"
"","","","043-05364-AN","EPIPHONE MASTERBILT TEXAN ANT. NATURAL","","","","","",1,"ตัว",,"",0.00,"           9"
"","","","043-05366-BK","EPIPHONE J-200EC STUDIO BLACK","","","","","",1,"ตัว",,"",0.00,"          16"
"","","","043-05366-TE","EPIPHONE J-200EC STUDIO TRANS EBONY","","","","","",1,"ตัว",,"",0.00,"           5"
"","","","043-05369-HS","EPIPHONE LP STUDIO E1 HER. CHERRY","","","","","",1,"ตัว",,"",0.00,"           5"
"","","","043-05377-RTA","EPIPHONE SG PROPHECY RED TIGER AGED GLOSS","","","","","",1,"ตัว",,"",0.00,"           4"
"","","","043-05380-ACH","EP MB HUMMINGBIRD 12-STRING AGED CHERRY SB GLOSS","","","","","",1,"ตัว",,"",0.00,"           4"
"","","","043-05386-BBB","EPIPHONE ES-335 FIGURED BLUEBERRY BURST","","","","","",1,"ตัว",,"",0.00,"          16"
"","","","043-05389-CBF","EPIPHONE LP MODERN FIGURED CARIBBEAN BLUE FADED","","","","","",1,"ตัว",,"",0.00,"           9"
"","","","043-05395-ACW","EPIPHONE 1961 LP SG STD AGED 60S CLASSIC WHT","","","","","",1,"ตัว",,"",0.00,"           2"
"","","","043-05401-ACW","EPIPHONE JOAN JETT OLYMPIC SPCL AGED CLASSIC WHT","","","","","",1,"ตัว",,"",0.00,"           2"
"","","","043-05411-LR","EPIPHONE POWER PLYR SG LAVA RED W/GIGBAG, CBL, PIC","","","","","",1,"ตัว",,"",0.00,"          10"
"","","","043-05422-3WH","EP EMILY WOLFE SHERATON WHITE WOLFE W/CASE","","","","","",1,"ตัว",,"",0.00,"           2"
"","","","043-05423-3RB","EP ALEX LIFESON LES PAUL CSTM AXCESS QUILT RUBY","","","","","",1,"ตัว",,"",0.00,"           6"
"","","","043-05428-DWR","EPIPHONE JOE BONAMASSA 1963 SG CSTM DARK WINE RED","","","","","",1,"ตัว",,"",0.00
"","","","043-05430-PB","EP JARED JAMES NICHOLS"BLUES POWER"LP CSTM AGED PB","","","","","",1,"ตัว",,"",0.00,"           2"
"","","","043-05431-AG","EP KIRK HAMMETT"GREENY" 1959 LP STD AGED GREENY","","","","","",1,"ตัว",,"",0.00,"           3"
"","","","043-05432-AA","EP 150TH ANNIV ZEPHYR DLX REGENT AGED ANTIQUE","","","","","",1,"ตัว",,"",0.00,"           2"
"","","","043-05435-EB","EPIPHONE SG TRIBUTE E1 EBONY","","","","","",1,"ตัว",,"",0.00,"           8"
"","","","043-05437-CW","EP 1963 SG CSTM W MAESTRO VIBROLA CLASSIC WHT","","","","","",1,"ตัว",,"",0.00,"           2"
"","","","043-05438-IG","EPIPHONE LP STD 50S FIGURED IVERNESS GREEN W/GIGBA","","","","","",1,"ตัว",,"",0.00,"           2"
"","","","043-05439-AW","EP LP CSTM ALPHINE WHITE GOLD HDWE W/GIGBAG","","","","","",1,"ตัว",,"",0.00,"           5"
"","","","043-05442-EB","EP JIMI HENDRIX "LOVE DROPS" FLYING V EBONY","","","","","",1,"ตัว",,"",0.00,"           7"
"","","","043-05452-DG","EPIPHONE 1957 LP GOLD TOP REISSUE DOUBLE GOLD","","","","","",1,"ตัว",,"",0.00,"           3"
"","","","043-05461-VS","EP PRE-WAR SJ-200 RW REISSUE VINT SUNBURST W/CASE","","","","","",1,"ตัว",,"",0.00,"           2"
"","","","043-05462-NA","EPIPHONE HUMMINGBRID DLX EC NATURAL W/CASE","","","","","",1,"ตัว",,"",0.00,"           2"
"","","","043-05478-MB","EPIPHONE SG MODERN FIGURED MOJAVE BURST W/GIGBAG","","","","","",1,"ตัว",,"",0.00,"           1"
"","","","043-1008Z","GIBSON ES-175 CASE FOR 1959 HISTORIC","","","","","",1,"ใบ",,"",0.00
"","","","043-20004","GIBSON STRING SEG-700ML BRITE WIRES 011-","","","","","",26,"ชุด",,"",0.00,"          40","          10"
"","","","043-20054","GIBSON STRING SAG-MB13 MASTERBUILT 013-0","","","","","",9,"ชุด",,"",0.00,"          20","          20"
"","","","043-94008-374","GIBSON GUITAR CASE FOR SG","","","","","",1,"ใบ",,"",0.00,"           1"
"","","","043-9AIGG-910","GIBSON GUITAR POLISH PUMP","","","","","",9,"ขวด",,"",0.00,"         430","          15"
"","","","043-9AIGG-925","GIBSON STANDARD POLISH CLOTH","","","","","",3,"ผืน",,"",0.00,"          49","           2"
"","Music Concept WT                                         ","หน้า   :       10"
"","สินค้าคงเหลือ แยกตามคลังสินค้า    ","ณ วันที่  16 มิ.ย. 2569"
"","รหัสสินค้าจาก","001-01005-000     ","ถึง","VP-ADAPTOR-9V","วันที่ : 16/06/2569"
"","คลัง","","รหัสสินค้า","ชื่อสินค้า","","","","","","  จำนวน","","ราคาต่อหน่วย","","มูลค่าคงเหลือ","ยอดค้างรับ","ยอดค้างส่ง"
"","","","043-9AILC-975","GIBSON LUTHIER'S CHOICE TRIPLE PACK","","","","","",10,"ชุด",,"",0.00,"          59","           4"
"","","","043-9APRG-73M","GIBSON 1/2 GLOSS WEDGE STYLE MEDIUM","","","","","",1,"ห่อ",,"",0.00,"           1","           1"
"","","","043-9APRG-73T","GIBSON 1/2 GLOSS WEDGE STYLE THIN","","","","","",1,"ห่อ",,"",0.00,"           1"
"","","","043-9APRG-74H","GIBSON 1/2 GLOSS STANDARD STYLE HEAVY","","","","","",1,"ห่อ",,"",0.00,"          10","           2"
"","","","043-9ASAU-BRN","GIBSON AUSTIN COMFORT STRAP BRN","","","","","",1,"เส้น",,"",0.00,"","           1"
"","","","043-9ASCL-BRN","GIBSON CLASSIC STRAP BRN LEATHER","","","","","",1,"เส้น",,"",0.00,"           6"
"","","","043-9ASGS-B10","GIBSON REGULAR STYLE 2" STRAP JET BLACK","","","","","",8,"เส้น",,"",0.00,"         128","          10"
"","","","043-9ASGSB-10","GIBSON THE SEATBELT STRAP BLK","","","","","",2,"เส้น",,"",0.00,"          35"
"","","","043-9ASTD-MG","GIBSON HANDCRAFTED MAHOGANY GUITAR STAND","","","","","",2,"ตัว",,"",0.00,"          18"
"","","","043-9ASVS-GAR","GIBSON THE GARDEN STRAP","","","","","",2,"เส้น",,"",0.00,"          32"
"","","","043-9ATMT-01","GIBSON MULTI TOOL","","","","","",3,"ชุด",,"",0.00,"          66","           2"
"","","","043-9GA-CLK3","GIBSON VINT LIGHTED WALL CLOCK, GIBSON INC","","","","","",1,"เรือน",,"",0.00,"           1"
"","","","043-9GA-DNMC","GIBSON FADED DENIM HAT","","","","","",2,"ใบ",,"",0.00,"          37"
"","","","043-9GA-SGN1","GIBSON VINT LIGHTED SIGN. GUITARS","","","","","",1,"ตัว",,"",0.00,"           4"
"","","","043-9GC-R05","GIBSON MEMORY CABLE GC-R05 16 FT","","","","","",1,"เส้น",,"",0.00
"","","","043-9IM57-ADB","GIBSON PICKUP 57 BURSTBUCKER TYPE1 DBL BLACK","","","","","",1,"อัน",,"",0.00,"           4"
"","","","043-9IM57-ANH","GIBSON PICKUP BURSTBUCKER TYPE 1","","","","","",1,"ตัว",,"",0.00,"           3"
"","","","043-9IM57-BDB","GIBSON PICKUP BURSTBUCKER TYPE 2 DBL BLACK","","","","","",1,"ชุด",,"",0.00,"           3"
"","","","043-9IM57-CDB","GIBSON PICKUP BURSTBUCKER TYPE 3 DBL BLACK","","","","","",1,"ตัว",,"",0.00,"           3"
"","","","043-9IM90-RDB","GIBSON PICKUP 490R CLASSIC DBL BLK NECK","","","","","",1,"ตัว",,"",0.00,"           2"
"","","","043-9IM90-RGH","GIBSON PICKUP 490R GOLD","","","","","",1,"ตัว",,"",0.00,"           3"
"","","","043-9IM98-TZB","GIBSON PICKUP 498T ZEBRA BRIDGE","","","","","",1,"ตัว",,"",0.00,"           6"
"","","","043-9PBBR-010","GB ABR-1 TUNE-O-MATIC BRIDGE CHROME","","","","","",2,"ชุด",,"",0.00,"           5"
"","","","043-9PBBR-015","GIBSON ABR-1 NICKEL W/FULL ASSEMBLY","","","","","",2,"ชุด",,"",0.00,"          17"
"","","","043-9PBBR-030","GB NASHVILLE TUNE-O-MATIC BRIDGE CHROME","","","","","",3,"ชุด",,"",0.00,"          13"
"","","","043-9PBBR-045","GB NASHVILLE TUNE-O-MATIC BRIDGE NICKEL","","","","","",1,"ชุด",,"",0.00,"          27","           1"
"","","","043-9PBBR-065","GIBSON HISTORIC NON WIRE ABR-1 BRIDGE GOLD","","","","","",4,"ชุด",,"",0.00,"           8","           1"
"","","","043-9PMMH-025","GIBSON MODERN GOLD MACHINE HEADS METAL","","","","","",3,"ชุด",,"",0.00,"          12"
"","","","043-9PMMH-030","GIBSON MACHINE HEAD BLACK GROVER","","","","","",1,"ชุด",,"",0.00,"           2"
"","","","043-9PMMH-040","GIBSON VINTAGE LP CLASSIC MACHINE HEAD","","","","","",2,"ชุด",,"",0.00,"          10"
"","","","043-9PPAT-300","GIBSON 300K OHM LINEAR TAPER LONG SHAFT","","","","","",4,"ตัว",,"",0.00,"          21"
"","","","043-9PPAT-500","GIBSON 500K OHM AUDIO TAPER LONG SHAFT","","","","","",8,"ตัว",,"",0.00,"         212","           1"
"","","","043-9PPAT-510","GIBSON 500K OHM AUDIO TAPER SHORT SHAFT","","","","","",8,"ตัว",,"",0.00,"         147","          10"
"","","","043-9PPAT-520","GIBSON 500K OHM AUDIO TAPER PUSH PULL SHAFT","","","","","",11,"ตัว",,"",0.00,"          49"
"","","","043-9PRCP-030","GIBSON SG CONTROL PLATE BLACK","","","","","",3,"ชุด",,"",0.00,"           3"
"","Music Concept WT                                         ","หน้า   :       11"
"","สินค้าคงเหลือ แยกตามคลังสินค้า    ","ณ วันที่  16 มิ.ย. 2569"
"","รหัสสินค้าจาก","001-01005-000     ","ถึง","VP-ADAPTOR-9V","วันที่ : 16/06/2569"
"","คลัง","","รหัสสินค้า","ชื่อสินค้า","","","","","","  จำนวน","","ราคาต่อหน่วย","","มูลค่าคงเหลือ","ยอดค้างรับ","ยอดค้างส่ง"
"","","","043-9PRDK-030","GIBSON LES PAUL BACKPLATE COMBO BLACK","","","","","",2,"ชุด",,"",0.00,"          21"
"","","","043-9PRHK-010","GIBSON TOP HAT KNOBS BLACK","","","","","",5,"ชุด",,"",0.00,"          32"
"","","","043-9PRHK-020","GIBSON TOP HAT KNOBS GOLD","","","","","",4,"ชุด",,"",0.00,"          49"
"","","","043-9PRJP-020","GIBSON JACK PLATE GOLD","","","","","",4,"ชุด",,"",0.00,"          26"
"","","","043-9PRJP-050","GIBSON JACK PLATE EXPLORER CHROME","","","","","",2,"ชุด",,"",0.00,"           8"
"","","","043-9PRKP-059","GB HISTORIC SPEC KNOB POINTERS NICKEL(4)","","","","","",1,"ชุด",,"",0.00,"          24"
"","","","043-9PRKP-060","GIBSON HISTORIC SPEC KNOB POINTER S GOLD (4)","","","","","",3,"ชุด",,"",0.00,"           7"
"","","","043-9PRMK-010","GB TOP HAT STYLE BLACK W/SILVER METAL INSERT","","","","","",4,"ชุด",,"",0.00,"          54"
"","","","043-9PRMK-020","GIBSON TOP HAT STYLE BLACK W/GOLD METAL INSE","","","","","",2,"ชุด",,"",0.00,"          46"
"","","","043-9PRMK-030","GB TOP HAT STYLE GOLD W/GOLD METAL INSER","","","","","",4,"ชุด",,"",0.00,"          60"
"","","","043-9PRPB-010","GIBSON PICKGUARD BRACKET GOLD","","","","","",4,"ชุด",,"",0.00,"          17"
"","","","043-9PRPB-020","GIBSON PICKGUARD BRACKET CHROME","","","","","",7,"ชุด",,"",0.00,"          11"
"","","","043-9PRPB-030","GIBSON PICKGUARD BRACKET NICKEL","","","","","",2,"ชุด",,"",0.00,"          18"
"","","","043-9PRPC-010","GIBSON NECK POSITION HUM.COVER CHROME","","","","","",3,"ตัว",,"",0.00,"          21"
"","","","043-9PRPC-015","GIBSON BRIDGE POSITION HUM.COVER CHROME","","","","","",3,"ตัว",,"",0.00,"          17"
"","","","043-9PRPC-020","GIBSON NECK POSITION HUM.COVER GOLD","","","","","",4,"ตัว",,"",0.00,"          21"
"","","","043-9PRPC-025","GIBSON BRIDGE POSITION HUM.COVER GOLD","","","","","",6,"ตัว",,"",0.00,"          24"
"","","","043-9PRPC-030","GIBSON NECK POSITION HUM.COVER NICKEL","","","","","",3,"ตัว",,"",0.00,"          33"
"","","","043-9PRPC-035","GIBSON BRIDGE POSITION HUM.COVER NICKEL","","","","","",2,"ตัว",,"",0.00,"          10"
"","","","043-9PRPC-050","GB P-90/P-100 PICKUP "SOAPBAR" COVER BLACK","","","","","",3,"ตัว",,"",0.00,"           3"
"","","","043-9PRPG-010","GIBSON LP STUDIO PICKGUARD BLACK","","","","","",1,"ชุด",,"",0.00,"           7"
"","","","043-9PRPG-020","GIBSON LP COSTOM PICKGUARD BLACK","","","","","",1,"ชุด",,"",0.00,"          13"
"","","","043-9PRPG-030","GIBSON LP STANDARD PICKGUARD CREME","","","","","",1,"ชุด",,"",0.00,"          30"
"","","","043-9PRPG-050","GIBSON HISTORIC 59 CREME PICKGUARD","","","","","",3,"ชุด",,"",0.00,"          12"
"","","","043-9PRPR-020","GIBSON PICKUP MTG.RING 3/8" BRIDGE BLACK","","","","","",3,"ชุด",,"",0.00,"          39"
"","","","043-9PRPR-035","GIBSON HISTORIC CREME NECK&BRIDGE PICKUP RING SET","","","","","",2,"ชุด",,"",0.00,"          33"
"","","","043-9PRSK-010","GIBSON SPEED KNOBS BLACK","","","","","",2,"ชุด",,"",0.00,"          48"
"","","","043-9PRSK-020","GIBSON SPEED KNOBS GOLD","","","","","",7,"ชุด",,"",0.00,"          67"
"","","","043-9PRSP-010","GIBSON LP SWITCHPLATE COVER BLACK","","","","","",2,"ชุด",,"",0.00,"          23"
"","","","043-9PRTK-020","GIBSON TOGGLE SWITCH CAP WHITE","","","","","",5,"ตัว",,"",0.00,"          42"
"","","","043-9PRTR-010","GIBSON TRUSS ROD COVER BLACK","","","","","",13,"ชุด",,"",0.00,"          87","           2"
"","","","043-9PRTR-020","GIBSON TRUSS ROD COVER LES PAUL CUSTOM","","","","","",3,"ชุด",,"",0.00,"          21"
"","","","043-9PRTR-030","GIBSON TRUSS ROD COVER LP STANDARD","","","","","",4,"ชุด",,"",0.00,"          25"
"","","","043-9PRTR-040","GIBSON TRUSS ROD COVER LP STUDIO","","","","","",4,"ชุด",,"",0.00,"           9"
"","","","043-9PRWA-020","GIBSON SWITCHWASHER BLACK / WHITE IMPRIN","","","","","",5,"อัน",,"",0.00,"          22"
"","Music Concept WT                                         ","หน้า   :       12"
"","สินค้าคงเหลือ แยกตามคลังสินค้า    ","ณ วันที่  16 มิ.ย. 2569"
"","รหัสสินค้าจาก","001-01005-000     ","ถึง","VP-ADAPTOR-9V","วันที่ : 16/06/2569"
"","คลัง","","รหัสสินค้า","ชื่อสินค้า","","","","","","  จำนวน","","ราคาต่อหน่วย","","มูลค่าคงเหลือ","ยอดค้างรับ","ยอดค้างส่ง"
"","","","043-9PRWA-030","GIBSON SWITCHWASHER CREME GOLD IMPRINT","","","","","",1,"อัน",,"",0.00,"          44"
"","","","043-9PSTS-020","GIBSON STRAIGHT TYPE W/CREAM SWITCH CAP","","","","","",7,"ตัว",,"",0.00,"          63"
"","","","043-9PTTP-010","GIBSON STOP BAR CHROME","","","","","",3,"ชุด",,"",0.00,"           9"
"","","","043-9PTTP-020","GIBSON GOLD STOP BAR WITH STUDS & INSERT","","","","","",2,"ชุด",,"",0.00,"          12"
"","","","043-9PTTP-050","GIBSON BLACK CHROME STOP BAR WITH STUDS INSERT","","","","","",2,"ชุด",,"",0.00
"","","","043-9SAG-BRW11","GB BRITE WIRE REINFORCEC ACOUSTIC GTR STRING #11","","","","","",20,"ชุด",,"",0.00,"         863","          75"
"","","","043-9SAG-BRW12","GB BRITE WIRE REINFORCEC ACOUSTIC GTR STRING #12","","","","","",10,"ชุด",,"",0.00,"         160"
"","","","043-9SAG-CBRW11","GB COATED 80/20 BRONZE ACOUSTIC GTR STRING #BRW11","","","","","",2,"ชุด",,"",0.00,"          30"
"","","","043-9SAG-CPB11","GIBSON COATED PHOSPHOR BRONZE ACOUSTIC #11","","","","","",90,"ชุด",,"",0.00,"       1,087","          95"
"","","","043-9SAG-CPB12","GIBSON COATED PHOSPHOR BRONZE ACOUSTIC #12","","","","","",38,"ชุด",,"",0.00,"         510","          60"
"","","","043-9SAG-PB11","GB PHOSPHOR BRONZE ACOUSTIC GUITAR STRING #11","","","","","",36,"ชุด",,"",0.00,"         340","          70"
"","","","043-9SAG-PB12","GB PHOSPHOR BRONZE ACOUSTIC GUITAR STRING #12","","","","","",18,"ชุด",,"",0.00,"         150","          20"
"","","","043-9SEG-BWR10","GIBSON BRITE WIRE REINFORCEC ELE GTR STRING #10","","","","","",2,"ชุด",,"",0.00,"         718","          95"
"","","","043-9SEG-BWR9","GIBSON BRITE WIRE REINFORCEC ELE GTR STRING #9","","","","","",-1,"ชุด",,"",0.00,"         862","         140"
"","","","043-9SEG-HVR11","GIBSON VINT REISSUE ELEC GUITAR STRING LIGHT #11","","","","","",1,"ชุด",,"",0.00,"          40"
"","","","043-APRB12-74XH","GB STANDARD PICK(12) EXTRA HEAVY","","","","","",3,"แพ็ค",,"",0.00,"           3"
"","","","043-APRGG-74H","GIBSON STD PICK PACK (72 PCS) BLK HEAVY","","","","","",1,"ห่อ",,"",0.00,"           1"
"","","","043-APRT12-74M","GIBSON TORTOISE PICKS 12 PACKS MEDIUM","","","","","",1,"ห่อ",,"",0.00
"","","","043-ASPIN-HMB","GIBSON HUMMINGBIRD PIN","","","","","",1,"อัน",,"",0.00,"           5"
"","","","043-ASRET-RED","GIBSON STRAP THE RETRO RED","","","","","",1,"เส้น",,"",0.00,"          15"
"","","","043-ASSLSH-GLD","GB SLASH PREMIUM LEATHER GTR STRAP BLK","","","","","",1,"เส้น",,"",0.00,"           6"
"","","","043-CASEHP-GB","GIBSON HP GIGBAG LES PAUL/SG","","","","","",1,"ใบ",,"",0.00
"","","","043-CLOCK","EPIPHONE EUROPE ROHS RED WALL CLOCK","","","","","",8,"เรือน",,"",0.00
"","","","043-FLOOR MAT","EPIPHONE FLOOR MAT ARTWORK ( พรม )","","","","","",1,"ผืน",,"",0.00
"","","","043-GA-BKMC","GIBSON BLK TRUCKER SNAPBACK","","","","","",2,"ใบ",,"",0.00,"          37"
"","","","043-GA-GGTTH","GIBSON TRISTAR TRUCKER","","","","","",1,"ใบ",,"",0.00,"           9"
"","","","043-GA-LCSTRGMD","GIBSON STAR LOGO TEE (CHARCOAL),MEDIUM","","","","","",1,"ตัว",,"",0.00,"           4"
"","","","043-GA-SLSHBBHT","GIBSON SLASH "SKULLY" BASEBALL HAT","","","","","",2,"ใบ",,"",0.00,"          15"
"","","","043-GA-SLSHTRHTB","GIBSON SLASH "SKULLY" TRUCKER HAT, BLK/BLK","","","","","",2,"ใบ",,"",0.00,"          12"
"","","","043-GS-LGMOA","GIBSON ORIGINAL MUG. 12 oz GLASS","","","","","",1,"ใบ",,"",0.00,"           1","           4"
"","","","043-PU490RDBCC4","GB 490R-"MODERN CLASSIC"(RHYTH,DOUBLE,CHROME)","","","","","",2,"ตัว",,"",0.00,"           2"
"","","","043-PU57DBGC2","GB 57 CLASSIC (DOUBLE,BLK, GOLD COVER)","","","","","",1,"ตัว",,"",0.00,"           6"
"","","","043-PU57UDB2","GB 57 CLASSIC UNDERWOUND (DBL BLK,UNDERWOUND,2 CON","","","","","",1,"ชุด",,"",0.00,"           1"
"","","","043-PU57UZB2","GB 57 CLASSIC UNDERWOUND (ZEBRA, UNDERWOUND, 2 CON","","","","","",1,"ชุด",,"",0.00,"           1"
"","","","043-PUCBUDB2","GIBSON CSTM BUCKER UNDERWOOD HUMB PU DBL BLK","","","","","",1,"ตัว",,"",0.00,"           5"
"","Music Concept WT                                         ","หน้า   :       13"
"","สินค้าคงเหลือ แยกตามคลังสินค้า    ","ณ วันที่  16 มิ.ย. 2569"
"","รหัสสินค้าจาก","001-01005-000     ","ถึง","VP-ADAPTOR-9V","วันที่ : 16/06/2569"
"","คลัง","","รหัสสินค้า","ชื่อสินค้า","","","","","","  จำนวน","","ราคาต่อหน่วย","","มูลค่าคงเหลือ","ยอดค้างรับ","ยอดค้างส่ง"
"","","","043-STOOL","EPIPHONE STOOL ( เก้าอี้ )","","","","","",10,"ตัว",,"",0.00
"","","","044-01030","DIGITECH BASS SQUEEZE COMPRESSOR","","","","","",1,"เครื่อง",,"",0.00,"           1"
"","","","044-31006","DIGITECH HARDWIRE DELAY LOOPER DL-8","","","","","",1,"ตัว",,"",0.00,"           4"
"","","","044-XMSV","DIGITECH X-SERIES MAIN SQUEEZE","","","","","",1,"ตัว",,"",0.00,"           2"
"","","","046-01004-MDR","STERLING JP60 MYSTIC DREAM","","","","","",1,"ตัว",,"",0.00,"          72"
"","","","046-01015-PNB","STERLING JP157 FLAME MAPLE PURPLE NEBULA W/BAG","","","","","",1,"ตัว",,"",0.00,"           2"
"","","","046-01028-DBL","STERLING SR 30 DAPHNE BLUE","","","","","",1,"ตัว",,"",0.00,"           3"
"","","","046-01029-NBL","STERLING AX-3FM MN NEPTUNE BLUE","","","","","",1,"ตัว",,"",0.00,"          21"
"","","","046-01033-CFR","STERLING CUTLASS CT-50 HSS CHARCOAL FROST","","","","","",1,"ตัว",,"",0.00,"           4"
"","","","046-01038-TGE","STERLING MAJESTY MAJ200XFM TIGER EYE W/BAG","","","","","",1,"ตัว",,"",0.00,"           2"
"","","","046-01043-CGR","STERLING CUTLASS PLUS CT-50X HSS CHALK GREY","","","","","",1,"ตัว",,"",0.00,"           3"
"","","","046-01044-CBB","STERLING SABRE IN COBRA BURST","","","","","",1,"ตัว",,"",0.00,"           2"
"","","","046-01052-FMPS","STERIING KAIZEN 7 STRING IN FIREMIST PURPLE SATIN","","","","","",1,"ตัว",,"",0.00,"           2"
"","","","046-01052-SBK","STERIING KAIZEN 7 STRING IN STEALTH BLACK","","","","","",1,"ตัว",,"",0.00,"           2"
"","","","046-01054-YUB","STERLING LUKE-100 HSS YUCATAN BLUE","","","","","",1,"ตัว",,"",0.00,"           1"
"","","","046-02003-BK","STERLING BASS SUB RAY 4 BLACK","","","","","",1,"ตัว",,"",0.00,"          44","           2"
"","","","046-02003-WS","STERLING BASS SUB RAY 4 WALNUT SATIN","","","","","",1,"ตัว",,"",0.00,"          23","           1"
"","","","046-02011-CHG","STERLING SHORT SCALE BASS CHARGING GRN","","","","","",2,"ตัว",,"",0.00,"           2"
"","","","046-02011-PSK","STERLING SHORT SCALE BASS PURPLE SPARKLE","","","","","",1,"ตัว",,"",0.00,"           1"
"","","","046-02017-FPS","STERLING BONGO IN FIREMIST PURPLE SATIN","","","","","",1,"ตัว",,"",0.00,"           5"
"","","","046-02017-SBK","STERLING BONGO IN STEALTH BLACK","","","","","",1,"ตัว",,"",0.00,"           4"
"","","","046-02019-OCR","STERLING MIKE HERRERA SIGN ORANGE CREAMSICLE","","","","","",1,"ตัว",,"",0.00,"           5"
"","","","046-RP018","STERLING  M807CR L4/R2","","","","","",1,"ตัว",,"",0.00
"","","","050-01013-01","ADAPTER BLACKSTAR FLY 3","","","","","",29,"อัน",,"",0.00
"","","","050-01015","ADAPTER 9V AC AELESIS, DIGITECH บางรุ่น","","","","","",10,"อัน",,"",0.00
"","","","050-01017","ADAPTER 12V VOX DA5,TONELAB ST","","","","","",9,"อัน",,"",0.00,"          49","           1"
"","","","050-01018","ADAPTER TONELAB LE,TRITON LE,TR, KARMA","","","","","",2,"ชุด",,"",0.00,"","           2"
"","","","050-01019","ADAPTER 9V DC 800MA","","","","","",12,"ตัว",,"",0.00
"","","","050-01021","กระเป๋าสปันบอน MSCC LOGO (ใหญ่)","","","","","",13,"ใบ",,"",0.00
"","","","050-01022","กระเป๋าสปันบอน MSCC LOGO (เล็ก)","","","","","",37,"ใบ",,"",0.00
"","","","050-01024","ADAPTER 9V DC 2A (ใช้ได้กับ KORG หลายรุ่น)","","","","","",1,"ก้อน",,"",0.00,"          84","           1"
"","","","050-01025","ADAPTER 12V 3.34A (FOR KROME)","","","","","",9,"อัน",,"",0.00,"         140","           1"
"","","","050-01025-01","ADAPTER 12V 3.3A (FOR KORG B2)","","","","","",4,"อัน",,"",0.00,"         181"
"","","","050-01025-02","ADAPTER 12V 4A FOR HEADRUSH FLEXX PRIME","","","","","",34,"อัน",,"",0.00,"          37"
"","","","050-01026-01","ADAPTER 19.5V 4.74A (FOR LP380)","","","","","",8,"อัน",,"",0.00,"         109"
"","Music Concept WT                                         ","หน้า   :       14"
"","สินค้าคงเหลือ แยกตามคลังสินค้า    ","ณ วันที่  16 มิ.ย. 2569"
"","รหัสสินค้าจาก","001-01005-000     ","ถึง","VP-ADAPTOR-9V","วันที่ : 16/06/2569"
"","คลัง","","รหัสสินค้า","ชื่อสินค้า","","","","","","  จำนวน","","ราคาต่อหน่วย","","มูลค่าคงเหลือ","ยอดค้างรับ","ยอดค้างส่ง"
"","","","050-03001","ALLOCACOC POWERCUBE ORIGINAL USB RED (สินค้าแถม)","","","","","",2,"อัน",,"",0.00
"","","","050-03002","ALLOCACOC POWERCUBE EXTENDED USB RED (สินค้าแถม)","","","","","",2,"อัน",,"",0.00
"","","","050-04030","HEADRUSH BAG","","","","","",3,"ใบ",,"",0.00,"           9"
"","","","050-07001","PAD THAI STRAP","","","","","",1,"เส้น",,"",0.00
"","","","050-10001","HERCULES GSP-40WB (ที่แขวนกีต้าร์)","","","","","",9,"ชุด",,"",0.00,"          12"
"","","","050-10007","HERCULES GS-301B (ขาตั้งกีตาร์โปร่ง)","","","","","",1,"ตัว",,"",0.00
"","","","050-10017","HERCULES GSP-38WB (ที่แขวนกีตาร์)","","","","","",1,"อัน",,"",0.00,"         116"
"","","","050-10029","HERCULES GS-414B PLUS (ขาตั้งกีต้าร์)","","","","","",4,"ชุด",,"",0.00,"          29"
"","","","050-10030","STRING SWING ''CC01K'' (ที่แขวนกีต้าร์ ขาไม้)","","","","","",4,"ชุด",,"",0.00,"         110"
"","","","050-10031","STRING SWING ''CC02'' ที่แขวนกีต้าร์ ขาเหล็ก","","","","","",1,"ชุด",,"",0.00,"          38"
"","","","050-10032","STRING SWING ''CC151'' ที่แขวนกีต้าร์ 45 องศา","","","","","",4,"ชุด",,"",0.00,"           6"
"","","","050-11012","ขั้วถ่าน 9V สายออกกลาง ZH851","","","","","",69,"ชุด",,"",0.00
"","","","050-11013","MIC HOLDER (ที่หนีบไมค์)","","","","","",1,"ตัว",,"",0.00
"","","","050-11015","ปลั๊กแปลง EA-OF","","","","","",8,"ชิ้น",,"",0.00
"","","","050-11016","ปลั๊กแปลง TOSHINO","","","","","",13,"ชิ้น",,"",0.00
"","","","050-12016","หัวแจ๊ค MONO 6.35mm เหล็ก E201C(ใหม่)","","","","","",50,"อัน",,"",0.00
"","","","050-12017","หัวแจ๊ค TR ST 3.5MM เหล็กขั้วทองE168D","","","","","",1,"หัว",,"",0.00
"","","","050-12018","หัวแจ๊ค TS 6.35MM ขั้วงอ90องศา E201L","","","","","",4,"หัว",,"",0.00
"","","","050-12020","หัวแจ๊ค TS MONO 3.5MM เหล็กขั้วทองE168C","","","","","",5,"หัว",,"",0.00
"","","","050-12021","ปลั๊กลำโพง SPEAKON ต่อสายกดล๊อค E122","","","","","",9,"หัว",,"",0.00
"","","","050-12022","MUSIC CONCEPT INSTRUMENT EXTENDER","","","","","",100,"ตัว",,"",0.00
"","","","050-12023","MUSIC CONCEPT MICROPHONE EXTENDER","","","","","",100,"ตัว",,"",0.00
"","","","050-12024","JACK CONVERTER ADAPTER 3.5 MM to 1/4","","","","","",71,"อัน",,"",0.00
"","","","050-12025","JACK CONVERTER ADAPTER 1/4 to 3.5 MM","","","","","",104,"อัน",,"",0.00
"","","","050-13005","สายสัญญาณ MICROPHONE MONO CABLE/DYNACOM","","","","","",79,"เมตร",,"",0.00
"","","","050-13007","สาย AUX","","","","","",6,"เส้น",,"",0.00
"","","","050-15001","หนังสือ FRONTLINE","","","","","",59,"เล่ม",,"",0.00
"","","","050-20002","GIBSON TOTE BAG","","","","","",19,"ใบ",,"",0.00
"","","","050-20004","GIBSON PICK CASE","","","","","",136,"ชิ้น",,"",0.00
"","","","050-20005","GIBSON ACCESSORY PACK","","","","","",2,"ชิ้น",,"",0.00
"","","","050-20006","TOTE BAG (MUSIC CONCEPT X BIGTONE)","","","","","",47,"ใบ",,"",0.00
"","","","050-40001","ANATTA TREMOLO TENSION SPRING","","","","","",3,"ชุด",,"",0.00
"","","","050-40002","ANATTA BRIDGE TREMOLO (SET)","","","","","",3,"ชุด",,"",0.00
"","","","050-6960111072","FENDER NEWPORT LOUDSPEAKER BLUETOOTH - BLUE","","","","","",1,"เครื่อง",,"",0.00
"","","","050-6960213001","FENDER MONTEREY TWEED LOUDSPEAKER BLUETOOTH","","","","","",2,"เครื่อง",,"",0.00
"","Music Concept WT                                         ","หน้า   :       15"
"","สินค้าคงเหลือ แยกตามคลังสินค้า    ","ณ วันที่  16 มิ.ย. 2569"
"","รหัสสินค้าจาก","001-01005-000     ","ถึง","VP-ADAPTOR-9V","วันที่ : 16/06/2569"
"","คลัง","","รหัสสินค้า","ชื่อสินค้า","","","","","","  จำนวน","","ราคาต่อหน่วย","","มูลค่าคงเหลือ","ยอดค้างรับ","ยอดค้างส่ง"
"","","","050-99999","สินค้าซื้อมาขายไป","","","","","",1,"รายการ",,"",0.00
"","","","050-PM-KEYCHAIN","PROMARK FIREGRAIN KEY CHAIN","","","","","",39,"อัน",,"",0.00
"","","","051-04030","CD/OLARN, THE/กุมภาพันธ์ 2528(AM)","","","","","",1,"แผ่น",,"",0.00
"","","","051-06003","ผ้าไมโครไฟเบอร์ MUSIC CONCEPT(TB10-4040)","","","","","",73,"ผืน",,"",0.00,"       1,892","           2"
"","","","051-07004","VISUAL SOUND MUTI DC CABLE MC-5","","","","","",1,"เส้น",,"",0.00,"","           2"
"","","","051-10001","เก้าอี้เปียโน","","","","","",2,"ตัว",,"",0.00
"","","","051-11001","ที่เก็บกุญแจ MARSHALL JACK RACK II","","","","","",1,"อัน",,"",0.00,"","           1"
"","","","051-11003","หนังสือ สัมพันธ์ "BY นรเทพ มาแสง"","","","","","",43,"เล่ม",,"",0.00
"","","","999-01001","เงินดาวน์","","","","","",99980,"รายการ",,"",0.00
"","","","999-01002","เงินมัดจำ","","","","","",99895,"รายการ",,"",0.00
"","","","999-01003","รับชำระหนี้","","","","","",99717,"รายการ",,"",0.00
"","","","BS-BA101004","BS FS-11 FOOT CONTROLLED ID CORE 20/40","","","","","",1,"อัน",,"",0.00,"          55"
"","","","BS-BA102016","BLACKSTAR FLY PACK BLK 3 W MINI AP, 3W EXT CAB","","","","","",2,"ตู้",,"",0.00,"          18"
"","","","BS-BA102018","BLACKSTAR FLY 3 BLUETOOTH MINI GTR AMP","","","","","",1,"ตู้",,"",0.00,"         238"
"","","","BS-BA102032","BLACKSTAR FLY 3 COMBO MINI AMP. VINTAGE","","","","","",1,"ตู้",,"",0.00,"          70"
"","","","BS-BA102066","BLACKSTAR FLY 3 ACOUSTIC","","","","","",2,"ตู้",,"",0.00,"          78"
"","","","BS-BA102068","BLACKSTAR FLY 3 ACOUSTIC CABINET","","","","","",1,"ตู้",,"",0.00,"           7"
"","","","BS-BA102089","BLACKSTAR FLY3 3W COMBO MINI AMP.SUGAR SKULL 2","","","","","",1,"ตู้",,"",0.00,"          18"
"","","","BS-BA102091","BLACKSTAR FLY SURF GREEN","","","","","",1,"ตู้",,"",0.00,"          26"
"","","","BS-BA102105","BLACKSTAR FLY 3 BASS SHELL PINK","","","","","",1,"ตู้",,"",0.00,"           9"
"","","","BS-BA102108","BLACKSTAR FLY 3 BABY BLUE UNION FLAG SPCL","","","","","",1,"ตู้",,"",0.00,"          14"
"","","","BS-BA119026","BLACKSTAR HT CLUB 40 MKII 6L6","","","","","",1,"ตัว",,"",0.00,"           4"
"","","","BS-BA126003","BLACKSTAR HT-5R MKII VALVE COMBO","","","","","",1,"ตู้",,"",0.00,"          28"
"","","","BS-BA126017","BLACKSTAR JJN-20R MKII","","","","","",1,"ตู้",,"",0.00,"           4"
"","","","BS-BA126029","BLACKSTAR HT-1RH MKII VALVE HEAD","","","","","",1,"ตู้",,"",0.00,"           9"
"","","","BS-BA129010-E","BLACKSTAR DEPT. 10 AMPED 3","","","","","",1,"ตู้",,"",0.00
"","","","BS-BA129012","BLACKSTAR DEPT. 10 AMPED 2","","","","","",2,"เครื่อง",,"",0.00,"           4"
"","","","BS-BA134014","BLACKSTAR STUDIO 10 EL34","","","","","",1,"ตู้",,"",0.00,"           5"
"","","","BS-BA134016","BLACKSTAR STUDIO 10 6L6 SURF GREEN","","","","","",1,"ตู้",,"",0.00,"           3"
"","","","BS-BA134019","BLACKSTAR CARMEN VANDENBERG 10","","","","","",1,"ตู้",,"",0.00,"           3"
"","","","BS-BA144024","BLACKSTAR SUPER FLY ACTIVE CAB","","","","","",1,"ตู้",,"",0.00,"           3","           3"
"","","","BS-BA144032","BLACKSTAR CB-1 SUPER FLY PADED GIGBAG","","","","","",1,"ใบ",,"",0.00,"           3"
"","","","BS-BA153006","BLACKSTAR SONNET 120 BLONDE","","","","","",2,"ตู้",,"",0.00,"           4"
"","","","BS-BA153010","BLACKSTAR SONNET 60 BLACK","","","","","",1,"ตู้",,"",0.00,"           7"
"","","","BS-BA154100","BLACKSTAR AMPLUG AP2-FLY GUITAR","","","","","",18,"ตัว",,"",0.00,"         165"
"","Music Concept WT                                         ","หน้า   :       16"
"","สินค้าคงเหลือ แยกตามคลังสินค้า    ","ณ วันที่  16 มิ.ย. 2569"
"","รหัสสินค้าจาก","001-01005-000     ","ถึง","VP-ADAPTOR-9V","วันที่ : 16/06/2569"
"","คลัง","","รหัสสินค้า","ชื่อสินค้า","","","","","","  จำนวน","","ราคาต่อหน่วย","","มูลค่าคงเหลือ","ยอดค้างรับ","ยอดค้างส่ง"
"","","","BS-BA155010","BLACKSTAR ID CORE STEREO 10 V4","","","","","",3,"ตู้",,"",0.00,"         170"
"","","","BS-BA155012","BLACKSTAR ID CORE STEREO 20 V4","","","","","",1,"ตู้",,"",0.00,"         172"
"","","","BS-BA155014","BLACKSTAR ID CORE STEREO 40 V4","","","","","",1,"ตู้",,"",0.00,"         126"
"","","","BS-BA169200","BLACKSTAR ZAM HTV 412B MKII DUMMY HEAD (ตัวโชว์)","","","","","",1,"เครื่อง",,"",0.00,"           1"
"","","","BS-BA169202","BLACKSTAR ZAM HTV 412B MKII DUMMY CAB (ตัวโชว์)","","","","","",1,"ตู้",,"",0.00,"           1"
"","","","BS-BA173010","BLACKSTAR SILVERLINE STANDARD 20W","","","","","",1,"ตู้",,"",0.00,"          10"
"","","","BS-BA174012","BLACKSTAR DEBUT BASS 25","","","","","",1,"ตู้",,"",0.00,"           8"
"","","","BS-BA180023","BLACKSTAR ST. JAMES 6L6 TOBY LEE PACK","","","","","",1,"ตู้",,"",0.00,"           3"
"","","","BS-BA185010","BLACKSTAR DEPT. 10 AMPED 1","","","","","",1,"เครื่อง",,"",0.00,"           9"
"","","","BS-BA190010","BLACKSTAR LIVE L0GIC MIDI FOOTCONTROLLER","","","","","",1,"ตัว",,"",0.00,"          16"
"","","","BS-BA195010","BLACKSTAR DEPT.10 DUAL DRIVE","","","","","",1,"ตัว",,"",0.00,"          15"
"","","","BS-BA195016","BLACKSTAR DEPT. 10 BOOST","","","","","",1,"ตัว",,"",0.00,"          10"
"","","","BS-BA198024","BLACKSTAR DEBUT 15E BLACK","","","","","",2,"ตู้",,"",0.00,"          86"
"","","","BS-BA206010","BLACKSTAR BEAM HEADPHONE AMP","","","","","",7,"อัน",,"",0.00,"          76"
"","","","BS-BA220010","BLACKSTAR FLY3 CHARGE","","","","","",1,"ตู้",,"",0.00,"          53"
"","","","BS-BA227090","BLACKSTAR CARRY-ON BASS GIGBAG","","","","","",2,"ใบ",,"",0.00,"          17"
"","","","BS-BA231026","BLACKSTAR STD CABLE 6M S/A","","","","","",1,"เส้น",,"",0.00,"          10"
"","","","BS-BA231034","BLACKSTAR PROF INST CABLE 6M S/S SINGLE PACKED","","","","","",2,"เส้น",,"",0.00,"          15"
"","","","BS-BA231038","BLACKSTAR PROFESSIONAL INSTRUMENT CABLE 6M S/A","","","","","",1,"เส้น",,"",0.00,"          10"
"","","","BS-BA231042","BLACKSTAR XLR CABLE 6M F/M","","","","","",1,"เส้น",,"",0.00,"          15"
"","","","BS-BA256020","BS FLOOR 1 MULTI-FX UNIT FS MODEL W/EXPRESSION PED","","","","","",2,"ตัว",,"",0.00,"          32"
"","","","BS-BA256022","BS FLOOR 2 MULTI-FX UNIT FS MODEL W/EXPRESSION PED","","","","","",2,"ตัว",,"",0.00,"          16"
"","","","BS-BA261010","BLACKSTAR IDX:50","","","","","",1,"ตู้",,"",0.00,"          18"
"","","","BS-BA278010","BLACKSTAR AIRWIRE I58-WIRELESS GTR SYSTEM","","","","","",4,"ตัว",,"",0.00,"          18"
"","","","BS-BA282010","BLACKSTAR ARTIST FR STD 50W 1X12","","","","","",6,"ตู้",,"",0.00,"          22"
"","","","BS-BA900601","BLACKSTAR PSU-3 - 10V 3A - ID:CORE10/20","","","","","",1,"ตัว",,"",0.00,"          22"
"","","","BS-BA901008","BLACKSTAR FS-17 2 BUTTON","","","","","",2,"ตัว",,"",0.00,"           3"
"","","","BS-BA901014","BLACKSTAR FS-18 2 WAY FOOTCONTROLLER","","","","","",3,"อัน",,"",0.00
"","","","BS-FLOORMAT","BLACKSTAR FLOORMAT","","","","","",2,"ผืน",,"",0.00,"           2"
"","","","BS-LEDSIGN","BLACKSTAR LED SING","","","","","",1,"อัน",,"",0.00,"           3"
"","","","BS-STK01248","BLACKSTAR AUTHORISED DEALER STICKER","","","","","",49,"แผ่น",,"",0.00,"          50"
"","","","CR-CIB","CRUSH LUG COLOR INCERT BLACK","","","","","",4,"อัน",,"",0.00
"","","","DD-1DBU5-10","D'ADDARIO DURALIN STD GUITAR PICK IN BLUE MED-HVY","","","","","",7,"ตัว",,"",0.00,"         120"
"","","","DD-1DGN4-10","D'ADDARIO DURALIN STD GUITAR PICK IN GREEN MEDIUM","","","","","",4,"ตัว",,"",0.00,"         120"
"","","","DD-1DPR6-10","D'ADDARIO DURALIN STD GUITAR PICK IN PURPLE HVY","","","","","",7,"ตัว",,"",0.00,"         120"
"","Music Concept WT                                         ","หน้า   :       17"
"","สินค้าคงเหลือ แยกตามคลังสินค้า    ","ณ วันที่  16 มิ.ย. 2569"
"","รหัสสินค้าจาก","001-01005-000     ","ถึง","VP-ADAPTOR-9V","วันที่ : 16/06/2569"
"","คลัง","","รหัสสินค้า","ชื่อสินค้า","","","","","","  จำนวน","","ราคาต่อหน่วย","","มูลค่าคงเหลือ","ยอดค้างรับ","ยอดค้างส่ง"
"","","","DD-1DYL3-10","D'ADDARIO DURALIN STD GUITAR PICK IN YLW LIGHT/MED","","","","","",3,"ตัว",,"",0.00,"         120"
"","","","DD-CGT10NYXL0942","DD NYXL SUPER LIGHT#9-42-PW CLSSC INSTR 10"","","","","","",3,"ชุด",,"",0.00,"          34"
"","","","DD-CGT10NYXL1046","D'ADDARIO NYXL SUPER LIGHT#10-46-PW CLSSC INSTR 10","","","","","",4,"ชุด",,"",0.00,"          61","           3"
"","","","DD-EJ10","D'ADDARIO ACOUSTIC X-LIGHT EJ10 #10-47","","","","","",17,"ชุด",,"",0.00,"       2,090","         120"
"","","","DD-EJ11","D'ADDARIO ACOUSTIC LIGHT EJ11 #12-53","","","","","",4,"ชุด",,"",0.00,"         565","          51"
"","","","DD-EJ12","D'ADDARIO ACOUSTIC MEDIUM EJ12 #13-56","","","","","",10,"ชุด",,"",0.00,"          60"
"","","","DD-EJ13","D'ADDARIO A. CUSTOM LIGHT EJ13 #11-52","","","","","",4,"ชุด",,"",0.00,"         530","          35"
"","","","DD-EJ15","D'ADDARIO A. PHOS BRZ X-LIGHT EJ15 #10-47","","","","","",17,"ชุด",,"",0.00,"       2,235","         160"
"","","","DD-EJ16-E","DD ACOUSTIC PHOS BRZ REG LIGHT #12-53 +1STRING","","","","","",9,"ชุด",,"",0.00,"         100"
"","","","DD-EJ21","DD ELEC GTR XL JAZZ LITE","","","","","",4,"ชุด",,"",0.00,"          47"
"","","","DD-EJ26","D'ADDARIO A. PHOS CSTM LIGHT EJ26 #11-52","","","","","",2,"ชุด",,"",0.00,"       1,680","         140"
"","","","DD-EJ27N","D'ADDARIO CLASSIC NYLON NORMAL TENSION EJ27N JADE","","","","","",21,"ชุด",,"",0.00,"       2,685","          82"
"","","","DD-EJ41","D'ADDARIO PHOS BRZ 12 STRING E-LIGHT EJ41 #9-45","","","","","",14,"ชุด",,"",0.00,"          30","          10"
"","","","DD-EJ45","D'ADDARIO PRO ARTE NYLON NORMAL TENSION EJ45","","","","","",1,"ชุด",,"",0.00,"         605","         175"
"","","","DD-EJ46","D'ADDARIO PRO ARTE NYLON HARD TENSION EJ46","","","","","",17,"ชุด",,"",0.00,"         440","          10"
"","","","DD-EJ46LP","D'ADDARIO PRO ARTE LIGHTLY POLISHED EJ46LP","","","","","",14,"ชุด",,"",0.00,"          20"
"","","","DD-EJ49","D'ADDARIO PRO ARTE BLACK NYLON EJ49","","","","","",9,"ชุด",,"",0.00,"         120"
"","","","DD-EJ65C","D'ADDARIO UKULELE CONCERT CLEAR NYLON","","","","","",6,"ชุด",,"",0.00,"         110","           2"
"","","","DD-EJ65S","D'ADDARIO UKULELE SOPRANO CLEAR NYLON","","","","","",13,"ชุด",,"",0.00,"          90","           4"
"","","","DD-EPS170-5","D'ADDARIO PRO STEELS 5-BASS REG LIGHT 45-130","","","","","",7,"ชุด",,"",0.00,"         298","           5"
"","","","DD-EPS530","DD PRO STEELS X-SUPER LIGHT EPS530 #8-32","","","","","",28,"ชุด",,"",0.00,"          50"
"","","","DD-EXL110","D'ADDARIO NICKEL WOUND REG LIGHT EXL110 #10-46","","","","","",154,"ชุด",,"",0.00,"      35,482","       2,438"
"","","","DD-EXL110-7","D'ADDARIO NICKEL WOUND 7 STRING REG LIGHT#10-59","","","","","",15,"ชุด",,"",0.00,"         402","          68"
"","","","DD-EXL110BT","D'ADDARIO NICKEL WOUND REG BALANCE 10-46","","","","","",6,"ชุด",,"",0.00,"         130"
"","","","DD-EXL115","D'ADDARIO NICKEL WOUND MEDIUM EXL115 #11-49","","","","","",5,"ชุด",,"",0.00,"       1,523","         217"
"","","","DD-EXL115BT","DD NICKEL WOUND REG BALANCE 10-46","","","","","",30,"ตัว",,"",0.00,"          40"
"","","","DD-EXL120","D'ADDARIO NICKEL WOUND SUPER LIGHT EXL120 #9/42","","","","","",89,"ชุด",,"",0.00,"      13,813","       1,062"
"","","","DD-EXL120+","DD NICKEL SUPER LIGHT PLUS EXL120+ #9.5/44","","","","","",9,"ชุด",,"",0.00,"       1,130","         134"
"","","","DD-EXL120-7","D'ADDARIO NICKEL WOUND 7 STRING SUPER LIGHT 9-54","","","","","",17,"ชุด",,"",0.00,"          90","          20"
"","","","DD-EXL120BT","DD NICKEL WOUND SUPER LIGHT BALANCE 9-40","","","","","",4,"ชุด",,"",0.00,"          10"
"","","","DD-EXL125","D'ADDARIO  SUPER LIGHT TOP/REG BTM EXL125 #9-46","","","","","",7,"ชุด",,"",0.00,"         750","          19"
"","","","DD-EXL130","D'ADDARIO NICKEL WOUND X-SUPER LT EXL130 #8-38","","","","","",15,"ชุด",,"",0.00,"         200","          10"
"","","","DD-EXL140","D'ADDARIO LIGHT TOP/HEAVY BOTTOM EXL140 #10-52","","","","","",11,"ชุด",,"",0.00,"       1,070","           5"
"","","","DD-EXL150","D'ADDARIO 12 STRING REGULAR LIGHT EXL150 #10-46","","","","","",8,"ชุด",,"",0.00,"          30"
"","","","DD-EXL157","DD NICKEL WOUND BARITONE XL MED #14-68","","","","","",5,"ชุด",,"",0.00,"          52"
"","Music Concept WT                                         ","หน้า   :       18"
"","สินค้าคงเหลือ แยกตามคลังสินค้า    ","ณ วันที่  16 มิ.ย. 2569"
"","รหัสสินค้าจาก","001-01005-000     ","ถึง","VP-ADAPTOR-9V","วันที่ : 16/06/2569"
"","คลัง","","รหัสสินค้า","ชื่อสินค้า","","","","","","  จำนวน","","ราคาต่อหน่วย","","มูลค่าคงเหลือ","ยอดค้างรับ","ยอดค้างส่ง"
"","","","DD-EXL170","D'ADDARIO NICKEL WOUND BASS REG LIGHT #45-100","","","","","",1,"ชุด",,"",0.00,"       1,339","         116"
"","","","DD-EXL170-5","D'ADDARIO NICKEL WOUND 5-BASS REG LIGHT #45-130","","","","","",18,"ชุด",,"",0.00,"       1,308","         132"
"","","","DD-EXL230","D'ADDARIO NICKEL WOUND BASS HVY EXL230 #55-110","","","","","",4,"ชุด",,"",0.00,"         127","          25"
"","","","DD-EXP115","D'ADDARIO COATED NICKEL MEDIUM EXP115 #11-49","","","","","",19,"ชุด",,"",0.00,"          40"
"","","","DD-EXP125","D'ADDARIO COATED SUPER LT TOP/REG BOTTOM #9-46","","","","","",22,"ชุด",,"",0.00,"          60","           1"
"","","","DD-EXP13","D'ADDARIO COATED A. EXP13 BRZ CUSTOM LIGHT 11-52","","","","","",1,"ชุด",,"",0.00,"          90"
"","","","DD-EXP15","D'ADDARIO COATED A. EXP15 PHOS BRZ X-LITE 10/47","","","","","",7,"ชุด",,"",0.00,"         330","          10"
"","","","DD-EXP17","D'ADDARIO COATED A. EXP17 PHOS BRZ MED 13/56","","","","","",10,"ชุด",,"",0.00
"","","","DD-EZ890","D'ADDARIO A. 85/15 BRONZE SUPER LT EZ890 #9-45","","","","","",105,"ชุด",,"",0.00,"       8,649","         445"
"","","","DD-EZ900","D'ADDARIO A. 85/15 BRONZE X-LIGHT EZ900 #10-50","","","","","",42,"ชุด",,"",0.00,"      52,985","       1,866"
"","","","DD-EZ910","D'ADDARIO A. 85/15 BRONZE LIGHT EZ910 #11-52","","","","","",76,"ชุด",,"",0.00,"      16,495","         920"
"","","","DD-EZ920","D'ADDARIO A. 85/15 BRONZE MED LIGHT EZ920 #12-54","","","","","",-5,"ชุด",,"",0.00,"       5,350","         311"
"","","","DD-NW024","D'ADDARIO NICKEL WOUND STRING #024","","","","","",15,"เส้น",,"",0.00,"         180","          60"
"","","","DD-NW030","D'ADDARIO NICKEL WOUND STRING #030","","","","","",26,"เส้น",,"",0.00,"          30"
"","","","DD-NW032","D'ADDARIO NICKEL WOUND STRING #032","","","","","",15,"เส้น",,"",0.00,"          13"
"","","","DD-NW036","D'ADDARIO NICKEL WOUND STRING #036","","","","","",19,"เส้น",,"",0.00,"          97","          10"
"","","","DD-NW042","D'ADDARIO NICKEL WOUND STRING #042","","","","","",17,"เส้น",,"",0.00,"          50"
"","","","DD-NW046","D'ADDARIO NICKEL WOUND STRING #046","","","","","",26,"เส้น",,"",0.00,"          81","          10"
"","","","DD-NW052","D'ADDARIO NICKEL WOUND STRING #052","","","","","",12,"เส้น",,"",0.00,"          35"
"","","","DD-NW054","D'ADDARIO NICKEL WOUND STRING #054","","","","","",9,"เส้น",,"",0.00,"          25","          10"
"","","","DD-NW059","D'ADDARIO NICKEL WOUND STRING #059","","","","","",4,"เส้น",,"",0.00,"          27"
"","","","DD-NW062","D'ADDARIO NICKEL WOUND STRING #062","","","","","",5,"เส้น",,"",0.00,"          25"
"","","","DD-NYXL0942","D'ADDARIO NYXL0942 SUPER LIGHT #9-42","","","","","",13,"ชุด",,"",0.00,"         210","          30"
"","","","DD-NYXL0946","D'ADDARIO NYXL0946 SUPER LT TOP/REG BTM #9-46","","","","","",13,"ชุด",,"",0.00,"         135"
"","","","DD-NYXL1052","D'ADDARIO NYXL1052 LIGHT TOP/HEAVY BTM #10-52","","","","","",1,"ชุด",,"",0.00,"         130"
"","","","DD-NYXL1149","D'ADDARIO NYXL1149 MEDIUM #11-49","","","","","",15,"ชุด",,"",0.00,"         120"
"","","","DD-NYXL45100","DD NYXL SET LONG SCALE REG LIGHT 45/100","","","","","",16,"ชุด",,"",0.00,"         130","           6"
"","","","DD-NYXL45130","DD NYXL LONG SCALE REG 5 STRING 45/130","","","","","",2,"ชุด",,"",0.00,"         160","           9"
"","","","DD-PH-01","D'ADDARIO PICK HOLDER","","","","","",1,"อัน",,"",0.00,"          10"
"","","","DD-PL008","D'ADDARIO PLAIN STEEL SINGLE #008","","","","","",6,"เส้น",,"",0.00,"          10"
"","","","DD-PL009","D'ADDARIO PLAIN STEEL SINGLE #009","","","","","",27,"เส้น",,"",0.00,"       2,093","         330"
"","","","DD-PL010","D'ADDARIO PLAIN STEEL SINGLE #010","","","","","",3,"เส้น",,"",0.00,"       2,582","         289"
"","","","DD-PL011","D'ADDARIO PLAIN STEEL SINGLE #011","","","","","",21,"เส้น",,"",0.00,"       1,221","          55"
"","","","DD-PL012","D'ADDARIO PLAIN STEEL SINGLE #012","","","","","",5,"เส้น",,"",0.00,"         192","          35"
"","","","DD-PL013","D'ADDARIO PLAIN STEEL SINGLE #013","","","","","",32,"เส้น",,"",0.00,"         997","          25"
"","Music Concept WT                                         ","หน้า   :       19"
"","สินค้าคงเหลือ แยกตามคลังสินค้า    ","ณ วันที่  16 มิ.ย. 2569"
"","รหัสสินค้าจาก","001-01005-000     ","ถึง","VP-ADAPTOR-9V","วันที่ : 16/06/2569"
"","คลัง","","รหัสสินค้า","ชื่อสินค้า","","","","","","  จำนวน","","ราคาต่อหน่วย","","มูลค่าคงเหลือ","ยอดค้างรับ","ยอดค้างส่ง"
"","","","DD-PL014","D'ADDARIO PLAIN STEEL SINGLE #014","","","","","",6,"เส้น",,"",0.00,"         454","          42"
"","","","DD-PL016","D'ADDARIO PLAIN STEEL SINGLE #016","","","","","",16,"เส้น",,"",0.00,"         548","         100"
"","","","DD-XSAPB1152","DADDARIO SET ACOUSTIC XS CSTM LIGHT","","","","","",6,"ชุด",,"",0.00,"         829","          32"
"","","","DD-XSAPB1253","DADDARIO SET ACOUSTIC XS LIGHT","","","","","",5,"ชุด",,"",0.00,"         529","          14"
"","","","DD-XSE0942","DD XSE NICKLE-PLATED STEEL COATED SUPER LIGHT 9-42","","","","","",13,"ชุด",,"",0.00,"         805","          67"
"","","","DD-XSE0946","DD XSE NICK-PLAT STE. COATED SUPER LIGHT TOP 09-46","","","","","",20,"ชุด",,"",0.00,"         170"
"","","","DD-XSE1046","DD XSE NICK-PLAT STE. COATED REGULAR LIGHT 10-46","","","","","",44,"ชุด",,"",0.00,"       2,305","         225"
"","","","DD-XSE1149","DD XSE NICKLE-PLAT STEEL COATED MEDIUM LIGHT 11-49","","","","","",11,"ชุด",,"",0.00,"         180"
"","","","DD-XTABR1047","DADDARIO ACOUSTIC STRING XT 80/20 X-LIGHT","","","","","",8,"ชุด",,"",0.00,"         135","          40"
"","","","DD-XTABR1152","DADDARIO ACOUSTIC STRING XT 80/20 CST LIGHT","","","","","",5,"ชุด",,"",0.00,"         130","          10"
"","","","DD-XTABR1253","DADDARIO ACOUSTIC STRING XT 80/20 LIGHT","","","","","",7,"ชุด",,"",0.00,"         215","          20"
"","","","DD-XTAPB1047","DADDARIO ACOUSTIC STRING XT PHOS BRZ LIGHT 10-47","","","","","",3,"ชุด",,"",0.00,"         655"
"","","","DD-XTAPB1253","DD ACOUSTIC STRING XT PHOS BRZ LIGHT 12-53","","","","","",9,"ชุด",,"",0.00,"         270"
"","","","DD-XTAPB1356","DD ACOUSTIC STRING XT PHOS BRZ MED 13-56","","","","","",5,"ชุด",,"",0.00,"          40"
"","","","DD-XTE0942","DD NICKLE PLATED SUPER LIGHT 09-42","","","","","",15,"ชุด",,"",0.00,"         440","          60"
"","","","DD-XTE0946","DD XT NICKLE PLATED SUPER LIGHT TOP REG 09-46","","","","","",16,"ชุด",,"",0.00,"         170"
"","","","DD-XTE1046","DD NICKLE PLATED REGULAR LIGHT 10-46","","","","","",1,"ชุด",,"",0.00,"         825","          90"
"","","","DD-XTE1052","DD NICKLE PLATED LIGHT TOP HVY BOTTOM 10-52","","","","","",12,"ชุด",,"",0.00,"         170"
"","","","DD-XTE1149","DD NICKLE PLATED MEDIUM 11-49","","","","","",20,"ชุด",,"",0.00,"         115"
"","","","EB-01008","ERNIE BALL GUITAR STRING .008","","","","","",21,"เส้น",,"",0.00,"          42"
"","","","EB-01009","ERNIE BALL GUITAR STRING .009","","","","","",20,"เส้น",,"",0.00,"       1,150","         325"
"","","","EB-01010","ERNIE BALL GUITAR STRING .010","","","","","",9,"เส้น",,"",0.00,"       2,234","         346"
"","","","EB-01011","ERNIE BALL GUITAR STRING .011","","","","","",18,"เส้น",,"",0.00,"         788","         199"
"","","","EB-01013","ERNIE BALL GUITAR STRING .013","","","","","",6,"เส้น",,"",0.00,"         644","         108"
"","","","EB-01017","ERNIE BALL GUITAR STRING .017","","","","","",12,"เส้น",,"",0.00,"         700","          48"
"","","","EB-01124","ERNIE BALL GUITAR STRING .024 WOUND","","","","","",18,"เส้น",,"",0.00,"         168","          60"
"","","","EB-01126","ERNIE BALL GUITAR STRING .026","","","","","",19,"เส้น",,"",0.00,"         748"
"","","","EB-01132","ERNIE BALL GUITAR STRING .032","","","","","",31,"เส้น",,"",0.00,"          60"
"","","","EB-01136","ERNIE BALL GUITAR STRING .036","","","","","",4,"เส้น",,"",0.00,"         144"
"","","","EB-01142","ERNIE BALL GUITAR STRING .042","","","","","",17,"เส้น",,"",0.00,"          12"
"","","","EB-01160","ERNIE BALL GUITAR STRING .060 GAUGE","","","","","",3,"เส้น",,"",0.00,"          27"
"","","","EB-01162","ERNIE BALL GUITAR STRING .062 GAUGE","","","","","",5,"เส้น",,"",0.00,"          24"
"","","","EB-01170","ERNIE BALL GUITAR STRING .070 GAUGE","","","","","",3,"เส้น",,"",0.00,"          78"
"","","","EB-01174","ERNIE BALL GUITAR STRING .074 GAUGE","","","","","",3,"เส้น",,"",0.00,"          82"
"","","","EB-01420","ERNIE BALL STRING EARTHWOOD .020","","","","","",16,"เส้น",,"",0.00,"         246","          96"
"","Music Concept WT                                         ","หน้า   :       20"
"","สินค้าคงเหลือ แยกตามคลังสินค้า    ","ณ วันที่  16 มิ.ย. 2569"
"","รหัสสินค้าจาก","001-01005-000     ","ถึง","VP-ADAPTOR-9V","วันที่ : 16/06/2569"
"","คลัง","","รหัสสินค้า","ชื่อสินค้า","","","","","","  จำนวน","","ราคาต่อหน่วย","","มูลค่าคงเหลือ","ยอดค้างรับ","ยอดค้างส่ง"
"","","","EB-01422","ERNIE BALL STRING EARTHWOOD .022","","","","","",4,"เส้น",,"",0.00,"          90","          66"
"","","","EB-02003","ERNIE BALL EARTHWOOD MEDIUM LIGHT 12/54","","","","","",33,"ชุด",,"",0.00,"       1,164","          33"
"","","","EB-02004","ERNIE BALL STRING EARTHWOOD LIGHT 011/05","","","","","",47,"ชุด",,"",0.00,"       4,056","         529"
"","","","EB-02006","ERNIE BALL STRING EARTHWOOD EXTRA 010/05","","","","","",34,"ชุด",,"",0.00,"       8,362","       1,395"
"","","","EB-02017","ERNIE BALL ULTRA SLNKY PARADIGM ELEC 10/48","","","","","",9,"ชุด",,"",0.00,"          12"
"","","","EB-02018","ERNIE BALL PRIMO SLNKY PARADIGM ELEC 9.5/44","","","","","",10,"ชุด",,"",0.00,"          24"
"","","","EB-02020","ERNIE BALL PARADIGM POWER SLINKY 11/48","","","","","",16,"ชุด",,"",0.00,"          78","           6"
"","","","EB-02021","ERNIE BALL PARADIGM REGULAR SLINKY 10/46","","","","","",1,"ชุด",,"",0.00,"         234","           6"
"","","","EB-02022","ERNIE BALL PARADIGM HYBRID SLINKY 09/46","","","","","",5,"ชุด",,"",0.00,"          42"
"","","","EB-02023","ERNIE BALL PARADIGM SUPER SLINKY 09/42","","","","","",9,"ชุด",,"",0.00,"         125"
"","","","EB-02026","ERNIE BALL PARADIGM NOT EVEN SLINKY 12/56","","","","","",10,"ชุด",,"",0.00,"          24"
"","","","EB-02076","ERNIE BALL PARADIGM PHOS MED LIGHT 12/54","","","","","",9,"ชุด",,"",0.00,"          18"
"","","","EB-02078","EB PARADIGM PHOSPHOR BRONZE LIGHT 11/52","","","","","",7,"ชุด",,"",0.00,"          42","           3"
"","","","EB-02080","ERNIE BALL PARADIGM PHOSPHOR EXTRA LIGHT10/50","","","","","",9,"ชุด",,"",0.00,"          48","           3"
"","","","EB-02144","ERNIE BALL EARTHWOOD MED PHOS BRONZ#13","","","","","",18,"ชุด",,"",0.00,"          24"
"","","","EB-02145","EB EARTHWOOD CSTM LIGHT PHOS BRONZ #11.5-54","","","","","",3,"ชุด",,"",0.00,"          12"
"","","","EB-02200","ERNIE BALL SLASH SIGN ELEC GTR STRING 11-48","","","","","",24,"ชุด",,"",0.00,"          24"
"","","","EB-02201","EB PAPA HETS HARDWIRED MASTER CORES SIGN 11-50","","","","","",23,"ชุด",,"",0.00,"          24"
"","","","EB-02211","ERNIE BALL MONDO SLINKY 10.5/52","","","","","",19,"ชุด",,"",0.00,"         108","           4"
"","","","EB-02214","ERNIE BALL STRING MAMMOTH SLINKGY 12/62","","","","","",14,"ชุด",,"",0.00,"         144","           2"
"","","","EB-02215","ERNIE BALL STRING TOP HEAVY BOTTOM 10/52","","","","","",19,"ชุด",,"",0.00,"       1,020","          25"
"","","","EB-02216","ERNIE BALL SKINNY TOP BEEFY BOTTOM 10/54","","","","","",10,"ชุด",,"",0.00,"         192","           5"
"","","","EB-02218","ERNIE BALL JOHN MAYER SILER SLINKY NICKEL GUITAR S","","","","","",22,"ชุด",,"",0.00,"         216","          12"
"","","","EB-02220","ERNIE BALL STRING POWER SLINKY 011/048","","","","","",24,"ชุด",,"",0.00,"       2,028","         167"
"","","","EB-02221","ERNIE BALL STRING REGULAR SLINKY 010/046","","","","","",106,"ชุด",,"",0.00,"      33,972","       3,189"
"","","","EB-02222","ERNIE BALL STRING HYBRID SLINKY 009/046","","","","","",50,"ชุด",,"",0.00,"       3,882","         553"
"","","","EB-02223","ERNIE BALL STRING SUPER SLINKY 009/042","","","","","",70,"ชุด",,"",0.00,"      15,406","       1,692"
"","","","EB-02224","ERNIE BALL TURBO SLINKY NCKL 9.5/46","","","","","",20,"ชุด",,"",0.00,"       1,252","         138"
"","","","EB-02225","ERNIE BALL STRING EXTRA SLINKY 008/038","","","","","",6,"ชุด",,"",0.00,"         432","          48"
"","","","EB-02239","ERNIE BALL STRING RPS 9 SLINKY 009/042","","","","","",19,"ชุด",,"",0.00,"         228","          12"
"","","","EB-02240","ERNIE BALL STRING RPS 10 SLINKY 010/046","","","","","",29,"ชุด",,"",0.00,"         946","          12"
"","","","EB-02242","ERNIE BALL STRING RPS 11 POWER 011/048","","","","","",14,"ชุด",,"",0.00,"         180"
"","","","EB-02346","EB MED LIGHT EARTHWOOD BELL BRONZE 12-54","","","","","",23,"ชุด",,"",0.00,"          36"
"","","","EB-02348","EB LIGHT EARTHWOOD BELL BRONZE 11-52","","","","","",23,"ชุด",,"",0.00,"          36"
"","","","EB-02350","EB EXTRA LIGHT EARTHWOOD BELL BRONZE 10-50","","","","","",19,"ชุด",,"",0.00,"          36"
"","Music Concept WT                                         ","หน้า   :       21"
"","สินค้าคงเหลือ แยกตามคลังสินค้า    ","ณ วันที่  16 มิ.ย. 2569"
"","รหัสสินค้าจาก","001-01005-000     ","ถึง","VP-ADAPTOR-9V","วันที่ : 16/06/2569"
"","คลัง","","รหัสสินค้า","ชื่อสินค้า","","","","","","  จำนวน","","ราคาต่อหน่วย","","มูลค่าคงเหลือ","ยอดค้างรับ","ยอดค้างส่ง"
"","","","EB-02403","ERNIE BALL GUITAR STRING NYLON PALLA","","","","","",25,"ชุด",,"",0.00,"         444","          12"
"","","","EB-02580","EB LGHT STEEL FLATWOUND ELEC. GTR STRING 11/50","","","","","",5,"ชุด",,"",0.00,"          12"
"","","","EB-02590","EB POWER SLINKY FLATWOUND ELEC. GTR STRING 11-48","","","","","",13,"ชุด",,"",0.00,"          24"
"","","","EB-02591","EB REGULAR SLINKY FLATWOUND ELEC. GTR STRING 10-46","","","","","",4,"ชุด",,"",0.00,"          30"
"","","","EB-02593","EB SUPER SLINKY FLATWOUND ELEC. GTR STRING 09-42","","","","","",17,"ชุด",,"",0.00,"          24"
"","","","EB-02621","ERNIE BALL 7 STRING REGULAR SLINKY 010/056","","","","","",8,"ชุด",,"",0.00,"         420","          18"
"","","","EB-02623","ERNIE BALL 7 STRING SUPER SLINKY 009/052","","","","","",14,"ชุด",,"",0.00,"         144","          14"
"","","","EB-02624","ERNIE BALL 8 STRING TOP HEAVY BUTTON 09/80","","","","","",4,"ชุด",,"",0.00,"          59"
"","","","EB-02625","ERNIE BALL NICKEL 8-STRING 010/074","","","","","",5,"ชุด",,"",0.00,"          64"
"","","","EB-02627","ERNIE BALL STRING BEEFY SLINKY 011/054","","","","","",59,"ชุด",,"",0.00,"         372"
"","","","EB-02748","EB EXTRA LIGHT PINO PAL SMOOTHIES FLAT BASS 38-98","","","","","",6,"ชุด",,"",0.00,"          12"
"","","","EB-02749","EB MED PINO PAL SMOOTHIES FLAT BASS 43-108","","","","","",5,"ชุด",,"",0.00,"           6"
"","","","EB-02806","ERNIE BALL BASS FLAT WOUND III 045/100 S","","","","","",5,"ชุด",,"",0.00,"         123"
"","","","EB-02817","EB POWER SLINKY FLATWOUND SHORT SCALE BASS 50-110","","","","","",5,"ชุด",,"",0.00,"           6"
"","","","EB-02818","EB REGULAR SLINKY FLATWOUND SHORT SCALE BASS45-105","","","","","",1,"ชุด",,"",0.00,"          12","           3"
"","","","EB-02821","ERNIE BALL BASS 5 STRING POWER 50/135 SET","","","","","",6,"ชุด",,"",0.00,"         101"
"","","","EB-02831","ERNIE BALL BASS POWER SLINKY 055/110 SET","","","","","",3,"ชุด",,"",0.00,"          88"
"","","","EB-02833","ERNIE BALL BASS HYBRID SLINKY 045/105 SET","","","","","",2,"ชุด",,"",0.00,"         381","          30"
"","","","EB-02834","ERNIE BALL BASS SUPER SLINKY 045/100 SET","","","","","",4,"ชุด",,"",0.00,"       1,227","         179"
"","","","EB-02835","ERNIE BALL BASS EXTRA SLINKY 040/095 SET","","","","","",11,"ชุด",,"",0.00,"          92","           3"
"","","","EB-02836","ERNIE BALL BASS 5 STRING 045/130 SET","","","","","",3,"ชุด",,"",0.00,"       1,028","         120"
"","","","EB-02838","EB NICKEL WOUND LONG SCALE BASS 6 STR 32-130","","","","","",17,"ชุด",,"",0.00,"          24"
"","","","EB-03006","EB EARTHWOOD EXTRA LIGHT 10/50 3PKG","","","","","",1,"แพ็ค",,"",0.00,"           3"
"","","","EB-03120","ERNIE BALL COATED POWER SLINKY 11/48","","","","","",20,"ชุด",,"",0.00
"","","","EB-03121","ERNIE BALL COATED REGULAR SLINKY 10/46","","","","","",5,"ชุด",,"",0.00,"          24"
"","","","EB-03123","ERNIE BALL COATED SUPER  SLINKY 09/42","","","","","",14,"ชุด",,"",0.00,"          24"
"","","","EB-03213","ERNIE BALL MEGA SLINKY NCKL 10.5/48 3 PKG","","","","","",5,"แพ็ค",,"",0.00,"          15"
"","","","EB-03226","ERNIE BALL BURLY SLINKY NCKL 11/52 3 PKG","","","","","",1,"แพ็ค",,"",0.00,"          79"
"","","","EB-03817-A","EB JOHN MAYER SILVER SLINKY STRING 10.5/47 (1 ชุด)","","","","","",18,"ชุด",,"",0.00,"","           4"
"","","","EB-03818","EB JOHN MAYER SLINKY STRING 10.5/47-3PACK","","","","","",8,"แพ็ค",,"",0.00,"         151"
"","","","EB-03820","ERNIE BALL SLASH SIG STRING 11-48 (3 PK TIN)","","","","","",2,"แพ็ค",,"",0.00,"          28"
"","","","EB-03826","EB TIM HENSON SLINKY COBAL 9.5-46","","","","","",3,"ชุด",,"",0.00,"         108"
"","","","EB-03829","EB TIM HENSON CLASSIC GUITAR STRINGS","","","","","",10,"ชุด",,"",0.00,"          72"
"","","","EB-03832","ERNIE BALL BASS COATED REGULAR 50/105","","","","","",1,"ชุด",,"",0.00
"","","","EB-04001","EB GLASS VINT. ELECTRIC GUITAR STRING (4)","","","","","",1,"ชุด",,"",0.00
"","Music Concept WT                                         ","หน้า   :       22"
"","สินค้าคงเหลือ แยกตามคลังสินค้า    ","ณ วันที่  16 มิ.ย. 2569"
"","รหัสสินค้าจาก","001-01005-000     ","ถึง","VP-ADAPTOR-9V","วันที่ : 16/06/2569"
"","คลัง","","รหัสสินค้า","ชื่อสินค้า","","","","","","  จำนวน","","ราคาต่อหน่วย","","มูลค่าคงเหลือ","ยอดค้างรับ","ยอดค้างส่ง"
"","","","EB-04002","EB GLASS CLASSIC MUSIC MAN GUYS PINT (4)","","","","","",2,"ชุด",,"",0.00
"","","","EB-04036","ERNIE BALL STRAP WHITE","","","","","",2,"เส้น",,"",0.00,"         218"
"","","","EB-04037","ERNIE BALL STRAP BLACK","","","","","",2,"เส้น",,"",0.00,"       1,524","          40"
"","","","EB-04040","ERNIE BALL STRAP RED","","","","","",2,"เส้น",,"",0.00,"         291","           7"
"","","","EB-04044","ERNIE BALL STRAP RAINBOW","","","","","",3,"เส้น",,"",0.00,"         742","          14"
"","","","EB-04045","ERNIE BALL STRAP PURPLE","","","","","",7,"เส้น",,"",0.00,"         233","           4"
"","","","EB-04046","ERNIE BALL STRAP GREY","","","","","",2,"เส้น",,"",0.00,"         413","          10"
"","","","EB-04048","ERNIE BALL STRAP OLIVE","","","","","",2,"เส้น",,"",0.00,"         318","           7"
"","","","EB-04050","ERNIE BALL STRAP FOREST GREEN","","","","","",2,"เส้น",,"",0.00,"         266","           6"
"","","","EB-04119","ERNIE BALL PEGWINDER","","","","","",6,"อัน",,"",0.00,"          93","          20"
"","","","EB-04137","EB 2.5" ITALIAN LEATHER W/FUR PADDING STRAP BLK","","","","","",1,"เส้น",,"",0.00,"           6"
"","","","EB-04142","ERNIE BALL RED ROSE JACQUARD GUITAR STRAP","","","","","",2,"เส้น",,"",0.00,"         112"
"","","","EB-04146","ERNIE BALL WIDE NEOPRENE POLYLOCK COMEFORT STRAP","","","","","",1,"เส้น",,"",0.00,"          74"
"","","","EB-04219","EB ULTRA-PLUSH MICROFIBER POLISH CLOTH 12"x12"","","","","","",5,"ผืน",,"",0.00,"          20"
"","","","EB-04220","ERNIE BALL MICROFIBER CLOTH","","","","","",12,"ผืน",,"",0.00,"         700","          51"
"","","","EB-04222","EB INSTRUMENT POLISH W/ CLOTH","","","","","",7,"ชุด",,"",0.00,"          38"
"","","","EB-04225","EB INSRUMENT POLISH W/CLOTH 20 OZ-3PK","","","","","",4,"แพ็ค",,"",0.00,"          23"
"","","","EB-04259","ERNIE BALL POLY PRO PICKHOLDER STRAP WHITE","","","","","",6,"เส้น",,"",0.00,"           7"
"","","","EB-04276","ERNIE BALL FRETBOARD CONDITIONER (PACK 6)","","","","","",3,"กล่อง",,"",0.00,"          50"
"","","","EB-04279","EB WONDER WIPES MULTI PACK","","","","","",2,"ชุด",,"",0.00,"           5"
"","","","EB-04288","EB COMFORT SLIDE MEDIUM","","","","","",5,"อัน",,"",0.00,"          26"
"","","","EB-04603","ERNIE BALL STRAP BLOCK 4 PK RED AND BLACK","","","","","",3,"ชุด",,"",0.00,"         282"
"","","","EB-04696","EB MIDNIGHT PAISLEY STRAP","","","","","",2,"เส้น",,"",0.00,"          28"
"","","","EB-04699","EB PEACE LOVE DOVE BEIGE/NAVY BLUE STRAP","","","","","",3,"เส้น",,"",0.00,"          57"
"","","","EB-04764","EB VINT.ESTABLISH 1962 EAGLE T-SHIRT SIZE L","","","","","",1,"ตัว",,"",0.00
"","","","EB-04852","ERNIE BALL SLINKY TILL DEATH T-SHIRT MED","","","","","",1,"ตัว",,"",0.00,"           2"
"","","","EB-04907","EB GREEN SLINKY ADULT MASK","","","","","",4,"อัน",,"",0.00,"           8"
"","","","EB-04910","EB WHITE EAGLE ADULT MASK","","","","","",2,"อัน",,"",0.00,"           8"
"","","","EB-05320","ERNIE BALL NEON GREEN STRAP","","","","","",3,"เส้น",,"",0.00,"          25","           3"
"","","","EB-05323","ERNIE BALL ALBUQUERQUE NOON STRAP","","","","","",1,"เส้น",,"",0.00,"          40"
"","","","EB-05330","EB ROYAL FLUSH RED JACQUARD STRAP","","","","","",7,"เส้น",,"",0.00,"          18"
"","","","EB-05357","EB CLASSIC JAQUARD STRAP VANILLA ROSE","","","","","",5,"เส้น",,"",0.00,"          14"
"","","","EB-05358","EB CLASSIC JAQUARD STRAP TANGERINE ROSE","","","","","",3,"เส้น",,"",0.00,"          14"
"","","","EB-05361","EB CLASSIC JAQUARD STRAP WESTERN ROSE","","","","","",4,"เส้น",,"",0.00,"          10"
"","","","EB-05363","EB CLASSIC JAQUARD STRAP TANGERINE BLOSSOM","","","","","",1,"เส้น",,"",0.00,"          16"
"","Music Concept WT                                         ","หน้า   :       23"
"","สินค้าคงเหลือ แยกตามคลังสินค้า    ","ณ วันที่  16 มิ.ย. 2569"
"","รหัสสินค้าจาก","001-01005-000     ","ถึง","VP-ADAPTOR-9V","วันที่ : 16/06/2569"
"","คลัง","","รหัสสินค้า","ชื่อสินค้า","","","","","","  จำนวน","","ราคาต่อหน่วย","","มูลค่าคงเหลือ","ยอดค้างรับ","ยอดค้างส่ง"
"","","","EB-05364","EB CLASSIC JAQUARD STRAP LAVENDER BLOSSOM","","","","","",3,"เส้น",,"",0.00,"          23"
"","","","EB-05365","EB POLYPRO ACOUSTIC GUITAR STRAP BLACK","","","","","",2,"เส้น",,"",0.00,"          28"
"","","","EB-05368","EB POLYPRO ACOUSTIC GUITAR STRAP CREAM","","","","","",4,"เส้น",,"",0.00,"          18"
"","","","EB-05372","ERNIE BALL CLASSIC JACQUARD STRAP BLK PLESANT","","","","","",1,"เส้น",,"",0.00,"          10"
"","","","EB-05374","EB CLOUD COMFORT GRT/BASS STRAP WIDE","","","","","",2,"เส้น",,"",0.00,"          16"
"","","","EB-05397","EB PREMIUM GTR/BASS STRAP HOLE LOTTA METAL SILVER","","","","","",1,"เส้น",,"",0.00,"          20"
"","","","EB-05398","EB PREMIUM GTR/BA STRAP HOLE LOTTA METAL GOLD","","","","","",2,"เส้น",,"",0.00,"          12"
"","","","EB-05618","ERNIE BALL STRAP BLOCKS 4 PK PURPLE","","","","","",1,"แพ็ค",,"",0.00,"          37","           2"
"","","","EB-05620","ERNIE BALL STRAP BLOCKS 4 PK RED","","","","","",1,"แพ็ค",,"",0.00,"          37","           1"
"","","","EB-05624","ERNIE BALL STRAP BLOCKS 4 PK CREAM","","","","","",2,"แพ็ค",,"",0.00,"          68","         -10"
"","","","EB-05625","ERNIE BALL STRAP BLOCKS 4 PK GRAY","","","","","",2,"แพ็ค",,"",0.00,"          52","           2"
"","","","EB-06044","EB COILED INSTRUMENT CABLE 30FT S/S BLACK","","","","","",2,"เส้น",,"",0.00,"          34"
"","","","EB-06045","EB COILED INSTRUMENT CABLE 30FT S/A WHT","","","","","",3,"เส้น",,"",0.00,"          35"
"","","","EB-06048","EB INSTRUMENT CABLE 10FT S/S BLK JACK PINK SLV","","","","","",5,"เส้น",,"",0.00,"          11","           2"
"","","","EB-06050","EB PATCH CABLE 6FT A/A 3-PACK BLACK","","","","","",2,"แพ็ค",,"",0.00,"          66"
"","","","EB-06058","EB INSTRUMENT CABLE 25FT S/A BLACK","","","","","",1,"เส้น",,"",0.00,"          13"
"","","","EB-06059","EB PATCH CABLE 6FT FLT A/FLT A 3-PACK BLACK","","","","","",1,"แพ็ค",,"",0.00,"         117","           2"
"","","","EB-06060","EB INSTRUMENT CABLE 25FT S/A BLACK/BLUE","","","","","",2,"เส้น",,"",0.00,"           3","           1"
"","","","EB-06062","EB INSTRUMENT CABLE 25FT S/A BLACK/RED","","","","","",2,"เส้น",,"",0.00,"           3","           3"
"","","","EB-06066","ERNIE BALL INTRUMENT CABLE 25FT S/A BLACK GREEN","","","","","",3,"เส้น",,"",0.00,"           4"
"","","","EB-06072","ERNIE BALL SPEAKER CABLE 6FT S/S BLACK","","","","","",5,"เส้น",,"",0.00,"          44"
"","","","EB-06073","EB MICROPHONE CABLE 25FT XLR BLACK","","","","","",3,"เส้น",,"",0.00,"           8"
"","","","EB-06076","EB PATCH CABLE 1.5FT S/A 3-PACK BLACK","","","","","",3,"แพ็ค",,"",0.00,"          12","           1"
"","","","EB-06078","ERNIE BALL 10FT BRAIDED S/A INST CABLE NEON PINK","","","","","",6,"เส้น",,"",0.00,"         260"
"","","","EB-06081","ERNIE BALL 10FT BRAIDED S/A INST CABLE BLACK","","","","","",5,"เส้น",,"",0.00,"         342","           1"
"","","","EB-06082","ERNIE BALL 18FT BRAIDED S/A INST CABLE BLACK GREEN","","","","","",3,"เส้น",,"",0.00,"         106"
"","","","EB-06083","ERNIE BALL 18FT BRAIDED S/A INST CABLE NEON PINK","","","","","",2,"เส้น",,"",0.00,"          83"
"","","","EB-06085","ERNIE BALL 18FT BRAIDED S/A INST CABLE NEON YELLOW","","","","","",1,"เส้น",,"",0.00,"         146","           4"
"","","","EB-06086","ERNIE BALL 18FT BRAIDED S/A INST CABLE BLACK","","","","","",-1,"เส้น",,"",0.00,"         157","           2"
"","","","EB-06110","ERNIE BALL VP 40TH ANNIVERSARY EDITION","","","","","",2,"ตัว",,"",0.00
"","","","EB-06157","ERNIE BALL CORD/SPRING KIT VP #6157","","","","","",6,"เส้น",,"",0.00,"          29"
"","","","EB-06162","ERNIE BALL VOLUME POT 500K STEREO VP #6162","","","","","",2,"ตัว",,"",0.00,"           1"
"","","","EB-06166","ERNIE BALL MONO VOLUME PEDAL #6166","","","","","",2,"ตัว",,"",0.00,"           3"
"","","","EB-06172","ERNIE BALL CORD/SPRING KIT VP JR #6172","","","","","",3,"เส้น",,"",0.00,"          62"
"","","","EB-06174","ERNIE BALL POT 250K VP JR MONO #6174","","","","","",3,"ตัว",,"",0.00,"          17"
"","Music Concept WT                                         ","หน้า   :       24"
"","สินค้าคงเหลือ แยกตามคลังสินค้า    ","ณ วันที่  16 มิ.ย. 2569"
"","รหัสสินค้าจาก","001-01005-000     ","ถึง","VP-ADAPTOR-9V","วันที่ : 16/06/2569"
"","คลัง","","รหัสสินค้า","ชื่อสินค้า","","","","","","  จำนวน","","ราคาต่อหน่วย","","มูลค่าคงเหลือ","ยอดค้างรับ","ยอดค้างส่ง"
"","","","EB-06181","ERNIE BALL VOLUME PEDAL 6181 JR 25K","","","","","",1,"ตัว",,"",0.00,"           3"
"","","","EB-06188","ERNIE BALL EXPRESSION TREMOLO PEDAL","","","","","",1,"ตัว",,"",0.00
"","","","EB-06191","ERNIE BALL VOLT POWER BRICK","","","","","",1,"ตัว",,"",0.00,"          27"
"","","","EB-06200","ERNIE BALL VP JR TUNER WHITE","","","","","",1,"เครื่อง",,"",0.00,"           2"
"","","","EB-06202","ERNIE BALL VP JR TUNER RED","","","","","",1,"เครื่อง",,"",0.00,"           3"
"","","","EB-06203","ERNIE BALL VP JR TUNER-BLK ANODIZED","","","","","",1,"เครื่อง",,"",0.00,"           6"
"","","","EB-06222","ERNIE BALL FLAT RIBBON PATCH CABLE 12" BLK 3 PACK","","","","","",5,"แพ็ค",,"",0.00,"         175","           8"
"","","","EB-06225","ERNIE BALL SINGLE FLAT RIBBON PATCH CABLE 3" BLACK","","","","","",5,"เส้น",,"",0.00,"         124"
"","","","EB-06226","ERNIE BALL SINGLE FLAT RIBBON PATCH CABLE 6" BLACK","","","","","",4,"เส้น",,"",0.00,"         168","           5"
"","","","EB-06227","ERNIE BALL SINGLE FLAT RIBBON PATCH CABLE 12" BLK","","","","","",8,"เส้น",,"",0.00,"          89","           2"
"","","","EB-06228","ERNIE BALL SINGLE FLAT RIBBON PATCH CABLE 24" BLK","","","","","",8,"เส้น",,"",0.00,"          97","           6"
"","","","EB-06331","ERNIE BALL STEREO AND PIN JACK","","","","","",3,"ตัว",,"",0.00,"           4"
"","","","EB-06382","EB POTENTIOMETER 250K SHAFT","","","","","",5,"แพ็ค",,"",0.00,"           5"
"","","","EB-06385","EB 6IN FLAT RIBBON PATCH CABLE WHT 3 PKG","","","","","",2,"แพ็ค",,"",0.00,"          43"
"","","","EB-06387","EB FLAT RIBBON CABLE PEDAL BOARD MULTI PACK-WHT","","","","","",3,"แพ็ค",,"",0.00,"          11"
"","","","EB-06389","EB 20FT MALE FEMALE XLR MICROPHONE CABLE WHT","","","","","",1,"เส้น",,"",0.00,"          40"
"","","","EB-06390","EB 5FT BRAIDED MALE FEMALE XLR MIC CABLE BLK","","","","","",2,"เส้น",,"",0.00,"          19"
"","","","EB-06391","EB 15FT BRAIDED MALE FEMALE XLR MIC CABLE BLK","","","","","",2,"เส้น",,"",0.00,"           7"
"","","","EB-06397","EB 25FT BRAIDED STRAIGHT INST CABLE PURPLE BLK","","","","","",2,"เส้น",,"",0.00,"           8"
"","","","EB-06398","EB 25FT BRAIDED STRAIGHT INST CABLE RED BLK","","","","","",3,"เส้น",,"",0.00,"           5"
"","","","EB-06411","EB 18FT INSTR AND HEADPHONE CABLE","","","","","",2,"เส้น",,"",0.00,"           4"
"","","","EB-06413","EB FLEX INST.CABLE S/S 10FT PINK","","","","","",5,"เส้น",,"",0.00,"         142"
"","","","EB-06420","EB FLEX INST.CABLE S/S 20FT PURPLE","","","","","",1,"เส้น",,"",0.00,"          60"
"","","","EB-06421","EB FLEX INST.CABLE S/S 20FT ORANGE","","","","","",2,"เส้น",,"",0.00,"          63"
"","","","EB-06426","EB BRAIDED INSTR. CABLE S/ST 10FT EMERALD ARGYLE","","","","","",5,"เส้น",,"",0.00,"           8"
"","","","EB-06430","EB BRAIDED INST. CABLE S/S 18FT-EMERALD ARGYLE","","","","","",3,"เส้น",,"",0.00,"           3"
"","","","EB-06431","EB BRAIDED INST. CABLE S/S 18FT-PURPLE PYTHON","","","","","",3,"เส้น",,"",0.00,"           3"
"","","","EB-06432","EB BRAIDED INST. CABLE S/S 18FT-PAY DIRST","","","","","",3,"เส้น",,"",0.00,"           3"
"","","","EB-06433","EB BRAIDED INST. CABLE S/S 18FT-SILVER FOX","","","","","",3,"เส้น",,"",0.00,"           3"
"","","","EB-06438","EB FLEX PATCH CABLE 3IN BLK SINGLE","","","","","",2,"เส้น",,"",0.00,"          13"
"","","","EB-06439","EB FLEX PATCH CABLE 6IN BLK SINGLE","","","","","",3,"เส้น",,"",0.00,"           8"
"","","","EB-06440","EB FLEX PATCH CABLE 12IN BLK SINGLE","","","","","",2,"เส้น",,"",0.00,"           5"
"","","","EB-06441","EB FLEX PATCH CABLE 18IN BLK SINGLE","","","","","",4,"เส้น",,"",0.00,"           6"
"","","","EB-06442","EB FLEX PATCH CABLE 24IN BLK SINGLE","","","","","",4,"เส้น",,"",0.00,"           6"
"","","","EB-06443","EB FLEX PATCH CABLE 3IN BLK 3 PACK","","","","","",1,"แพ็ค",,"",0.00,"          15"
"","Music Concept WT                                         ","หน้า   :       25"
"","สินค้าคงเหลือ แยกตามคลังสินค้า    ","ณ วันที่  16 มิ.ย. 2569"
"","รหัสสินค้าจาก","001-01005-000     ","ถึง","VP-ADAPTOR-9V","วันที่ : 16/06/2569"
"","คลัง","","รหัสสินค้า","ชื่อสินค้า","","","","","","  จำนวน","","ราคาต่อหน่วย","","มูลค่าคงเหลือ","ยอดค้างรับ","ยอดค้างส่ง"
"","","","EB-06444","EB FLEX PATCH CABLE 6IN BLK 3 PACK","","","","","",2,"แพ็ค",,"",0.00,"          21"
"","","","EB-06446","EB FLEX PATCH CABLE 3" PURPLE SINGLE","","","","","",4,"เส้น",,"",0.00,"           4"
"","","","EB-06447","EB FLEX PATCH CABLE 6" PURPLE SINGLE","","","","","",4,"เส้น",,"",0.00,"           4"
"","","","EB-06448","EB FLEX PATCH CABLE 12" PURPLE SINGLE","","","","","",2,"เส้น",,"",0.00,"           2"
"","","","EB-06449","EB FLEX PATCH CABLE 18" PURPLE SINGLE","","","","","",2,"เส้น",,"",0.00,"           2"
"","","","EB-06450","EB FLEX PATCH CABLE 24" PURPLE SINGLE","","","","","",2,"เส้น",,"",0.00,"           2"
"","","","EB-06452","EB FLEX PATCH CABLE 6" PURPLE 3 PACK","","","","","",1,"แพ็ค",,"",0.00,"           5"
"","","","EB-06454","EB FLEX PATCH CABLE 3" BLUE SINGLE","","","","","",2,"เส้น",,"",0.00,"           3"
"","","","EB-06455","EB FLEX PATCH CABLE 6" BLUE SINGLE","","","","","",4,"เส้น",,"",0.00,"           6"
"","","","EB-06456","EB FLEX PATCH CABLE 12" BLUE SINGLE","","","","","",3,"เส้น",,"",0.00,"           3"
"","","","EB-06457","EB FLEX PATCH CABLE 18" BLUE SINGLE","","","","","",3,"เส้น",,"",0.00,"           3"
"","","","EB-06458","EB FLEX PATCH CABLE 24" BLUE SINGLE","","","","","",3,"เส้น",,"",0.00,"           3"
"","","","EB-06467","EB FLEX INSTR CABLE S/A 20FT ORANGE","","","","","",3,"เส้น",,"",0.00,"          51"
"","","","EB-06472","EB 10FT CLASSIC SILENT S/S INST CABLE BLACK","","","","","",5,"เส้น",,"",0.00,"          36"
"","","","EB-06473","EB 20FT CLASSIC SILENT S/S INST CABLE BLACK","","","","","",1,"เส้น",,"",0.00,"          20","           2"
"","","","EB-09104","ERNIE BALL CELLULOSE GTR PICKS-THIN BLACK (144)","","","","","",1,"กุรุส",,"",0.00,"           4"
"","","","EB-09187","ERNIE BALL PICK BUDDY (PICK HOLDER)","","","","","",6,"ห่อ",,"",0.00,"          15","           6"
"","","","EB-09201","EB CELLULOSE PICK ASSORTED THICKNESS COLOR-144PACK","","","","","",1,"แพ็ค",,"",0.00,"           1"
"","","","EB-09604","ERNIE BALL PEGWINDER PLUS","","","","","",1,"อัน",,"",0.00,"          28"
"","","","EB-09606","ERNIE BALL AXIS DUAL RADIUS CAPO GOLD SATIN","","","","","",4,"อัน",,"",0.00,"         120"
"","","","EB-09608","ERNIE BALL AXIS DUAL RADIUS CAPO PEWTER","","","","","",2,"อัน",,"",0.00,"          95"
"","","","EB-09611","ERNIE BALL PEGWINDER SELECT BASS","","","","","",4,"อัน",,"",0.00,"           6"
"","","","EB-09613","ERNIE BALL FRETWRAP BY GRUV GEAR-MEDIUM","","","","","",7,"อัน",,"",0.00,"          34"
"","","","EB-09614","ERNIE BALL FRETWRAP BY GRUV GEAR-LARGE","","","","","",1,"อัน",,"",0.00,"          15"
"","","","EB-09615","ERNIE BALL INSTRUMENT MAINTENANCE TECHMAT","","","","","",3,"ชุด",,"",0.00,"          14"
"","","","EB-09616","ERNIE BALL AXIS CAPO WHITE","","","","","",6,"อัน",,"",0.00,"          80"
"","","","EB-09619","EB GUITAR WALL MOUNT HANGER - BLACK","","","","","",2,"ตัว",,"",0.00,"           4"
"","","","EB-09620","EB GUITAR WALL MOUNT HANGER - WHITE","","","","","",2,"ตัว",,"",0.00,"           4"
"","","","EB-09627","ERNIE BALL PRO TUNE USB-C CLIP ON TUNER","","","","","",8,"ตัว",,"",0.00,"          31"
"","","","EB-09628","EB FRETWRAP TIM HENSON BY GRUV GEAR SMALL","","","","","",4,"อัน",,"",0.00,"          25"
"","","","EB-09631","EB PRECISION CAPO BLACK","","","","","",5,"แพ็ค",,"",0.00,"          10"
"","","","EB-09632","EB PRECISION CAPO BRONZE","","","","","",5,"แพ็ค",,"",0.00,"          10"
"","","","EB-09638","EB STRING DAMPENER GTR TAILPIECE","","","","","",5,"แพ็ค",,"",0.00,"          10"
"","","","EB-09639","EB SPRING DAMPENER GTR TAILPIECE 6 PACK","","","","","",3,"แพ็ค",,"",0.00,"          10"
"","","","EB-09640","EB STRING DAMPENER HEADSTOCK","","","","","",4,"แพ็ค",,"",0.00,"          10"
"","Music Concept WT                                         ","หน้า   :       26"
"","สินค้าคงเหลือ แยกตามคลังสินค้า    ","ณ วันที่  16 มิ.ย. 2569"
"","รหัสสินค้าจาก","001-01005-000     ","ถึง","VP-ADAPTOR-9V","วันที่ : 16/06/2569"
"","คลัง","","รหัสสินค้า","ชื่อสินค้า","","","","","","  จำนวน","","ราคาต่อหน่วย","","มูลค่าคงเหลือ","ยอดค้างรับ","ยอดค้างส่ง"
"","","","EB-09641","EB PICKHOLDER GTR HEADSTOCK","","","","","",15,"แพ็ค",,"",0.00,"          20"
"","","","EB-09644","EB FAST PITCH CLIP-ON TUNER","","","","","",9,"แพ็ค",,"",0.00,"          15"
"","","","EB-09645","EB FLEX CAPO-BLACK","","","","","",14,"แพ็ค",,"",0.00,"          20"
"","","","EB-DISPLAY-JM","ERNIE BALL DISPLAY JOHN MAYER","","","","","",2,"แผ่น",,"",0.00,"           2"
"","","","EV-RF10G-AT","EVANS 10" REAL FEEL ATTACKTILE PAD STAND INSERT","","","","","",1,"อัน",,"",0.00,"           7"
"","","","EV-RF12G","EVANS12" 1-SIDED STD PAD","","","","","",1,"อัน",,"",0.00,"           5"
"","","","EV-RF6GM","EVANS 6" 1-SIDED STD PAD","","","","","",1,"อัน",,"",0.00,"          12"
"","","","EX-000119","ELIXIR AC.PH-BZ NANO LT 012-053 โปร่ง#16052","","","","","",30,"ชุด",,"",0.00,"","           3"
"","","","EX-000124","ELIXIR AC.PH-BZ NANO EXLT 010-047 โปร่ง#16002","","","","","",37,"ชุด",,"",0.00,"","           4"
"","","","EX-000125","ELIXIR AC.PH-BZ NANO CUS.LT 011-052 โปร่ง#16027","","","","","",37,"ชุด",,"",0.00,"","           1"
"","","","EX-000130","ELIXIR E. NANO LIGHT 010-046 ไฟฟ้า#12052","","","","","",6,"ชุด",,"",0.00,"","           8"
"","","","EX-000132","ELIXIR E. NANO SU.LT 009-042 ไฟฟ้า#12002","","","","","",4,"ชุด",,"",0.00
"","","","EX-000140","ELIXIR AC.PH BZ NANO LT .012-3SET PACK #16545","","","","","",2,"แพ็ค",,"",0.00
"","","","EX-000144","ELIXIR AC.PH BZ NANO CLT .011-3SET PACK #16544","","","","","",2,"แพ็ค",,"",0.00
"","","","EX-000160","ELIXIR E.OPTIWEB SU.LT 009-042 ไฟฟ้า#19002","","","","","",25,"ชุด",,"",0.00
"","","","EX-000162","ELIXIR E.OPTIWEB LT. 010-046 ไฟฟ้า#19052","","","","","",6,"ชุด",,"",0.00,"","           2"
"","","","EX-000635","ELIXIR (B) STAINLESS NANO-4 SET 045-100","","","","","",6,"ชุด",,"",0.00
"","","","EX-000636","ELIXIR (B) STAINLESS NANO-4 SET 045-105","","","","","",6,"ชุด",,"",0.00
"","","","EX-000639","ELIXIR (B) NICKEL NANO-4 SET 045-105 #14077","","","","","",4,"ชุด",,"",0.00
"","","","EX-000645","ELIXIR (B) NICKEL NANO-5 SET 045-130 #14202","","","","","",4,"ชุด",,"",0.00
"","","","F001-0108-000","FENDER BRIDGE COVER P.BASS CHROME","","","","","",2,"อัน",,"",0.00,"          19"
"","","","F001-0660-090","FENDER COVER PICKUP J.BASS CHROME","","","","","",1,"อัน",,"",0.00,"          15"
"","","","F001-8531-049","FENDER .050 HEX KEY SHORT ARM 6 เหลี่ยม","","","","","",5,"ชิ้น",,"",0.00
"","","","F001-9467-MS1","FENDER VINTAGE BASS TUNING KEY (1ตัว)","","","","","",3,"ตัว",,"",0.00
"","","","F002-1642-049A","FENDER PILOT LIGHT #T47 (2)","","","","","",3,"ตัว",,"",0.00,"          12"
"","","","F003-6238-049","FENDER SCHALLER KEY LOCK CAP (6 PER)","","","","","",1,"ชุด",,"",0.00
"","","","F003-6702-049","FENDER FUSE HOLDER 3AG FINGER GRIP (2)","","","","","",3,"ชุด",,"",0.00
"","","","F003-6809-000","FENDER JIM ROOT BRIDGE ASSEMBLY","","","","","",1,"ชุด",,"",0.00
"","","","F003-7788-002","FENDER CLOTH GRILL BLACK/SILVER LARGE (ผ้ารองหน้าต","","","","","",1,"ม้วน",,"",0.00
"","","","F004-9705-000","FENDER COVER BATTERY BACK DELUXE BASSES","","","","","",1,"ชุด",,"",0.00
"","","","F005-3660-000","FD PICKUP TELE NF NCK CHR","","","","","",1,"ตัว",,"",0.00
"","","","F005-3661-000","FD PICKUP TELE NF NCK BRIDGE","","","","","",1,"ตัว",,"",0.00
"","","","F005-4103-000","FENDER PICKGUARD J BASS DLX MINT GREEN","","","","","",1,"อัน",,"",0.00
"","","","F005-4463-000","FENDER SADDLE BAR 1/4-24 ADJ BRIDGE AM.VINT.62 JAG","","","","","",3,"ตัว",,"",0.00
"","","","F005-4525-000","FENDER PLATE NECK 3 BOLT "F"","","","","","",5,"ชุด",,"",0.00,"          11"
"","Music Concept WT                                         ","หน้า   :       27"
"","สินค้าคงเหลือ แยกตามคลังสินค้า    ","ณ วันที่  16 มิ.ย. 2569"
"","รหัสสินค้าจาก","001-01005-000     ","ถึง","VP-ADAPTOR-9V","วันที่ : 16/06/2569"
"","คลัง","","รหัสสินค้า","ชื่อสินค้า","","","","","","  จำนวน","","ราคาต่อหน่วย","","มูลค่าคงเหลือ","ยอดค้างรับ","ยอดค้างส่ง"
"","","","F005-8019-000","FENDER PICKUP STRAT NF BRIDGE WHITE","","","","","",1,"ตัว",,"",0.00
"","","","F006-0004-000","FENDER TREMOLO ARM LH CHROME","","","","","",1,"อัน",,"",0.00,"           1"
"","","","F006-1443-000","FENDER KEY LOCK (1,2,3) ULTRA POL BLACK","","","","","",2,"ตัว",,"",0.00
"","","","F006-1444-000","FENDER KEY LOCK (4,5,6) ULTRA POL BLACK","","","","","",3,"ตัว",,"",0.00
"","","","F006-2723-000","FENDER PICKGUARD TELE BLACK & CHROME","","","","","",1,"อัน",,"",0.00
"","","","F006-8488-000","FENDER PICKUP JAZZ BASS DLX V BRG MEX","","","","","",2,"ตัว",,"",0.00
"","","","F007-4895-000","GRETSCH SWITCH 3 WAY W/HDWR CHR TALL EMTIC","","","","","",1,"ตัว",,"",0.00
"","","","F007-6030-000","FENDER PWR AMP MOD ICW POWER 50ASx2BTL","","","","","",1,"ชุด",,"",0.00
"","","","F007-7504-000","FENDER TUNER TELE JIMROOT BLACK(ลูกบิด)","","","","","",1,"ชุด",,"",0.00
"","","","F007-9906-000","FENDER PRE AMP. SQ DLX ACT J-BASS","","","","","",1,"ชุด",,"",0.00
"","","","F008-0996-000","FENDER FOOT SWITCH 4 BTN MUSTANG AMP. III,IV","","","","","",2,"ตัว",,"",0.00,"           5"
"","","","F008-0997-000","FENDER FOOT SWITCH 2 BTN MUSTANG AMP. II","","","","","",1,"ตัว",,"",0.00
"","","","F009-1530-000","FENDER TUNERS SQ VM. SD900 CHR W/HDWR","","","","","",1,"ชุด",,"",0.00
"","","","F009-6413-000","FENDER BOOKEND TELECASTER BODY","","","","","",1,"ชุด",,"",0.00
"","","","F011-0002-803","FENDER 60TH AM VINTAGE 1954 STRAT MN 2TS","","","","","",1,"ตัว",,"",0.00,"           1"
"","","","F011-0232-849","FD AMERICAN VINT II 57 STRAT MN SEAFORM GREEN","","","","","",1,"ตัว",,"",0.00,"           3"
"","","","F011-0442-815","FENDER AMERICAN VINT II 77 TELE CSTM MN WINE","","","","","",1,"ตัว",,"",0.00,"           1"
"","","","F011-3080-748","FENDER AM PRO TELE DLX SHAW RW SONIC GREY","","","","","",-1,"ตัว",,"",0.00,"           1"
"","","","F011-3900-700","FENDER AM PRO II STRAT RW 3TSB","","","","","",1,"ตัว",,"",0.00,"          16"
"","","","F011-3902-700","FENDER AM PRO II STRAT MN 3TSB","","","","","",1,"ตัว",,"",0.00,"          11"
"","","","F011-3902-803","FENDER AM PRO II STRAT MN 2TS","","","","","",1,"ตัว",,"",0.00,"          22"
"","","","F011-3942-700","FENDER AM PRO II TELE MN 3TS","","","","","",1,"ตัว",,"",0.00,"           4"
"","","","F011-4545-706","FENDER JIM ROOT STRAT EB BLACK","","","","","",2,"ตัว",,"",0.00,"           7"
"","","","F011-4910-380","FENDER AM PERF STRAT RW ARTIC WHITE","","","","","",1,"ตัว",,"",0.00,"           6"
"","","","F011-4940-322","FENDER AM PRO CLASSIC STRAT RW FADED BLK","","","","","",2,"ตัว",,"",0.00,"           2"
"","","","F011-4940-374","FD AM PRO CLSC STRAT RW FADED SHERWOOD GRN METTALI","","","","","",1,"ตัว",,"",0.00,"           6"
"","","","F011-4950-374","FD AM PRO CLSC STRAT HSS RW FADED SHERWOOD GRN MET","","","","","",1,"ตัว",,"",0.00,"           7"
"","","","F011-4972-300","FENDER AM PRO CLSC HOTSHOT TELE MN 3TS","","","","","",1,"ตัว",,"",0.00,"           1"
"","","","F011-4980-375","FENDER AM PRO JAZZMASTER RW FADED DAKOTA RED","","","","","",1,"ตัว",,"",0.00,"           3"
"","","","F011-4990-300","FENDER AM PRO CLSC JAGUAR RW 3TS","","","","","",1,"ตัว",,"",0.00,"           1"
"","","","F011-5010-757","FENDER CORY WONG STRAT RW SATIN SURF GREEN","","","","","",1,"ตัว",,"",0.00,"           4"
"","","","F011-5120-357","FENDER AM PERF TELE HUM RW SURF GREEN","","","","","",1,"ตัว",,"",0.00,"           2"
"","","","F011-5210-300","FENDER AM PERF JAZZMASTER RW 3TSB","","","","","",1,"ตัว",,"",0.00,"           2"
"","","","F011-5510-372","FENDER AM PERF MUSTANG RW SATIN SONIC BLUE","","","","","",1,"ตัว",,"",0.00,"           2"
"","","","F011-5610-839","FENDER MICHAEL LANDAU STRAT COMA RED","","","","","",1,"ตัว",,"",0.00,"           6"
"","Music Concept WT                                         ","หน้า   :       28"
"","สินค้าคงเหลือ แยกตามคลังสินค้า    ","ณ วันที่  16 มิ.ย. 2569"
"","รหัสสินค้าจาก","001-01005-000     ","ถึง","VP-ADAPTOR-9V","วันที่ : 16/06/2569"
"","คลัง","","รหัสสินค้า","ชื่อสินค้า","","","","","","  จำนวน","","ราคาต่อหน่วย","","มูลค่าคงเหลือ","ยอดค้างรับ","ยอดค้างส่ง"
"","","","F011-6862-877","FENDER BRUNO MARS STRAT MN MARS MOCHA","","","","","",1,"ตัว",,"",0.00,"          39"
"","","","F011-7472-725","FD CAMPBELL RED TELE MN RED DOG RED","","","","","",1,"ตัว",,"",0.00,"           1"
"","","","F011-7602-806","FENDER ERIC CLAPTON STRAT BLACK","","","","","",1,"ตัว",,"",0.00,"          15"
"","","","F011-7702-803","FENDER ERIC JOHNSON STRAT SUNBURST","","","","","",2,"ตัว",,"",0.00,"           3"
"","","","F011-8070-710","FENDER AM ULTRA LUXE STRAT HSS FR MYSTIC BLK","","","","","",1,"ตัว",,"",0.00,"           5"
"","","","F011-8230-849","FD AM ULTRA LUXE 60S STRAT HSS RW SEAFORM GREEN","","","","","",1,"ตัว",,"",0.00,"           4"
"","","","F011-8242-801","FD AM ULTRA LUXE 50S TELE MN WHITE BLONDE","","","","","",1,"ตัว",,"",0.00,"           1"
"","","","F011-9171-733","FENDER AM ULTRA II TELE EB SOLAR FLARE","","","","","",1,"ตัว",,"",0.00,"           1"
"","","","F011-9172-799","FENDER AM ULTRA II TELE MN SINISTER RED","","","","","",1,"ตัว",,"",0.00,"           2"
"","","","F011-9182-796","FENDER AM ULTRA II METEORA MN AVALANCHE","","","","","",1,"ตัว",,"",0.00,"           2"
"","","","F011-9600-805","FENDER JEFF BECK STRAT RW OLYMPIC WHITE","","","","","",1,"ตัว",,"",0.00,"          16"
"","","","F013-8802-306","FENDER BUDDY GUY STRAT MN BLACK","","","","","",1,"ตัว",,"",0.00,"           4"
"","","","F014-0226-705","FENDER 60 ANNI. ROADWORN 60S J BASS PF OWT","","","","","",1,"ตัว",,"",0.00,"           3"
"","","","F014-0310-075","FENDER LTD PLAYER P BASS MN ELECTRON GREEN","","","","","",1,"ตัว",,"",0.00,"           1"
"","","","F014-0311-075","FENDER LTD PLAYER STRAT MN ELECTRON GREEN","","","","","",1,"ตัว",,"",0.00,"           4"
"","","","F014-0460-565","FENDER PLAYER II MUSTANG RW BIRCH GREEN","","","","","",1,"ตัว",,"",0.00,"           1"
"","","","F014-0470-515","FENDER PLAYER II P BASS RW POLAR WHITE","","","","","",1,"ตัว",,"",0.00,"           4"
"","","","F014-0480-592","FENDER DE PLAYER II J BASS RW BRITISH GREEN","","","","","",1,"ตัว",,"",0.00,"           3"
"","","","F014-0510-515","FENDER PLAYER II STRAT RW POLARWHITE","","","","","",1,"ตัว",,"",0.00,"           6"
"","","","F014-0510-558","FENDER PLAYER II STRAT RW CORAL RED","","","","","",1,"ตัว",,"",0.00,"          32"
"","","","F014-0550-518","FENDER PLAYER II TELE RW AQUATONE BLUE","","","","","",1,"ตัว",,"",0.00,"           4"
"","","","F014-0552-529","FENDER PLAYER II TELE MN MOCHA","","","","","",1,"ตัว",,"",0.00,"           4"
"","","","F014-0570-518","FENDER PLAYER II TELE HH RW AQUATONE BLUE","","","","","",1,"ตัว",,"",0.00,"           2"
"","","","F014-0610-772","FENDER HARRISON ROCKY STRAT RW SONIC BLUE","","","","","",1,"ตัว",,"",0.00,"           4"
"","","","F014-0711-372","FENDER GOLD FOIL JAZZ BASS EB SONIC BLUE","","","","","",1,"ตัว",,"",0.00,"           2"
"","","","F014-0731-332","FENDER GOLD FOIL TELE EB CANDY APPLE BURST","","","","","",1,"ตัว",,"",0.00,"           3"
"","","","F014-0822-550","FD LTD PLAYER II TELE MN ROASTED BUTTERSCOTCH","","","","","",1,"ตัว",,"",0.00,"           1"
"","","","F014-1063-350","FENDER 30TH ANNI.SCREAMADELICA STRAT PF RBY","","","","","",1,"ตัว",,"",0.00,"          19"
"","","","F014-1512-515","FD DE PLAYER II STRAT MN MH POLARWHITE","","","","","",2,"ตัว",,"",0.00,"         199"
"","","","F014-2400-744","FD CHRIS SHIFLETT TELE RW SHORELINE GOLD","","","","","",1,"ตัว",,"",0.00,"           6","           1"
"","","","F014-2930-341","FENDER LTD LAURA LEE J BASS RW VINT WHITE","","","","","",1,"ตัว",,"",0.00,"           1"
"","","","F014-4013-573","FENDER DUO SONIC PF SEAFORM GREEN","","","","","",1,"ตัว",,"",0.00,"           6"
"","","","F014-4022-538","FENDER DUO SONIC HS MN CRIMSON RED","","","","","",1,"ตัว",,"",0.00,"           4"
"","","","F014-4042-547","FENDER PLAYER MUSTANG MN SIENA SUNBURST","","","","","",1,"ตัว",,"",0.00,"           3"
"","","","F014-4143-566","FENDER MUSTANG 90 PF BURGUNDY MIST METTALIC","","","","","",1,"ตัว",,"",0.00,"           3"
"","Music Concept WT                                         ","หน้า   :       29"
"","สินค้าคงเหลือ แยกตามคลังสินค้า    ","ณ วันที่  16 มิ.ย. 2569"
"","รหัสสินค้าจาก","001-01005-000     ","ถึง","VP-ADAPTOR-9V","วันที่ : 16/06/2569"
"","คลัง","","รหัสสินค้า","ชื่อสินค้า","","","","","","  จำนวน","","ราคาต่อหน่วย","","มูลค่าคงเหลือ","ยอดค้างรับ","ยอดค้างส่ง"
"","","","F014-4502-503","FENDER PLAYER STRAT MN 2TS","","","","","",1,"ตัว",,"",0.00,"          29"
"","","","F014-5212-500","FENDER PLAYER TELE MN 3TS","","","","","",1,"ตัว",,"",0.00,"          12"
"","","","F014-5310-700","FENDER MIKE MCCREADY STRAT RW 3TS","","","","","",1,"ตัว",,"",0.00,"           9"
"","","","F014-6230-721","FENDER JIMMY PAGE TELECASTER RW NATURAL","","","","","",1,"ตัว",,"",0.00,"           4"
"","","","F014-7040-397","FENDER 70TH ANV PLAYER STRAT RW NEBNOIR","","","","","",1,"ตัว",,"",0.00,"          38"
"","","","F014-7313-347","FENDER PLAYER PLUS STRAT PF SIENA SUNBURST","","","","","",1,"ตัว",,"",0.00,"           2"
"","","","F014-7393-387","FD PLAYER PLUS ACT METORA BASS PF TEQUILA SUNRISE","","","","","",1,"ตัว",,"",0.00,"           3"
"","","","F014-7430-335","FENDER PLAYER II MOD STRAT HSS RW ELECTRIC BLUE","","","","","",1,"ตัว",,"",0.00,"           6"
"","","","F014-7540-335","FENDER PLAYER II MOD J BASS V RW ELECTRIC BLUE","","","","","",1,"ตัว",,"",0.00,"           8"
"","","","F014-8020-306","FENDER LTD TOM DELONGE STRAT RW BLACK","","","","","",1,"ตัว",,"",0.00,"           3"
"","","","F014-8090-366","FD LTD VINT II ROADWORN 60S TELE RW BURGUNDY MIST","","","","","",1,"ตัว",,"",0.00,"           1"
"","","","F014-8300-591","FENDER BLACKTOP JAGUAR HH RW SILVER","","","","","",2,"ตัว",,"",0.00,"           2"
"","","","F014-9012-306","FENDER VINT II 50S STRAT MN BLACK","","","","","",1,"ตัว",,"",0.00,"           3"
"","","","F014-9030-357","FENDER VINT II 70S STRAT RW SURF GREEN","","","","","",1,"ตัว",,"",0.00,"           4"
"","","","F014-9042-368","FENDER VINT II 50 NOCASTER MN BLKGUARD BLONDE","","","","","",1,"ตัว",,"",0.00,"           3"
"","","","F014-9062-306","FENDER VINT II 60S TELE THINLINE MN BLACK","","","","","",1,"ตัว",,"",0.00,"           1"
"","","","F014-9072-357","FENDER VINT II 70S TELE DLX TREM MN SURF GREEN","","","","","",1,"ตัว",,"",0.00,"           1"
"","","","F014-9110-372","FENDER VINT II 50S JAZZMASTER RW SONIC BLUE","","","","","",1,"ตัว",,"",0.00,"           1"
"","","","F014-9142-378","FEBDER VINT III LATE 50S STRAT MN AZTEC GOLD","","","","","",1,"ตัว",,"",0.00,"           2"
"","","","F014-9160-349","FENDER VINT III EARLY 60S STRAT RW SEAFORM GREEN","","","","","",1,"ตัว",,"",0.00,"           1"
"","","","F014-9182-301","FENDER LTD VINT III LATE 50S STRAT MN WHITE BLONDE","","","","","",1,"ตัว",,"",0.00,"           1"
"","","","F014-9192-346","FD VINT III LATE 50S TELE MN SURF GREEN METTALIC","","","","","",1,"ตัว",,"",0.00,"           2"
"","","","F014-9390-300","FD VINT III EARLY 60S J BASS VI RW 3TS","","","","","",1,"ตัว",,"",0.00,"           1"
"","","","F014-9933-500","FENDER PLAYER JAZZ BASS FRETLESS PF 3TS","","","","","",-1,"ตัว",,"",0.00,"           4"
"","","","F017-0270-868","FENDER 70TH ANNIV. BROADCASTER MN BGB","","","","","",2,"ตัว",,"",0.00,"          17"
"","","","F017-0281-830","FENDER SUONA THINLINE TELE EB VIOLINBURST","","","","","",1,"ตัว",,"",0.00,"           3"
"","","","F017-1010-701","FENDER FSR AM PRO II STRAT RW TL WHITE BLONDE","","","","","",1,"ตัว",,"",0.00,"           2"
"","","","F017-1010-735","FD FSR AM PRO II STRAT RW TL TRANS SURF GREEN","","","","","",1,"ตัว",,"",0.00,"           1"
"","","","F017-1040-703","FENDER FSR AM PERF TELE TIMBER RW 2TSB","","","","","",1,"ตัว",,"",0.00,"           1"
"","","","F017-3900-756","FENDER DE AM PRO II STRAT RW SHELL PINK","","","","","",1,"ตัว",,"",0.00,"           3"
"","","","F017-3902-768","FENDER DE AM PRO II STRAT V MN BGB","","","","","",1,"ตัว",,"",0.00,"           1"
"","","","F017-6812-706","FENDER JACK WHITE TRIPLECASTER BLACK","","","","","",1,"ตัว",,"",0.00,"           4"
"","","","F017-7002-803","FENDER 70TH ANV AM VINT II 54 STRAT MN 2TS","","","","","",1,"ตัว",,"",0.00,"           7"
"","","","F017-7011-728","FD 75TH ANN. AM ULTRA II TELE EB LIQUID GOLD","","","","","",1,"ตัว",,"",0.00,"           3"
"","","","F017-7050-803","FD 75TH ANN. AM PRO PJ BASS MN 2TS","","","","","",1,"ตัว",,"",0.00,"           1"
"","Music Concept WT                                         ","หน้า   :       30"
"","สินค้าคงเหลือ แยกตามคลังสินค้า    ","ณ วันที่  16 มิ.ย. 2569"
"","รหัสสินค้าจาก","001-01005-000     ","ถึง","VP-ADAPTOR-9V","วันที่ : 16/06/2569"
"","คลัง","","รหัสสินค้า","ชื่อสินค้า","","","","","","  จำนวน","","ราคาต่อหน่วย","","มูลค่าคงเหลือ","ยอดค้างรับ","ยอดค้างส่ง"
"","","","F017-8222-883","FD DE AM ULTRA LUXE 60S STRAT MN ICE BLUE","","","","","",1,"ตัว",,"",0.00,"           2"
"","","","F017-9142-706","FENDER DE ULTRA II STRAT RST MN BLK","","","","","",1,"ตัว",,"",0.00,"           3"
"","","","F019-0090-846","FENDER ADAM CLAYTON JAZZ BASS RW SHM","","","","","",1,"ตัว",,"",0.00,"           8"
"","","","F019-0160-800","FENDER AM VINT II 60 P BASS RW 3TSB","","","","","",1,"ตัว",,"",0.00,"           8"
"","","","F019-0170-805","FENDER AMERICAN VINT II 66 J BASS RW OWT","","","","","",1,"ตัว",,"",0.00,"           5"
"","","","F019-3932-719","FENDER AM PRO II P BASS MN MIAMI BLUE","","","","","",1,"ตัว",,"",0.00,"           3"
"","","","F019-7702-806","FENDER US GEDDY LEE J BASS MN BLACK","","","","","",1,"ตัว",,"",0.00,"           8"
"","","","F019-8351-070","FD 70TH ANNIVERSARY PICK TIN (12)","","","","","",6,"แพ็ค",,"",0.00,"          10"
"","","","F019-9101-776","FENDER AM ULTRA II P BASS EB NOBLE BLUE","","","","","",1,"ตัว",,"",0.00,"           3"
"","","","F019-9102-796","FENDER AM ULTRA II P BASS MN AVALANCHE","","","","","",1,"ตัว",,"",0.00,"           3"
"","","","F019-9122-799","FENDER AM ULTRA J BASS V MN SINISTER RED","","","","","",1,"ตัว",,"",0.00,"          15"
"","","","F022-0660-007","EVH PREMIUM QUALITY GUITAR STRAP","","","","","",1,"เส้น",,"",0.00,"          11"
"","","","F022-1512-006","EVH GIG BAG BLACK W/RED INTEROR","","","","","",1,"ใบ",,"",0.00
"","","","F022-2137-001","EVH WOLFGANG NECK PICKUP","","","","","",2,"ชุด",,"",0.00,"           3"
"","","","F022-2137-002","EVH WOLFGANG BRIDGE PICKUP","","","","","",1,"ชุด",,"",0.00,"           4"
"","","","F022-2138-001","EVH WOLFGANG NECK PICKUP BLACK","","","","","",1,"ชุด",,"",0.00,"           2"
"","","","F022-3534-100","EVH AMP MINI 5150 III MICRO STACK EL34","","","","","",1,"ตู้",,"",0.00,"          11"
"","","","F022-7281-000","EVH CLOCK RWB STRIPES","","","","","",1,"เรือน",,"",0.00,"           6"
"","","","F023-4535-000","FENDER MIRROR IMAGE DELAY PEDAL","","","","","",1,"ตัว",,"",0.00,"           6"
"","","","F023-4540-000","FENDER BUBBLER CHORUS","","","","","",1,"ตัว",,"",0.00,"           7"
"","","","F023-4543-000","FENDER THE PINWHEEL ROTARY SPEAKER EMULATOR","","","","","",1,"ตัว",,"",0.00,"           1"
"","","","F023-4547-000","FENDER MTG LA TUBE DISTORTION","","","","","",1,"ตัว",,"",0.00,"           4"
"","","","F023-4557-000","FENDER HELLO KITTY FUZZ EFFECT","","","","","",1,"ตัว",,"",0.00,"          85"
"","","","F023-4557-005","FENDER HELLO KITTY FUZZ BLACK","","","","","",6,"ตัว",,"",0.00,"          12"
"","","","F023-4557-100","FENDER GODZILLA DISTORTION","","","","","",3,"ตัว",,"",0.00,"           7"
"","","","F023-4572-000","FENDER HAMMERTONE DELAY","","","","","",1,"ตัว",,"",0.00,"          12"
"","","","F023-4577-000","FENDER HAMMERTONE SPACE DELAY","","","","","",2,"ตัว",,"",0.00,"           6"
"","","","F023-4811-000","FENDER AMP.MINI 57 TWIN AMP","","","","","",3,"ตู้",,"",0.00,"          20"
"","","","F023-9780-001","FENDER TELEPATH WIRELESS SYSTEM","","","","","",8,"ตัว",,"",0.00,"          32"
"","","","F023-9961-000","FENDER FLASH 2.0 RECHARGEABLE TUNER","","","","","",3,"ตัว",,"",0.00,"         208"
"","","","F023-9988-302","FENDER AG6 TUNER BLUE SPARKLE","","","","","",1,"เครื่อง",,"",0.00
"","","","F025-1760-358","FENDER BOXER SERIES PJ BASS TORINO RED","","","","","",1,"ตัว",,"",0.00,"           2"
"","","","F025-2202-371","FENDER AERODYNE SPCL TELE MN HOTRODBURST","","","","","",1,"ตัว",,"",0.00,"           1"
"","","","F026-6040-550","FENDER STD TELE LRL BPG BUTTERSCOTCH","","","","","",1,"ตัว",,"",0.00
"","","","F026-6240-560","FENDER STD STRAT LRL WPG AQUA MARINE METTALIC","","","","","",1,"ตัว",,"",0.00,"          10"
"","Music Concept WT                                         ","หน้า   :       31"
"","สินค้าคงเหลือ แยกตามคลังสินค้า    ","ณ วันที่  16 มิ.ย. 2569"
"","รหัสสินค้าจาก","001-01005-000     ","ถึง","VP-ADAPTOR-9V","วันที่ : 16/06/2569"
"","คลัง","","รหัสสินค้า","ชื่อสินค้า","","","","","","  จำนวน","","ราคาต่อหน่วย","","มูลค่าคงเหลือ","ยอดค้างรับ","ยอดค้างส่ง"
"","","","F026-6420-560","FENDER STD STRAT HSS MN WPG AQUA MARINE METTALIC","","","","","",1,"ตัว",,"",0.00,"          32"
"","","","F026-6441-506","FENDER STD STRAT HSS LRL BPG BLACK","","","","","",1,"ตัว",,"",0.00,"          30"
"","","","F026-6641-500","FENDER STD P BASS LRL BPG 3TS","","","","","",1,"ตัว",,"",0.00,"           3"
"","","","F037-0121-506","SQ MINI STRAT V2 BLACK","","","","","",1,"ตัว",,"",0.00,"          36","           3"
"","","","F037-0470-549","SQ CONT ACT STARCASTER MN SURF PEART","","","","","",1,"ตัว",,"",0.00,"           5"
"","","","F037-3202-517","SQ FSR STRAT HSS MN WHT PG ULTRA VOILET","","","","","",1,"ตัว",,"",0.00,"          17"
