"","คลังสินค้า เบ๊เงียบเส็ง                                  ","หน้า   :        1"
"","สินค้าคงเหลือ แยกตามคลังสินค้า    ","ณ วันที่  29 มิ.ย. 2569"
"","รหัสสินค้าจาก","001-01005-000     ","ถึง","VRS10304514  ","วันที่ : 28/06/2569"
"","หมวดสินค้าจาก","                  ","ถึง","9999"
"","คลังสินค้าจาก","01                ","ถึง","99"
"","คลัง","","รหัสสินค้า","ชื่อสินค้า","","","","","","  จำนวน","","ราคาต่อหน่วย","","มูลค่าคงเหลือ","ยอดค้างรับ","ยอดค้างส่ง"
"","PL","","","","ล๊อตคงเหลือ","","  จำนวน","ราคาต่อหน่วย","มูลค่าในล๊อต"
"","01","คลังสำนักงานใหญ่"
"","","","050-00000","เพิ่มนำเบอร์","","","","","",-60,"รายการ",,"",0.00
"","","","F005-0964-010","FENDER PICKUP TELE TXSPCL BRDIGE CS ACS","","","","","",1,"ตัว",1443.32,"",1443.32
"","","","F009-6349-000","FENDER STRATOCASTER FRAME ART PRINT","","","","","",2,"ชุด",148.88,"",297.76
"","","","F011-5510-300","FENDER AM PERF MUSTANG RW 3TSB","","","","","",1,"ตัว",23322.23,"",23322.23
"","","","F011-5510-341","FENDER AM PERF MUSTANG RW VINT.WHITE","","","","","",3,"ตัว",23322.23,"",69966.69
"","","","F014-5902-317","FENDER BRAD PAISLEY RDWN TELE MN SLV SPKL","","","","","",1,"ตัว",,"",0.00
"","","","F014-6230-721","FENDER JIMMY PAGE TELECASTER RW NATURAL","","","","","",9,"ตัว",9557.73,"",86019.57
"","","","F017-6010-703","FENDER JAZZ TELE RW 2TS","","","","","",1,"ตัว",42887.12,"",42887.12
"","","","F022-1512-006","EVH GIG BAG BLACK W/RED INTEROR","","","","","",1,"ใบ",1539.00,"",1539.00
"","","","F032-0327-510","SQ CONT STRAT 2H RVS RW FLAT BLACK","","","","","",1,"ตัว",7749.33,"",7749.33
"","","","F069-4506-900","FENDER PASSPORT STUDIO","","","","","",2,"ชุด",10601.98,"",21203.96
"","","","F099-2739-000","GRESTCH BRANDY SNIFTER ( แก้วบรั่นดี )","","","","","",1,"ใบ",628.10,"",628.10
"","","","F099-9344-003","FENDER GMP GUITAR MINIATURE DISPLAY CASE","","","","","",1,"ชุด",,"",0.00
"","","","F222-1200-000","FENDER BANDMASTER VM 212 CABINET","","","","","",1,"ตู้",,"",0.00
"","","","F225-4006-010","EVH 5150 III 2X12 TUBE COMBO BLACK","","","","","",2,"ตู้",34297.45,"",68594.90
"","","","F226-4006-000","FENDER AMP.BASSBREAKER 18/30 COMBO","","","","","",2,"ตู้",20118.00,"",40236.00
"","","","F230-3006-900","GRETA AMP. 2 WATT","","","","","",1,"ตู้",,"",0.00
"","","","F241-0700-806","GRESTCH G6139CBSL FALCON BLACK W/CASE","","","","","",1,"ตัว",59956.00,"",59956.00
"","","","F291-9005-521","JACKSON JS3 SPECTRA V SILVER BURST","","","","","",1,"ตัว",7433.63,"",7433.63
"","","","F291-9904-503","JACKSON JS3 SPECTRA IV GLOSS BLACK","","","","","",1,"ตัว",6636.50,"",6636.50
"","","","F291-9904-573","JACKSON JS3 SPECTRA IV METTALIC RED","","","","","",2,"ตัว",6402.04,"",12804.08
"","","","F299-2683-000","JACKSON WALL MOUNTED BOTTLE OPENER","","","","","",1,"ชุด",372.24,"",372.24
"","","","F525-2202-350","FENDER CLASSIC 69 TELE BLUE FLOWER W/GIG","","","","","",1,"ตัว",20052.61,"",20052.61
"","","","F771-3372-000","FENDER PICKUP AM PLAYER STRAT NECK AGD","","","","","",1,"อัน",,"",0.00
"","","","F912-2001-406","EVH T SHIRT LOGO BLACK MEDIUM SIZE","","","","","",3,"ตัว",514.00,"",1542.00
"","","","F912-3003-000","EVH BASEBALL HAT BLACK (หมวก)","","","","","",1,"ใบ",379.00,"",379.00
"","","","F912-3005-000","EVH 30" BARSTOOL","","","","","",1,"ตัว",2086.00,"",2086.00
"","","","F912-3013-130","FD LTD ED PARALLEL UNI STRAT-TELE HYBRID โปสเตอร์","","","","","",1,"รูป",1891.33,"",1891.33
"","","","F912-3013-131","FD LTD ED PARALLEL UNI AMERICA ELITE TELE โปสเตอร์","","","","","",2,"รูป",1891.33,"",3782.66
"","","","F912-3013-139","FD LTD ED PARALLEL UNI TROUV ELITE TELE โปสเตอร์","","","","","",1,"รูป",1891.33,"",1891.33
"","","","F912-3013-140","FD LTD ED PARALLEL UNI TELE THIN SUPER DLX โปสเตอร","","","","","",1,"รูป",1891.33,"",1891.33
"","คลังสินค้า เบ๊เงียบเส็ง                                  ","หน้า   :        2"
"","สินค้าคงเหลือ แยกตามคลังสินค้า    ","ณ วันที่  29 มิ.ย. 2569"
"","รหัสสินค้าจาก","001-01005-000     ","ถึง","VRS10304514  ","วันที่ : 28/06/2569"
"","คลัง","","รหัสสินค้า","ชื่อสินค้า","","","","","","  จำนวน","","ราคาต่อหน่วย","","มูลค่าคงเหลือ","ยอดค้างรับ","ยอดค้างส่ง"
"","","","F912-3013-141","FD LTD ED PARALLEL UNI WHITEGUARD STRAT โปสเตอร์","","","","","",1,"รูป",1891.33,"",1891.33
"","","","F912-3013-142","FD LTD ED PARALLEL UNI JAGUAR STRAT โปสเตอร์","","","","","",1,"รูป",1891.33,"",1891.33
"","","","F912-3013-143","FENDER LTD ED PARALLEL UNI METEORA โปสเตอร์","","","","","",1,"รูป",1891.33,"",1891.33
"","","","F912-4005-806","FENDER CUSTOM SHOP BACKPACK GREEN (เป้)","","","","","",8,"ใบ",1652.26,"",13218.08
"","","","F912-5004-406","FD SPAGHETTI LOGO WINDBREAKER NAVY (M)","","","","","",7,"ตัว",920.35,"",6442.45
"","","","F912-5004-506","FD SPAGHETTI LOGO WINDBREAKER NAVY (L)","","","","","",4,"ตัว",920.35,"",3681.40
"","","","F922-2683-000","GRESTCH WALL MOUNTED BOTTLE OPENER","","","","","",4,"ชุด",372.24,"",1488.96
"","","","","","","","","","","---------------","","---------------","","---------------","---------------","---------------"
"","รวมคลัง","","01",38,"สินค้า","","","","",14,"",36793.68,"",515111.57,0,0
"","","","","","","","","","","===============","","===============","","===============","===============","==============="
"","02","คลัง WIZTRUE  บางนา"
"","","","","","","","","","","---------------","","---------------","","---------------","---------------","---------------"
"","รวมคลัง","","02",0,"สินค้า","","","","",0,"",,"",0.00,0,0
"","","","","","","","","","","===============","","===============","","===============","===============","==============="
"","03","สินค้ามีตำหนิและรออะไหล่"
"","","","F030-0510-505","SQ DELUXE STRAT HOT RAIL RW OWT","","","","","",1,"ตัว",6613.40,"",6613.40
"","","","F030-1500-500","SQ DELUXE DIMENSION BASS V RW 3TS","","","","","",1,"ตัว",7374.97,"",7374.97
"","","","F030-2700-500","SQ VINTAGE MOD. JAGUAR HH 3TS","","","","","",1,"ตัว",6062.42,"",6062.42
"","","","F031-0760-532","SQ AFFINITY JAZZ BASS BSB","","","","","",1,"ตัว",4015.38,"",4015.38
"","","","F096-0250-221","FENDER A. PM-1E STD DREADNOUGHT NATURAL","","","","","",1,"ตัว",16140.55,"",16140.55
"","","","F096-0270-221","FENDER A. PM-1 DLX DREADNOUGHT NATURAL","","","","","",1,"ตัว",20175.68,"",20175.68
"","","","F096-0290-203","FENDER A. PM-1 DLX DREADNOUGHT SUNBURST","","","","","",1,"ตัว",20175.68,"",20175.68
"","","","","","","","","","","---------------","","---------------","","---------------","---------------","---------------"
"","รวมคลัง","","03",7,"สินค้า","","","","",7,"",11508.30,"",80558.08,0,0
"","","","","","","","","","","===============","","===============","","===============","===============","==============="
"","04","คลังสำนักงานเพชรบุรีตัดใหม่"
"","","","002-11108","VOX AMP. GUITAR AC30S1","","","","","",1,"ตู้",,"",0.00
"","","","002-11114-HW","VOX AMP. GUITAR AC15HW1-G12C","","","","","",1,"ตู้",,"",0.00
"","","","002-20001-1","VOX ACOUSTIC DRUM V-TELSTAR 1/2","","","","","",1,"ชุด",,"",0.00
"","","","002-20001-2","VOX ACOUSTIC DRUM V-TELSTAR 2/2","","","","","",1,"ชุด",,"",0.00
"","","","032-08002","SAMSON RESOLV 65A POWER MONITOR (PAIR)","","","","","",2,"คู่",,"",0.00
"","","","050-00000","เพิ่มนำเบอร์","","","","","",-54,"รายการ",,"",0.00
"","","","050-B161-1","CABLE POWER AC I&O VCT CABLE 1.5 M BLACK 3","","","","","",346,"เส้น",,"",0.00
"","","","F001-0116-070","FENDER COVER PICKUP CHROME PLT","","","","","",10,"อัน",,"",0.00
"","","","F001-0660-090","FENDER COVER PICKUP J.BASS CHROME","","","","","",10,"อัน",,"",0.00
"","คลังสินค้า เบ๊เงียบเส็ง                                  ","หน้า   :        3"
"","สินค้าคงเหลือ แยกตามคลังสินค้า    ","ณ วันที่  29 มิ.ย. 2569"
"","รหัสสินค้าจาก","001-01005-000     ","ถึง","VRS10304514  ","วันที่ : 28/06/2569"
"","คลัง","","รหัสสินค้า","ชื่อสินค้า","","","","","","  จำนวน","","ราคาต่อหน่วย","","มูลค่าคงเหลือ","ยอดค้างรับ","ยอดค้างส่ง"
"","","","F001-0678-000","FENDER BRIDGE COVER JAZZ BASS CHROME","","","","","",5,"อัน",,"",0.00
"","","","F001-8027-049","FD SCREW SET 4-40X3/8HX CUP BLK (12)","","","","","",10,"ชุด",,"",0.00
"","","","F001-8531-049","FENDER .050 HEX KEY SHORT ARM 6 เหลี่ยม (12)","","","","","",2,"ห่อ",,"",0.00
"","","","F001-8671-049","FENDER SPRING TREMOLO ARM TENTION BLK","","","","","",60,"ตัว",,"",0.00
"","","","F001-9281-049","FD SPRING ADJ BRIDGE #1932 (12)","","","","","",10,"ชุด",,"",0.00
"","","","F001-9473-049","FENDER BRIDGE BLOCK VINTAGE STRAT","","","","","",2,"ชุด",,"",0.00
"","","","F002-1642-049A","FENDER PILOT LIGHT #T47 (2)","","","","","",26,"ตัว",,"",0.00
"","","","F002-1956-049","FD JACK PHONE OPEN W/HDWR","","","","","",100,"ชุด",,"",0.00
"","","","F002-2043-049","FD SECURITY STRAP LOCKS GOLD (2)","","","","","",10,"ชุด",,"",0.00
"","","","F002-3811-049","FD WRENCH 1/8 X 1-1/4 X 2-3/4 HEX 6 เหลี่ยม (12)","","","","","",2,"ชุด",,"",0.00
"","","","F002-8957-049","FD SCREW MACHINE-BRIDGE PIVOT (2)","","","","","",5,"ชุด",,"",0.00
"","","","F003-1643-049","FENDER SPRING TREMOLO TENSION VINTAGE","","","","","",45,"ตัว",,"",0.00
"","","","F003-8929-049","FD PURE VINT 5-POSITION PICKUP SELECTOR SWITCH","","","","","",15,"ชุด",,"",0.00
"","","","F004-0800-049","FENDER SCREW SET 6-32X7/16 HEX CP NI (12)","","","","","",5,"ชุด",,"",0.00
"","","","F005-3736-049","FD CONTROL 100 KB CONC TOCOS","","","","","",18,"ตัว",,"",0.00
"","","","F005-6253-049","FENDER KNOB PICKUP SWITCH PARCHMEN (2)","","","","","",3,"ชุด",,"",0.00
"","","","F005-6254-049","FENDER STRAT KNOB PARCHMENT (SET3)","","","","","",17,"ชุด",,"",0.00
"","","","F005-9266-049","FENDER SW CAP SPSH STRAT PARCHMENT (2)","","","","","",3,"ชุด",,"",0.00
"","","","F005-9267-049","FD SWKNOB SPSH STRAT PARCHMENT (2)","","","","","",5,"ชุด",,"",0.00
"","","","F006-1260-000","F.SW/POT ASSY S-1 250K.25B SOSH FOR TELE","","","","","",10,"ตัว",,"",0.00
"","","","F006-1493-000","FD PICKGUARD AM SRS STRAT HH PARCHMENT","","","","","",10,"อัน",,"",0.00
"","","","F006-4063-049","FD REVERB UNIT 4 SPRING 4AB3C1B","","","","","",3,"ตัว",,"",0.00
"","","","F007-3618-049","FD JACK 6.3 OUTPUT","","","","","",35,"ชุด",,"",0.00
"","","","F007-5123-049","FENDER SADDLES'08 AM STD GTR SET","","","","","",5,"ชุด",,"",0.00
"","","","F007-6568-049","FD PURE VINT 70S BASS TUNER MACHINE HEAD","","","","","",5,"ชุด",,"",0.00
"","","","F007-8834-049","FD PURE VINT BASS TUNER MACHINE HEAD","","","","","",5,"ชุด",,"",0.00
"","","","F008-2060-049","FD PLAYER I & II & SQ CLSC VIBE JAGUAR TREM ARM","","","","","",5,"ชุด",,"",0.00
"","","","F009-6453-049","FD CAPACITOR WAX PAPER .10 MFD 150V","","","","","",5,"ตัว",,"",0.00
"","","","F009-6454-049","FD CAPACITOR WAX PAPER .05 MFD 150V","","","","","",5,"ตัว",,"",0.00
"","","","F010-7112-841","FENDER YNGWIE MALMSTEEN STRAT MN V.WHITE","","","","","",1,"ตัว",,"",0.00
"","","","F011-0232-803","FD AMERICAN VINT II 57 STRAT MN 2TS","","","","","",2,"ตัว",,"",0.00
"","","","F011-0232-806","FD AMERICAN VINT II 57 STRAT MN BLACK","","","","","",2,"ตัว",,"",0.00
"","","","F011-0232-807","FD AMERICAN VINT II 57 STRAT MN VINT BLONDE","","","","","",1,"ตัว",,"",0.00
"","","","F011-0270-834","FD AMERICAN VINT II 73 STRAT RW AGED NATURAL","","","","","",4,"ตัว",,"",0.00
"","","","F011-0272-802","FD AMERICAN VINT II 73 STRAT MN LAKE PLACID BLUE","","","","","",1,"ตัว",,"",0.00
"","คลังสินค้า เบ๊เงียบเส็ง                                  ","หน้า   :        4"
"","สินค้าคงเหลือ แยกตามคลังสินค้า    ","ณ วันที่  29 มิ.ย. 2569"
"","รหัสสินค้าจาก","001-01005-000     ","ถึง","VRS10304514  ","วันที่ : 28/06/2569"
"","คลัง","","รหัสสินค้า","ชื่อสินค้า","","","","","","  จำนวน","","ราคาต่อหน่วย","","มูลค่าคงเหลือ","ยอดค้างรับ","ยอดค้างส่ง"
"","","","F011-0272-829","FD AMERICAN VINT II 73 STRAT MN MOCHA","","","","","",1,"ตัว",,"",0.00
"","","","F011-0312-880","FD LTD AM VINT II 51 TELE MN PROTO WHT","","","","","",1,"ตัว",,"",0.00
"","","","F011-0332-829","FD AMERICAN VINT II 75 TELE DLX MN MOCHA","","","","","",1,"ตัว",,"",0.00
"","","","F011-0340-846","FD AM VINT II 66 JAZZMASTER RW SHERWOOD GREEN META","","","","","",1,"ตัว",,"",0.00
"","","","F011-0380-800","FD AMERICAN VINT II 63 TELE RW 3TSB","","","","","",2,"ตัว",,"",0.00
"","","","F011-0380-857","FD AMERICAN VINT II 63 TELE RW SURF GREEN","","","","","",4,"ตัว",,"",0.00
"","","","F011-0392-834","FD AMERICAN VINT II 72 TELE THINLINE MN AG NATURAL","","","","","",2,"ตัว",,"",0.00
"","","","F011-1060-848","FD LTD RAPHAEL SAADIQ TELE RW DARK METTALLIC RED","","","","","",4,"ตัว",,"",0.00
"","","","F011-3900-705","FD AM PRO II STRAT RW OWT","","","","","",2,"ตัว",,"",0.00
"","","","F011-3900-718","FD AM PRO II STRAT RW MYSTIC SURF GREEN","","","","","",3,"ตัว",,"",0.00
"","","","F011-3900-763","FD AM PRO II STRAT RW DARK ROASTED PINE","","","","","",4,"ตัว",,"",0.00
"","","","F011-3902-700","FD AM PRO II STRAT MN 3TSB","","","","","",4,"ตัว",,"",0.00
"","","","F011-3902-705","FD AM PRO II STRAT MN OWT","","","","","",3,"ตัว",,"",0.00
"","","","F011-3902-706","FD AM PRO II STRAT MN BLACK","","","","","",1,"ตัว",,"",0.00
"","","","F011-3902-763","FD AM PRO II STRAT MN ROASTED PINE","","","","","",1,"ตัว",,"",0.00
"","","","F011-3902-803","FD AM PRO II STRAT MN 2TS","","","","","",5,"ตัว",,"",0.00
"","","","F011-3942-700","FD AM PRO II TELE MN 3TS","","","","","",1,"ตัว",,"",0.00
"","","","F011-3942-706","FD AM PRO II TELE MN BLACK","","","","","",2,"ตัว",,"",0.00
"","","","F011-3942-719","FD AM PRO II TELE MN MIAMI BLUE","","","","","",2,"ตัว",,"",0.00
"","","","F011-3942-747","FD AM PRO II TELE MN SIENA SUNBURST","","","","","",1,"ตัว",,"",0.00
"","","","F011-4545-706","FENDER JIM ROOT STRAT EB BLACK","","","","","",5,"ตัว",,"",0.00
"","","","F011-4910-342","FENDER AM PERF STRAT RW HONEY BURST","","","","","",1,"ตัว",,"",0.00
"","","","F011-4910-380","FENDER AM PERF STRAT RW ARTIC WHITE","","","","","",2,"ตัว",,"",0.00
"","","","F011-4912-302","FENDER AM PERF STRAT MN SATIN LPB","","","","","",3,"ตัว",,"",0.00
"","","","F011-4940-322","FD AM PRO CLASSIC STRAT RW FADED BLK","","","","","",2,"ตัว",,"",0.00
"","","","F011-4940-374","FD AM PRO CLSC STRAT RW FADED SHERWOOD GRN METTALI","","","","","",3,"ตัว",,"",0.00
"","","","F011-4940-375","FD AM PRO CLSC STRAT RW FADED DAKOTA RED","","","","","",6,"ตัว",,"",0.00
"","","","F011-4942-300","FD AM PRO CLSC STRAT MN 3TS","","","","","",6,"ตัว",,"",0.00
"","","","F011-4942-379","FD AM PRO CLSC STRAT MN FADED LAKE PLACID BLUE","","","","","",4,"ตัว",,"",0.00
"","","","F011-4942-384","FD AM PRO CLSC STRAT MN FADED FIREMIST GOLD","","","","","",3,"ตัว",,"",0.00
"","","","F011-4950-374","FD AM PRO CLSC STRAT HSS RW FADED SHERWOOD GRN MET","","","","","",3,"ตัว",,"",0.00
"","","","F011-4952-300","FD AM PRO CLSC STRAT HSS MN 3TS","","","","","",5,"ตัว",,"",0.00
"","","","F011-4952-322","FD AM PRO CLSC STRAT HSS MN FADED BLACK","","","","","",6,"ตัว",,"",0.00
"","","","F011-4952-379","FD AM PRO CLSC STRAT HSS MN FADED LAKE PLACID BLUE","","","","","",6,"ตัว",,"",0.00
"","","","F011-4960-300","FD AM PRO CLSC TELE RW 3TS","","","","","",3,"ตัว",,"",0.00
"","คลังสินค้า เบ๊เงียบเส็ง                                  ","หน้า   :        5"
"","สินค้าคงเหลือ แยกตามคลังสินค้า    ","ณ วันที่  29 มิ.ย. 2569"
"","รหัสสินค้าจาก","001-01005-000     ","ถึง","VRS10304514  ","วันที่ : 28/06/2569"
"","คลัง","","รหัสสินค้า","ชื่อสินค้า","","","","","","  จำนวน","","ราคาต่อหน่วย","","มูลค่าคงเหลือ","ยอดค้างรับ","ยอดค้างส่ง"
"","","","F011-4960-322","FD AM PRO CLASSIC TELE RW FADED BLK","","","","","",3,"ตัว",,"",0.00
"","","","F011-4960-375","FD AM PRO CLSC TELE RW FADED DAKOTA RED","","","","","",2,"ตัว",,"",0.00
"","","","F011-4962-350","FD AM PRO CLSC TELE MN BUTTERSCOTCH","","","","","",3,"ตัว",,"",0.00
"","","","F011-4962-374","FD AM PRO CLSC TELE MN FADED SHERWOOD GRN METTALIC","","","","","",3,"ตัว",,"",0.00
"","","","F011-4962-379","FD AM PRO CLSC TELE MN FADED LAKE PLACID BLUE","","","","","",3,"ตัว",,"",0.00
"","","","F011-4970-350","FD AM PRO CLSC HOTSHOT TELE RW BUTTERSCOTCH","","","","","",4,"ตัว",,"",0.00
"","","","F011-4970-374","FD AM PRO CLSC HOTSHOT TELE RW FADED SHERWOOD GRN","","","","","",4,"ตัว",,"",0.00
"","","","F011-4972-300","FD AM PRO CLSC HOTSHOT TELE MN 3TS","","","","","",3,"ตัว",,"",0.00
"","","","F011-4972-379","FD AM PRO CLSC HOTSHOT TELE MN FADED LAKE PLACID B","","","","","",4,"ตัว",,"",0.00
"","","","F011-4980-300","FD AM PRO JAZZMASTER RW 3TS","","","","","",1,"ตัว",,"",0.00
"","","","F011-4980-374","FD AM PRO CLSC JAZZMASTER RW FADED SHERWOOD GRN MT","","","","","",2,"ตัว",,"",0.00
"","","","F011-4980-375","FD AM PRO JAZZMASTER RW FADED DAKOTA RED","","","","","",1,"ตัว",,"",0.00
"","","","F011-4990-300","FD AM PRO CLSC JAGUAR RW 3TS","","","","","",1,"ตัว",,"",0.00
"","","","F011-4990-374","FD AM PRO CLSC JAGUAR RW FADED SHERWOOD GRN METTAL","","","","","",1,"ตัว",,"",0.00
"","","","F011-4992-379","FD AM PRO CLSC JAGUAR MN FADED LAKE PLACID BLUE","","","","","",1,"ตัว",,"",0.00
"","","","F011-5010-704","FD CORY WONG STRAT RW SATIN DAPHNE BLUE","","","","","",1,"ตัว",,"",0.00
"","","","F011-5010-727","FD CORY WONG STRAT RW SAPPHIRE BLUE","","","","","",5,"ตัว",,"",0.00
"","","","F011-5010-757","FD CORY WONG STRAT RW SATIN SURF GREEN","","","","","",1,"ตัว",,"",0.00
"","","","F011-5110-342","FENDER AM PERF TELE RW HONEY BURST","","","","","",3,"ตัว",,"",0.00
"","","","F011-5110-372","FENDER AM PERF TELE RW SATIN SONIC BLUE","","","","","",1,"ตัว",23348.75,"",23348.75
"","","","F011-5120-357","FENDER AM PERF TELE HS RW SURF GREEN","","","","","",1,"ตัว",,"",0.00
"","","","F011-5122-300","FENDER AM PERF TELE HUM MN 3TSB","","","","","",1,"ตัว",,"",0.00
"","","","F011-5122-341","FENDER AM PERF TELE HUM MN VINTAGE WHITE","","","","","",2,"ตัว",,"",0.00
"","","","F011-5210-300","FENDER AM PERF JAZZMASTER RW 3TSB","","","","","",2,"ตัว",25779.82,"",51559.64
"","","","F011-5210-302","FENDER AM PERF JAZZMASTER RW LPB","","","","","",1,"ตัว",,"",0.00
"","","","F011-5210-341","FENDER AM PERF JAZZMASTER RW VINT.WHITE","","","","","",3,"ตัว",,"",0.00
"","","","F011-5300-706","FENDER JIM ROOT JAZZMASTER BLACK","","","","","",1,"ตัว",29800.38,"",29800.38
"","","","F011-5510-300","FENDER AM PERF MUSTANG RW 3TSB","","","","","",1,"ตัว",,"",0.00
"","","","F011-5600-704","FD KINGFISH DELTA DAY TELE DLX RW DAPHNE BLUE","","","","","",1,"ตัว",,"",0.00
"","","","F011-5600-787","FD KINGFISH TELE DLX RW MISSISSIPPI NIGHT","","","","","",1,"ตัว",,"",0.00
"","","","F011-5610-839","FD MICHAEL LANDAU STRAT COMA RED","","","","","",2,"ตัว",,"",0.00
"","","","F011-5922-705","FD NILE RODGERS STRAT MN OWT","","","","","",2,"ตัว",,"",0.00
"","","","F011-6502-723","FD LINCOLN BREWSTER STRAT MN OLP","","","","","",1,"ตัว",,"",0.00
"","","","F011-6862-877","FENDER BRUNO MARS STRAT MN MARS MOCHA","","","","","",1,"ตัว",,"",0.00
"","","","F011-7442-803","FENDER ERIC JOHNSON VIRGINIA STRAT MN 2TS","","","","","",3,"ตัว",,"",0.00
"","คลังสินค้า เบ๊เงียบเส็ง                                  ","หน้า   :        6"
"","สินค้าคงเหลือ แยกตามคลังสินค้า    ","ณ วันที่  29 มิ.ย. 2569"
"","รหัสสินค้าจาก","001-01005-000     ","ถึง","VRS10304514  ","วันที่ : 28/06/2569"
"","คลัง","","รหัสสินค้า","ชื่อสินค้า","","","","","","  จำนวน","","ราคาต่อหน่วย","","มูลค่าคงเหลือ","ยอดค้างรับ","ยอดค้างส่ง"
"","","","F011-7472-725","FD CAMPBELL RED TELE MN RED DOG RED","","","","","",2,"ตัว",,"",0.00
"","","","F011-7510-811","FD KENNY WYN SHIPRD STRAT RW FADED SONIC BLUE","","","","","",3,"ตัว",,"",0.00
"","","","F011-7602-805","FENDER ERIC CLAPTON STRAT MN OWT","","","","","",6,"ตัว",,"",0.00
"","","","F011-7602-806","FENDER ERIC CLAPTON STRAT MN BLACK","","","","","",4,"ตัว",,"",0.00
"","","","F011-7602-843","FENDER ERIC CLAPTON STRAT MN PEWTER","","","","","",5,"ตัว",,"",0.00
"","","","F011-7602-858","FENDER ERIC CLAPTON STRAT MN TORINO RED","","","","","",2,"ตัว",17281.15,"",34562.30
"","","","F011-7702-801","FENDER ERIC JOHNSON STRAT WHITE BLONDE","","","","","",3,"ตัว",,"",0.00
"","","","F011-7702-803","FENDER ERIC JOHNSON STRAT 2TS","","","","","",3,"ตัว",,"",0.00
"","","","F011-8062-773","FD AM ULTRA LUXE STRAT MN PEARL REDBURST","","","","","",1,"ตัว",,"",0.00
"","","","F011-8072-791","FD ULTRA LUXE STRAT HSS FR MN SILVERBURST","","","","","",1,"ตัว",,"",0.00
"","","","F011-8212-800","FD DE AM ULTRA LUXE 50S STRAT MN 3TSB","","","","","",2,"ตัว",,"",0.00
"","","","F011-8212-801","FD AM ULTRA LUXE 50S STRAT MN WHITE BLONDE","","","","","",2,"ตัว",,"",0.00
"","","","F011-8220-857","FD AM ULTRA LUXE 60S STRAT RW SURF GREEN","","","","","",1,"ตัว",,"",0.00
"","","","F011-8220-883","FD AM ULTRA LUXE 60S STRAT RW ICE BLUE METTALIC","","","","","",1,"ตัว",,"",0.00
"","","","F011-8250-802","FD AM ULTRA LUXE 60S CSTM TELE RW LAKE PLACID BLUE","","","","","",1,"ตัว",,"",0.00
"","","","F011-9141-712","FD AM ULTRA II STRAT EB ULTRABURST","","","","","",1,"ตัว",,"",0.00
"","","","F011-9141-776","FD AM ULTRA II STRAT EB NOBLE BLUE","","","","","",2,"ตัว",,"",0.00
"","","","F011-9141-790","FD AM ULTRA II STRAT EB TEXAS TEA","","","","","",2,"ตัว",,"",0.00
"","","","F011-9142-733","FD AM ULTRA II STRAT MN SOLAR FLARE","","","","","",2,"ตัว",,"",0.00
"","","","F011-9142-799","FD AM ULTRA II STRAT MN SINISTER RED","","","","","",1,"ตัว",,"",0.00
"","","","F011-9171-733","FD AM ULTRA II TELE EB SOLAR FLARE","","","","","",2,"ตัว",,"",0.00
"","","","F011-9182-796","FD AM ULTRA II METEORA MN AVALANCHE","","","","","",1,"ตัว",,"",0.00
"","","","F011-9600-805","FENDER JEFF BECK STRAT RW OWT","","","","","",5,"ตัว",,"",0.00
"","","","F011-9600-857","FENDER JEFF BECK STRAT RW SURF GREEN","","","","","",4,"ตัว",8640.58,"",34562.30
"","","","F013-8410-701","FD MIKE DIRNT ROADWORDN P BASS RW WHITE BLONE","","","","","",1,"ตัว",,"",0.00
"","","","F013-8412-701","FD MIKE DIRNT ROADWORN P BASS MN WHITE BLONE","","","","","",1,"ตัว",,"",0.00
"","","","F013-8802-306","FENDER BUDDY GUY STRAT MN BLACK","","","","","",1,"ตัว",,"",0.00
"","","","F013-9202-305","FENDER JV SIG.TEX MEX STRAT MN OWT","","","","","",1,"ตัว",,"",0.00
"","","","F014-0223-549","FD LTD PLAYER JAGUAR PF HH SEAFORM PEARL","","","","","",1,"ตัว",,"",0.00
"","","","F014-0226-705","FD 60 ANNI. ROADWORN 60S J BASS PF OWT","","","","","",1,"ตัว",,"",0.00
"","","","F014-0242-364","FD LTD H.E.R. STRAT MN BLUE MERLIN","","","","","",6,"ตัว",,"",0.00
"","","","F014-0262-326","FD J MASCIS TELE MN SPARKLE BLUE","","","","","",1,"ตัว",,"",0.00
"","","","F014-0310-075","FD LTD PLAYER P BASS MN ELECTRON GREEN","","","","","",8,"ตัว",,"",0.00
"","","","F014-0310-783","FD CRISSIE HYNDE TELE RW ICE BLUE METTALIC","","","","","",1,"ตัว",,"",0.00
"","","","F014-0311-075","FD LTD PLAYER STRAT MN ELECTRON GREEN","","","","","",15,"ตัว",,"",0.00
"","คลังสินค้า เบ๊เงียบเส็ง                                  ","หน้า   :        7"
"","สินค้าคงเหลือ แยกตามคลังสินค้า    ","ณ วันที่  29 มิ.ย. 2569"
"","รหัสสินค้าจาก","001-01005-000     ","ถึง","VRS10304514  ","วันที่ : 28/06/2569"
"","คลัง","","รหัสสินค้า","ชื่อสินค้า","","","","","","  จำนวน","","ราคาต่อหน่วย","","มูลค่าคงเหลือ","ยอดค้างรับ","ยอดค้างส่ง"
"","","","F014-0350-706","FENDER TOM MORELLO STRAT RW BLACK","","","","","",2,"ตัว",,"",0.00
"","","","F014-0360-783","FD MORELLO ARM THE HOMELESS RW ICE BLUE METTALIC","","","","","",4,"ตัว",,"",0.00
"","","","F014-0460-506","FD PLAYER II MUSTANG RW BLACK","","","","","",4,"ตัว",,"",0.00
"","","","F014-0460-518","FD PLAYER II MUSTANG RW AQUATONE BLUE","","","","","",3,"ตัว",,"",0.00
"","","","F014-0460-565","FD PLAYER II MUSTANG RW BIRCH GREEN","","","","","",2,"ตัว",,"",0.00
"","","","F014-0462-500","FD PLAYER II MUSTANG MN 3TS","","","","","",4,"ตัว",,"",0.00
"","","","F014-0462-561","FD PLAYER II MUSTANG MN HIALEAH YELLOW","","","","","",3,"ตัว",,"",0.00
"","","","F014-0470-500","FD PLAYER II P BASS RW 3TS","","","","","",1,"ตัว",,"",0.00
"","","","F014-0472-506","FD PLAYER II P BASS MN BLACK","","","","","",2,"ตัว",,"",0.00
"","","","F014-0472-518","FD PLAYER II P BASS MN AQUATONE BLUE","","","","","",2,"ตัว",,"",0.00
"","","","F014-0480-561","FD PLAYER II J BASS RW HIALEAH YELLOW","","","","","",1,"ตัว",,"",0.00
"","","","F014-0480-593","FD DE PLAYER II J BASS RW OXBLOOD W/SEYMOUR DUNCAN","","","","","",3,"ตัว",,"",0.00
"","","","F014-0482-558","FD PLAYER II J BASS MN CORAL RED","","","","","",3,"ตัว",,"",0.00
"","","","F014-0492-500","FD PLAYER II MUSTANG BASS PJ MN SUNBURST","","","","","",3,"ตัว",,"",0.00
"","","","F014-0492-515","FD PLAYER II MUSTANG BASS PJ MN POLARWHITE","","","","","",1,"ตัว",,"",0.00
"","","","F014-0510-500","FD PLAYER II STRAT RW 3TS","","","","","",1,"ตัว",,"",0.00
"","","","F014-0510-501","FD PLAYER II STRAT RW WHITE BLONDE","","","","","",1,"ตัว",,"",0.00
"","","","F014-0510-525","FD PLAYER II STRAT RW TRANS. CHERRY BURST","","","","","",5,"ตัว",,"",0.00
"","","","F014-0510-558","FD PLAYER II STRAT RW CORAL RED","","","","","",4,"ตัว",,"",0.00
"","","","F014-0510-565","FD PLAYER II STRAT RW BIRCH GREEN","","","","","",4,"ตัว",,"",0.00
"","","","F014-0510-575","FD DE PLAYER II STRAT RW LAVENDER","","","","","",7,"ตัว",,"",0.00
"","","","F014-0512-506","FD PLAYER II STRAT MN BLACK","","","","","",3,"ตัว",,"",0.00
"","","","F014-0512-515","FD PLAYER II STRAT MN POLARWHITE","","","","","",7,"ตัว",,"",0.00
"","","","F014-0512-518","FD PLAYER II STRAT MN AQUATONE BLUE","","","","","",2,"ตัว",,"",0.00
"","","","F014-0512-531","FD PLAYER II STRAT MN AGED CHERRY BURST","","","","","",3,"ตัว",,"",0.00
"","","","F014-0512-545","FD PLAYER II STRAT MN TRANS. MOCHA BURST","","","","","",2,"ตัว",,"",0.00
"","","","F014-0512-561","FD PLAYER II STRAT MN HIALEAH YELLOW","","","","","",2,"ตัว",,"",0.00
"","","","F014-0540-500","FD PLAYER II STRAT HSS RW 3TS","","","","","",11,"ตัว",,"",0.00
"","","","F014-0540-501","FD PLAYER II STRAT HSS RW WHITE BLONDE","","","","","",4,"ตัว",,"",0.00
"","","","F014-0540-558","FD PLAYER II STRAT HSS RW CORAL RED","","","","","",2,"ตัว",,"",0.00
"","","","F014-0540-565","FD PLAYER II STRAT HSS RW BIRCH GREEN","","","","","",7,"ตัว",,"",0.00
"","","","F014-0542-506","FD PLAYER II STRAT HSS MN BLACK","","","","","",11,"ตัว",,"",0.00
"","","","F014-0542-518","FD PLAYER II STRAT HSS MN AQUATONE BLUE","","","","","",11,"ตัว",,"",0.00
"","","","F014-0550-501","FD PLAYER II TELE RW WHITE BLONDE","","","","","",1,"ตัว",,"",0.00
"","","","F014-0550-514","FD PLAYER II TELE RW TRANS. CHERRY","","","","","",3,"ตัว",,"",0.00
"","คลังสินค้า เบ๊เงียบเส็ง                                  ","หน้า   :        8"
"","สินค้าคงเหลือ แยกตามคลังสินค้า    ","ณ วันที่  29 มิ.ย. 2569"
"","รหัสสินค้าจาก","001-01005-000     ","ถึง","VRS10304514  ","วันที่ : 28/06/2569"
"","คลัง","","รหัสสินค้า","ชื่อสินค้า","","","","","","  จำนวน","","ราคาต่อหน่วย","","มูลค่าคงเหลือ","ยอดค้างรับ","ยอดค้างส่ง"
"","","","F014-0550-515","FD PLAYER II TELE RW POLARWHITE","","","","","",2,"ตัว",,"",0.00
"","","","F014-0550-518","FD PLAYER II TELE RW AQUATONE BLUE","","","","","",9,"ตัว",,"",0.00
"","","","F014-0550-531","FD PLAYER II TELE RW AGED CHERRY BURST","","","","","",5,"ตัว",,"",0.00
"","","","F014-0550-551","FD LTD PLAYER II TELE HSS RW SPARKLE 3 COLOUR","","","","","",2,"ตัว",,"",0.00
"","","","F014-0550-565","FD PLAYER II TELE RW BIRCH GREEN","","","","","",3,"ตัว",,"",0.00
"","","","F014-0550-593","FD DE PLAYER II TELE RW OXBLOOD W/SEYMOUR DUNCANS","","","","","",1,"ตัว",,"",0.00
"","","","F014-0552-506","FD PLAYER II TELE MN BLACK","","","","","",4,"ตัว",,"",0.00
"","","","F014-0552-558","FD PLAYER II TELE MN CORAL RED","","","","","",6,"ตัว",,"",0.00
"","","","F014-0570-506","FD PLAYER II TELE HH RW BLACK","","","","","",2,"ตัว",,"",0.00
"","","","F014-0570-518","FD PLAYER II TELE HH RW AQUATONE BLUE","","","","","",3,"ตัว",,"",0.00
"","","","F014-0572-500","FD PLAYER II TELE HH MN SUNBURST","","","","","",5,"ตัว",,"",0.00
"","","","F014-0572-558","FD PLAYER II TELE HH MN CORAL RED","","","","","",6,"ตัว",,"",0.00
"","","","F014-0572-561","FD PLAYER II TELE HH MN HIALEAH YELLOW","","","","","",4,"ตัว",,"",0.00
"","","","F014-0580-500","FD PLAYER II JAGUAR RW 3TS","","","","","",1,"ตัว",,"",0.00
"","","","F014-0580-515","FD PLAYER II JAGUAR RW POLARWHITE","","","","","",1,"ตัว",,"",0.00
"","","","F014-0580-518","FD PLAYER II JAGUAR RW AQUATONE BLUE","","","","","",2,"ตัว",,"",0.00
"","","","F014-0580-558","FD PLAYER II JAGUAR RW CORAL RED","","","","","",1,"ตัว",,"",0.00
"","","","F014-0580-561","FD PLAYER II JAGUAR RW HIALEAH YELLOW","","","","","",1,"ตัว",,"",0.00
"","","","F014-0590-500","FD PLAYER II JAZZMASTER RW 3TS","","","","","",2,"ตัว",,"",0.00
"","","","F014-0590-506","FD PLAYER II JAZZMASTER RW BLACK","","","","","",3,"ตัว",,"",0.00
"","","","F014-0590-518","FD PLAYER II JAZZMASTER RW AQUATONE BLUE","","","","","",3,"ตัว",,"",0.00
"","","","F014-0590-558","FD PLAYER II JAZZMASTER MN CORAL RED","","","","","",2,"ตัว",,"",0.00
"","","","F014-0590-565","FD PLAYER II JAZZMASTER RW BIRCH GREEN","","","","","",1,"ตัว",,"",0.00
"","","","F014-0590-592","FD DE PLAYER II JAZZMASSTER RW BRITISH RACING GREE","","","","","",3,"ตัว",,"",0.00
"","","","F014-0711-303","FD GOLD FOIL J BASS EB 2TSB","","","","","",2,"ตัว",,"",0.00
"","","","F014-0731-332","FD GOLD FOIL TELE EB CANDY APPLE BURST","","","","","",2,"ตัว",,"",0.00
"","","","F014-0800-592","FD LTD PLAYER II START RW BRITSH RACING GREEN","","","","","",9,"ตัว",,"",0.00
"","","","F014-0802-506","FD LTD PLAYER II START MN BLACK","","","","","",6,"ตัว",,"",0.00
"","","","F014-0820-592","FD LTD PLAYER II TELE RW BRITSH RACING GREEN","","","","","",1,"ตัว",,"",0.00
"","","","F014-0822-550","FD LTD PLAYER II TELE MN ROASTED BUTTERSCOTCH","","","","","",3,"ตัว",,"",0.00
"","","","F014-1010-306","FD LTD 50TH ANN. DAVE MURRAY STRAT RW BLK","","","","","",4,"ตัว",,"",0.00
"","","","F014-1032-306","FD LTD 50TH ANN. STEVE HARRIS P BASS MN SATIN BLK","","","","","",2,"ตัว",,"",0.00
"","","","F014-1332-321","FD BEN GIBBARD MUSTANG MBN NATURAL","","","","","",5,"ตัว",,"",0.00
"","","","F014-2400-744","FD CHRIS SHIFLETT TELE RW SHORELINE GOLD","","","","","",11,"ตัว",,"",0.00
"","","","F014-2500-309","FD NATE MENDEL P BASS RW CANDY APPLE RED","","","","","",2,"ตัว",,"",0.00
"","คลังสินค้า เบ๊เงียบเส็ง                                  ","หน้า   :        9"
"","สินค้าคงเหลือ แยกตามคลังสินค้า    ","ณ วันที่  29 มิ.ย. 2569"
"","รหัสสินค้าจาก","001-01005-000     ","ถึง","VRS10304514  ","วันที่ : 28/06/2569"
"","คลัง","","รหัสสินค้า","ชื่อสินค้า","","","","","","  จำนวน","","ราคาต่อหน่วย","","มูลค่าคงเหลือ","ยอดค้างรับ","ยอดค้างส่ง"
"","","","F014-2912-785","FD STEVE LACY STRAT MN CHAOS BURST FINISH","","","","","",1,"ตัว",,"",0.00
"","","","F014-2922-321","FD LTD MARK SPEER STRAT MN NATURAL","","","","","",2,"ตัว",,"",0.00
"","","","F014-3120-391","FD TROY SANDERS P BASS RW SILVERBURST","","","","","",2,"ตัว",,"",0.00
"","","","F014-4012-589","FENDER PLAYER DUO SONIC MN DESSERT SAND","","","","","",1,"ตัว",,"",0.00
"","","","F014-4013-573","FD DUO SONIC PF SEAFORM GREEN","","","","","",1,"ตัว",,"",0.00
"","","","F014-4022-538","FD DUO SONIC HS MN CRIMSON RED","","","","","",1,"ตัว",,"",0.00
"","","","F014-4022-547","FD PLAYER DUO SONIC HS MN SIENA SUNBURST","","","","","",2,"ตัว",,"",0.00
"","","","F014-4023-583","FENDER PLAYER DUO SONIC HS PF ICE BLUE METTALIC","","","","","",1,"ตัว",,"",0.00
"","","","F014-4042-547","FENDER PLAYER MUSTANG MN SIENA SUNBURST","","","","","",1,"ตัว",,"",0.00
"","","","F014-4042-572","FENDER MUSTANG MN SONIC BLUE","","","","","",1,"ตัว",,"",0.00
"","","","F014-4052-547","FD MUSTANG BASS PG MN SIENA SUNBURST","","","","","",1,"ตัว",,"",0.00
"","","","F014-4060-306","FENDER JMJ MUSTANG BASS RW BLACK","","","","","",2,"ตัว",,"",0.00
"","","","F014-4060-390","FENDER JMJ MUSTANG BASS RW FADE DPB","","","","","",1,"ตัว",,"",0.00
"","","","F014-4143-566","FD MUSTANG 90 PF BURGUNDY MIST METTALIC","","","","","",1,"ตัว",,"",0.00
"","","","F014-4502-500","FENDER PLAYER STRAT MN 3TS","","","","","",3,"ตัว",,"",0.00
"","","","F014-4502-503","FENDER PLAYER STRAT MN 2TS","","","","","",53,"ตัว",,"",0.00
"","","","F014-4502-513","FENDER PLAYER STRAT MN TIDEPOOL","","","","","",1,"ตัว",12749.65,"",12749.65
"","","","F014-4503-500","FENDER PLAYER STRAT PF 3TS","","","","","",11,"ตัว",,"",0.00
"","","","F014-4503-503","FENDER PLAYER STRAT PF 2TS","","","","","",15,"ตัว",,"",0.00
"","","","F014-4503-573","FD PLAYER STRAT PF SEAFORM GREEN","","","","","",1,"ตัว",,"",0.00
"","","","F014-4553-552","FENDER PLAYER STRAT PLUS TOP PF TBS","","","","","",5,"ตัว",2642.10,"",13210.48
"","","","F014-5212-500","FENDER PLAYER TELE MN 3TS","","","","","",3,"ตัว",,"",0.00
"","","","F014-5213-500","FENDER PLAYER TELE PF 3TS","","","","","",6,"ตัว",,"",0.00
"","","","F014-5233-500","FENDER PLAYER TELE HH PF 3TS","","","","","",1,"ตัว",12749.65,"",12749.65
"","","","F014-5233-573","FD PLAYER TELE HH PF SEAFORM GREEN","","","","","",2,"ตัว",,"",0.00
"","","","F014-5301-780","FENDER JIM ROOT JAZZMASTER V4 EB WHITE","","","","","",8,"ตัว",,"",0.00
"","","","F014-5310-700","FENDER MIKE MCCREADY STRAT RW 3TS","","","","","",2,"ตัว",,"",0.00
"","","","F014-5802-300","FENDER JIMI HENDRIX STRAT MN 3TS","","","","","",2,"ตัว",,"",0.00
"","","","F014-6303-500","FENDER PLAYER JAGUAR PF 3TS","","","","","",1,"ตัว",,"",0.00
"","","","F014-6510-306","FD DUFF MC KAGAN DLX P BASS RW BLACK","","","","","",2,"ตัว",,"",0.00
"","","","F014-6510-334","FD DUFF MCKAGAN DLX P BASS RW WHITE PEARL","","","","","",1,"ตัว",,"",0.00
"","","","F014-6903-534","FENDER PLAYER JAZZMASTER PF BUTTERCREAM","","","","","",1,"ตัว",12667.07,"",12667.07
"","","","F014-7030-888","FD 70TH ANV STRAT RW ANTIGUA","","","","","",33,"ตัว",,"",0.00
"","","","F014-7040-397","FENDER 70TH ANV PLAYER STRAT RW NEBNOIR","","","","","",26,"ตัว",,"",0.00
"","","","F014-7332-376","FD PLAYER PLUS TELE MN AGED COSMIC JADE","","","","","",1,"ตัว",,"",0.00
"","คลังสินค้า เบ๊เงียบเส็ง                                  ","หน้า   :       10"
"","สินค้าคงเหลือ แยกตามคลังสินค้า    ","ณ วันที่  29 มิ.ย. 2569"
"","รหัสสินค้าจาก","001-01005-000     ","ถึง","VRS10304514  ","วันที่ : 28/06/2569"
"","คลัง","","รหัสสินค้า","ชื่อสินค้า","","","","","","  จำนวน","","ราคาต่อหน่วย","","มูลค่าคงเหลือ","ยอดค้างรับ","ยอดค้างส่ง"
"","","","F014-7393-395","FD PLAYER PLUS ACT METORA BASS PF OPAL SPARK","","","","","",1,"ตัว",,"",0.00
"","","","F014-7420-310","FD PLAYER II MOD STRAT RW DUSK","","","","","",4,"ตัว",,"",0.00
"","","","F014-7420-323","FD PLAYER II MOD STRAT RW OLYMPIC PEARL","","","","","",4,"ตัว",,"",0.00
"","","","F014-7420-335","FD PLAYER II MOD STRAT RW ELECTRIC BLUE","","","","","",4,"ตัว",,"",0.00
"","","","F014-7422-300","FD PLAYER II MOD STRAT MN 3TS","","","","","",3,"ตัว",,"",0.00
"","","","F014-7422-360","FD PLAYER II MOD STRAT MN SUNSHINE YELLOW","","","","","",4,"ตัว",,"",0.00
"","","","F014-7422-399","FD PLAYER II MOD STRAT MN HARVEST GRN METTALIC","","","","","",4,"ตัว",,"",0.00
"","","","F014-7430-335","FD PLAYER II MOD STRAT HSS RW ELECTRIC BLUE","","","","","",3,"ตัว",,"",0.00
"","","","F014-7430-360","FD PLAYER II MOD STRAT HSS RW SUNSHINE YELLOW","","","","","",8,"ตัว",,"",0.00
"","","","F014-7432-310","FD PLAYER II MOD STRAT HSS MN DUSK","","","","","",5,"ตัว",,"",0.00
"","","","F014-7440-300","FD PLAYER II MOD STRAT HSS FR RW 3TS","","","","","",2,"ตัว",,"",0.00
"","","","F014-7440-310","FD PLAYER II MOD STRAT HSS FR RW DUSK","","","","","",1,"ตัว",,"",0.00
"","","","F014-7450-300","FD PLAYER II MOD TELE RW 3TS","","","","","",3,"ตัว",,"",0.00
"","","","F014-7450-310","FD PLAYER II MOD TELE RW DUSK","","","","","",2,"ตัว",,"",0.00
"","","","F014-7450-399","FD PLAYER II MOD TELE RW HARVEST GRN METTALIC","","","","","",4,"ตัว",,"",0.00
"","","","F014-7452-323","FD PLAYER II MOD TELE MN OLYMPIC PEARL","","","","","",3,"ตัว",,"",0.00
"","","","F014-7452-360","FD PLAYER II MOD TELE MN SUNSHINE YELLOW","","","","","",1,"ตัว",,"",0.00
"","","","F014-7480-300","FD PLAYER II MOD TELE SH RW 3TS","","","","","",2,"ตัว",,"",0.00
"","","","F014-7480-310","FD PLAYER II MOD TELE SH RW DUSK","","","","","",2,"ตัว",,"",0.00
"","","","F014-7482-323","FD PLAYER II MOD TELE SH MN OLYMPIC PEARL","","","","","",2,"ตัว",,"",0.00
"","","","F014-7482-360","FD PLAYER II MOD TELE SH MN SUNSHINE YELLOW","","","","","",3,"ตัว",,"",0.00
"","","","F014-7490-323","FD PLAYER II MOD P BASS RW OLYMPIC PEARL","","","","","",4,"ตัว",,"",0.00
"","","","F014-7490-399","FD PLAYER II MOD P BASS RW HARVEST GRN METTALIC","","","","","",6,"ตัว",,"",0.00
"","","","F014-7492-300","FD PLAYER II MOD P BASS MN 3TS","","","","","",4,"ตัว",,"",0.00
"","","","F014-7492-310","FD PLAYER II MOD P BASS MN DUSK","","","","","",3,"ตัว",,"",0.00
"","","","F014-7492-360","FD PLAYER II MOD P BASS MN SUNSHINE YELLOW","","","","","",1,"ตัว",,"",0.00
"","","","F014-7520-310","FD PLAYER II MOD J BASS RW DUSK","","","","","",9,"ตัว",,"",0.00
"","","","F014-7520-399","FD PLAYER II MOD J BASS RW HARVEST GRN METTALIC","","","","","",3,"ตัว",,"",0.00
"","","","F014-7522-300","FD PLAYER II MOD J BASS MN 3TS","","","","","",5,"ตัว",,"",0.00
"","","","F014-7522-323","FD PLAYER II MOD J BASS MN OLYMPIC PEARL","","","","","",2,"ตัว",,"",0.00
"","","","F014-7522-335","FD PLAYER II MOD J BASS MN ELLECTRIC BLUE","","","","","",3,"ตัว",,"",0.00
"","","","F014-7542-310","FD PLAYER II MOD J BASS V MN DUSK","","","","","",3,"ตัว",,"",0.00
"","","","F014-7702-306","FENDER GEDDY LEE JAZZ BASS MN BLACK","","","","","",1,"ตัว",18204.05,"",18204.05
"","","","F014-8020-304","FD LTD TOM DELONGE STRAT RW DAPHNE BLUE","","","","","",2,"ตัว",,"",0.00
"","","","F014-8020-306","FD LTD TOM DELONGE STRAT RW BLACK","","","","","",1,"ตัว",,"",0.00
"","คลังสินค้า เบ๊เงียบเส็ง                                  ","หน้า   :       11"
"","สินค้าคงเหลือ แยกตามคลังสินค้า    ","ณ วันที่  29 มิ.ย. 2569"
"","รหัสสินค้าจาก","001-01005-000     ","ถึง","VRS10304514  ","วันที่ : 28/06/2569"
"","คลัง","","รหัสสินค้า","ชื่อสินค้า","","","","","","  จำนวน","","ราคาต่อหน่วย","","มูลค่าคงเหลือ","ยอดค้างรับ","ยอดค้างส่ง"
"","","","F014-8020-357","FD LTD TOM DELONGE STRAT RW SURF GREEN","","","","","",2,"ตัว",,"",0.00
"","","","F014-8020-363","FD LTD TOM DELONGE STRAT RW GRAFFITI YELLOW","","","","","",2,"ตัว",,"",0.00
"","","","F014-9012-303","FENDER VINT II 50S STRAT MN 2TS","","","","","",1,"ตัว",,"",0.00
"","","","F014-9042-303","FENDER VINT II 50 NOCASTER MN 2TS","","","","","",2,"ตัว",,"",0.00
"","","","F014-9062-300","FENDER VINT II 60S TELE THINLINE MN 3TS","","","","","",1,"ตัว",,"",0.00
"","","","F014-9090-369","FD LTD VINT II RDWN 60 P BASS RW CHAROAL FROST MET","","","","","",1,"ตัว",,"",0.00
"","","","F014-9142-300","FD VINT III LATE 50S STRAT MN 3TS","","","","","",4,"ตัว",,"",0.00
"","","","F014-9142-354","FD VINT III LATE 50S STRAT MN DAKOTA RED","","","","","",4,"ตัว",,"",0.00
"","","","F014-9142-378","FD VINT III LATE 50S STRAT MN AZTEC GOLD","","","","","",2,"ตัว",,"",0.00
"","","","F014-9160-306","FD VINT III EARLY 60S STRAT RW BLACK","","","","","",4,"ตัว",,"",0.00
"","","","F014-9160-349","FD VINT III EARLY 60S STRAT RW SEAFORM GREEN","","","","","",2,"ตัว",,"",0.00
"","","","F014-9160-372","FD VINT III EARLY 60S RW SONIC BLUE","","","","","",4,"ตัว",,"",0.00
"","","","F014-9170-300","FD VINT III LATE 60S STRAT RW 3TS","","","","","",4,"ตัว",,"",0.00
"","","","F014-9170-308","FD VINT III LATE 60S STRAT RW OCEAN TURQUOISE","","","","","",2,"ตัว",,"",0.00
"","","","F014-9172-305","FD VINT III LATE 60S STRAT MN OLYMPIC WHITE","","","","","",4,"ตัว",,"",0.00
"","","","F014-9182-301","FD LTD VINT III LATE 50S STRAT MN WHITE BLONDE","","","","","",2,"ตัว",,"",0.00
"","","","F014-9192-350","FD VINT III LATE 50S TELE MN BUTTERSCOTCH","","","","","",4,"ตัว",,"",0.00
"","","","F014-9192-354","FD VINT III LATE 50S TELE MN DAKOTA RED","","","","","",2,"ตัว",,"",0.00
"","","","F014-9230-302","FENDER VINT II 60S J BASS RW LAKE PLACID BLUE","","","","","",3,"ตัว",,"",0.00
"","","","F014-9230-306","FENDER VINT II 60S J BASS RW BLACK","","","","","",3,"ตัว",,"",0.00
"","","","F014-9230-340","FENDER VINT II 60S J BASS RW FIESTA RED","","","","","",1,"ตัว",,"",0.00
"","","","F014-9252-341","FENDER VINT II 70S TELE BASS MN VINT WHITE","","","","","",1,"ตัว",,"",0.00
"","","","F014-9270-307","FD VINT III MID 60S TELE RW VINT BLONDE","","","","","",3,"ตัว",,"",0.00
"","","","F014-9270-353","FD VINT III MID 60S TELE RW FIRE MIST GOLD","","","","","",3,"ตัว",,"",0.00
"","","","F014-9272-300","FD VINT III MID 60S TELE MN 3TS","","","","","",3,"ตัว",,"",0.00
"","","","F014-9280-300","FD LTD VINT III EARLY 60S CSTM TELE RW 3TS","","","","","",2,"ตัว",,"",0.00
"","","","F014-9290-305","FD VINT III MID 60S JAZZMASTER RW OLYMPIC WHITE","","","","","",1,"ตัว",,"",0.00
"","","","F014-9290-309","FD VINT III MID 60S JAZZMASTER RW CAR","","","","","",2,"ตัว",,"",0.00
"","","","F014-9290-372","FD VINT III MID 60S JAZZMASTER RW SONIC BLUE","","","","","",1,"ตัว",,"",0.00
"","","","F014-9310-300","FD MARK HOPPUS JAG BASS RW 3TSB","","","","","",2,"ตัว",,"",0.00
"","","","F014-9310-349","FD MARK HOPPUS JAG BASS RW SEAFORM GREEN","","","","","",4,"ตัว",,"",0.00
"","","","F014-9340-300","FD VINT III MID 60S JAGUAR RW 3TS","","","","","",1,"ตัว",,"",0.00
"","","","F014-9340-356","FD VINT III MID 60S JAGUAR RW SHELL PINK","","","","","",1,"ตัว",,"",0.00
"","","","F014-9350-305","FD VINT III MID 60S MUSTANG RW OLYMPIC WHITE","","","","","",2,"ตัว",,"",0.00
"","","","F014-9350-354","FD VINT III MID 60S MUSTANG RW DAKOTA RED","","","","","",2,"ตัว",,"",0.00
"","คลังสินค้า เบ๊เงียบเส็ง                                  ","หน้า   :       12"
"","สินค้าคงเหลือ แยกตามคลังสินค้า    ","ณ วันที่  29 มิ.ย. 2569"
"","รหัสสินค้าจาก","001-01005-000     ","ถึง","VRS10304514  ","วันที่ : 28/06/2569"
"","คลัง","","รหัสสินค้า","ชื่อสินค้า","","","","","","  จำนวน","","ราคาต่อหน่วย","","มูลค่าคงเหลือ","ยอดค้างรับ","ยอดค้างส่ง"
"","","","F014-9350-372","FD VINT III MID 60S MUSTANG RW SONIC BLUE","","","","","",1,"ตัว",,"",0.00
"","","","F014-9360-305","FD VINT III EARLY 60S J BASS OWT","","","","","",4,"ตัว",,"",0.00
"","","","F014-9360-372","FD VINT III EARLY 60S J BASS RW SONIC BLUE","","","","","",3,"ตัว",,"",0.00
"","","","F014-9360-378","FD VINT III EARLY 60S J BASS RW AZTEC GOLD","","","","","",4,"ตัว",,"",0.00
"","","","F014-9370-306","FD VINT III EARLY 70S J BASS RW BLACK","","","","","",6,"ตัว",,"",0.00
"","","","F014-9370-309","FD VINT III EARLY 70S J BASS RW CAR","","","","","",6,"ตัว",,"",0.00
"","","","F014-9372-300","FD VINT III EARLY 70S J BASS MN 3TS","","","","","",6,"ตัว",,"",0.00
"","","","F014-9380-353","FD VINT III LATE 60S P BASS RW FIRE MIST GOLD","","","","","",1,"ตัว",,"",0.00
"","","","F014-9382-300","FD VINT III LATE 60S P BASS MN 3TS","","","","","",1,"ตัว",,"",0.00
"","","","F014-9382-302","FD VINT III LATE 60S P BASS MN LPB","","","","","",2,"ตัว",,"",0.00
"","","","F014-9390-309","FD VINT III EARLY 60S J BASS VI RW CAR","","","","","",1,"ตัว",,"",0.00
"","","","F014-9400-386","FD MONONEON JAZZ BASS V NEON YELLOW","","","","","",2,"ตัว",,"",0.00
"","","","F014-9633-304","FENDER VINTERA 60'S JAZZ BASS PF DPB","","","","","",1,"ตัว",,"",0.00
"","","","F014-9643-324","FD VINTERA 70'S J-BASS PF NAT INCA SILVER","","","","","",1,"ตัว",,"",0.00
"","","","F017-0270-868","FENDER 70TH ANNIV. BROADCASTER MN BGB","","","","","",15,"ตัว",,"",0.00
"","","","F017-0271-830","FD SUONA THINLINE STRAT EB VIOLINBURST","","","","","",2,"ตัว",,"",0.00
"","","","F017-0291-830","FENDER SUONA THINLINE J BASS EB VIOLINBURST","","","","","",3,"ตัว",,"",0.00
"","","","F017-0532-801","FD 70TH ANNIV. ESQUIRE MN WHITE BLONDE","","","","","",2,"ตัว",,"",0.00
"","","","F017-0532-803","FD 70TH ANNIV. ESQUIRE MN 3TS","","","","","",1,"ตัว",,"",0.00
"","","","F017-1022-701","FD FSR AM PRO II TELE MN TL WHITE BLONDE","","","","","",1,"ตัว",,"",0.00
"","","","F017-1022-703","FD 75TH ANN. AM PRO CUSTOM TELE MN 2TS","","","","","",1,"ตัว",,"",0.00
"","","","F017-1022-760","FD FSR AM PRO II TELE MN TL TRANS SHELL PINK","","","","","",2,"ตัว",,"",0.00
"","","","F017-1030-742","FD FSR AM PERF STRAT TIMBER RW HONEY BURST","","","","","",3,"ตัว",,"",0.00
"","","","F017-1032-703","FD FSR AM PERF STRAT TIMBER MN 2TSB","","","","","",2,"ตัว",,"",0.00
"","","","F017-1042-742","FD FSR AM PERF TELE TIMBER MN HONEY BURST","","","","","",1,"ตัว",,"",0.00
"","","","F017-3900-756","FD DE AM PRO II STRAT RW SHELL PINK","","","","","",4,"ตัว",,"",0.00
"","","","F017-3900-766","FD DE AM PRO II STRAT RW BURGUNDYMIST METTALIC MHC","","","","","",2,"ตัว",,"",0.00
"","","","F017-3901-734","FD DE AM PRO II STRAT HSS HT ROASTED MN AGED NAT","","","","","",1,"ตัว",,"",0.00
"","","","F017-3902-768","FD DE AM PRO II STRAT V MN BGB","","","","","",1,"ตัว",,"",0.00
"","","","F017-3941-734","FD DE AM PRO II TELE HH ROASTED MN AGED NATURAL","","","","","",3,"ตัว",,"",0.00
"","","","F017-3941-770","FD DE AM PRO II TELE HH ROASTED MN SMOKE","","","","","",2,"ตัว",,"",0.00
"","","","F017-6812-706","FD JACK WHITE TRIPLECASTER BLACK","","","","","",9,"ตัว",,"",0.00
"","","","F017-7000-864","FENDER 70TH ANNIV. AM PRO II STRAT RW COM","","","","","",25,"ตัว",,"",0.00
"","","","F017-7002-803","FD 70TH ANV AM VINT II 54 STRAT MN 2TS","","","","","",6,"ตัว",,"",0.00
"","","","F017-7032-309","FD 75TH ANN. AM PRO CLSC CAB TELE MN CAR","","","","","",1,"ตัว",,"",0.00
"","คลังสินค้า เบ๊เงียบเส็ง                                  ","หน้า   :       13"
"","สินค้าคงเหลือ แยกตามคลังสินค้า    ","ณ วันที่  29 มิ.ย. 2569"
"","รหัสสินค้าจาก","001-01005-000     ","ถึง","VRS10304514  ","วันที่ : 28/06/2569"
"","คลัง","","รหัสสินค้า","ชื่อสินค้า","","","","","","  จำนวน","","ราคาต่อหน่วย","","มูลค่าคงเหลือ","ยอดค้างรับ","ยอดค้างส่ง"
"","","","F017-7042-850","FD 75TH ANN. AM VINT II 1951 P BASS MN NEPTUNE BLU","","","","","",2,"ตัว",,"",0.00
"","","","F017-7050-803","FD 75TH ANN. AM PRO PJ BASS MN 2TS","","","","","",11,"ตัว",,"",0.00
"","","","F017-8222-857","FD DE AM ULTRA LUXE 60S STRAT MN SURF GREEN","","","","","",1,"ตัว",,"",0.00
"","","","F019-0085-802","FD T. FRANKLIN P BASS FRETLESS LAKE PLACID BLUE","","","","","",1,"ตัว",,"",0.00
"","","","F019-0090-846","FENDER ADAM CLAYTON JAZZ BASS RW SHM","","","","","",1,"ตัว",42770.81,"",42770.81
"","","","F019-0160-805","FD AM VINT II 60 P BASS RW OWT","","","","","",2,"ตัว",,"",0.00
"","","","F019-0170-800","FD AM VINT II 66 J BASS RW 3COLOUR SB","","","","","",1,"ตัว",,"",0.00
"","","","F019-0170-805","FD AMERICAN VINT II 66 J BASS RW OWT","","","","","",1,"ตัว",,"",0.00
"","","","F019-0170-849","FENDER AM VINT II 66 J BASS RW SEAFORM GREEN","","","","","",3,"ตัว",,"",0.00
"","","","F019-3932-700","FD AM PRO II P BASS MN 3TSB","","","","","",1,"ตัว",,"",0.00
"","","","F019-3932-706","FD AM PRO II P BASS MN BLACK","","","","","",1,"ตัว",,"",0.00
"","","","F019-3932-719","FENDER AM PRO II P BASS MN MIAMI BLUE","","","","","",1,"ตัว",,"",0.00
"","","","F019-8620-345","FD AM PERF MUSTANG BASS RW AUBERGINE","","","","","",2,"ตัว",,"",0.00
"","","","F019-8630-300","FD AM PRO CLSC P BASS RW 3TS","","","","","",2,"ตัว",,"",0.00
"","","","F019-8630-374","FD AM PRO CLSC P BASS RW FADED SHERWOOD GRN METTAL","","","","","",2,"ตัว",,"",0.00
"","","","F019-8632-379","FD AM PRO CLSC P BASS MN FADED LAKE PLACID BLUE","","","","","",2,"ตัว",,"",0.00
"","","","F019-8640-300","FD AM PRO CLSC J BASS RW 3TS","","","","","",3,"ตัว",,"",0.00
"","","","F019-8640-384","FD AM PRO CLSC J BASS RW FADED FIREMIST GOLD","","","","","",2,"ตัว",,"",0.00
"","","","F019-8642-375","FD AM PRO CLSC J BASS RW FADED DAKOTA RED","","","","","",1,"ตัว",,"",0.00
"","","","F019-8650-374","FD AM PRO CLSC MUSTANG BASS RW FADED SHERWOOD GRN","","","","","",2,"ตัว",,"",0.00
"","","","F019-8652-375","FD AM PRO CLSC MUSTANG BASS MN FADED DAKOTA RED","","","","","",1,"ตัว",,"",0.00
"","","","F019-9101-776","FD AM ULTRA II P BASS EB NOBLE BLUE","","","","","",2,"ตัว",,"",0.00
"","","","F019-9101-790","FD AM ULTRA II P BASS EB TEXAS TEA","","","","","",2,"ตัว",,"",0.00
"","","","F019-9102-712","FD AM ULTRA II P BASS MN ULTRABURST","","","","","",1,"ตัว",,"",0.00
"","","","F019-9111-712","FD AM ULTRA II J BASS EB ULTRABURST","","","","","",1,"ตัว",,"",0.00
"","","","F019-9111-776","FD AM ULTRA II J BASS EB NOBLE BLUE","","","","","",3,"ตัว",,"",0.00
"","","","F019-9111-790","FD AM ULTRA II J BASS EB TEXAS TEA","","","","","",2,"ตัว",,"",0.00
"","","","F019-9122-799","FD AM ULTRA II J BASS V MN SINISTER RED","","","","","",1,"ตัว",,"",0.00
"","","","F019-9131-712","FD AM ULTRA II METORA BASS EB ULTRABURST","","","","","",1,"ตัว",,"",0.00
"","","","F019-9131-790","FD AM ULTRA II METORA BASS EB TEXAS TEA","","","","","",3,"ตัว",,"",0.00
"","","","F019-9132-733","FD AM ULTRA II METORA BASS MN SOLAR FLARE","","","","","",4,"ตัว",,"",0.00
"","","","F021-7360-000","FENDER AMP.65 TWIN REVERB AMP","","","","","",3,"ตู้",,"",0.00
"","","","F021-7460-000","FENDER AMP.65 DELUXE REVERB AMP","","","","","",2,"ตู้",,"",0.00
"","","","F022-0140-000","EVH PREMIUM CABLE 14FT","","","","","",6,"เส้น",536.03,"",3216.18
"","","","F022-0660-007","EVH PREMIUM QUALITY GUITAR STRAP","","","","","",8,"เส้น",1045.77,"",8366.18
"","คลังสินค้า เบ๊เงียบเส็ง                                  ","หน้า   :       14"
"","สินค้าคงเหลือ แยกตามคลังสินค้า    ","ณ วันที่  29 มิ.ย. 2569"
"","รหัสสินค้าจาก","001-01005-000     ","ถึง","VRS10304514  ","วันที่ : 28/06/2569"
"","คลัง","","รหัสสินค้า","ชื่อสินค้า","","","","","","  จำนวน","","ราคาต่อหน่วย","","มูลค่าคงเหลือ","ยอดค้างรับ","ยอดค้างส่ง"
"","","","F022-0667-007","EVH PREMIUM QUALITY NYLON GUITAR STRAP","","","","","",13,"เส้น",597.95,"",7773.36
"","","","F022-0928-000","EVH STRAP CLASPS W/ EYE HOOKS","","","","","",29,"ชุด",,"",0.00
"","","","F022-2137-001","EVH WOLFGANG NECK PICKUP","","","","","",4,"ชุด",,"",0.00
"","","","F022-2137-002","EVH WOLFGANG BRIDGE PICKUP","","","","","",3,"ชุด",,"",0.00
"","","","F022-3533-506","EVH T STRIPES SLEEVE BLACK SIZE M","","","","","",2,"ตัว",,"",0.00
"","","","F022-3533-606","EVH T STRIPES SLEEVE BLACK SIZE L","","","","","",1,"ตัว",,"",0.00
"","","","F022-3534-100","EVH AMP MINI 5150 III MICRO STACK EL34","","","","","",21,"ตู้",683.64,"",14356.44
"","","","F022-3540-605","EVH RBW STRIPES HAT","","","","","",4,"ใบ",,"",0.00
"","","","F022-3847-006","EVH FRANKIE REFLECTOR KIT","","","","","",14,"ชุด",,"",0.00
"","","","F022-4800-400","EVH AMP MINI 5150 III MICRO STACK IVORY","","","","","",5,"ตู้",831.50,"",4157.50
"","","","F022-7298-025","EVH 25" BARSTOOL RBW OVAL LOGO","","","","","",6,"ตัว",,"",0.00
"","","","F023-4535-000","FENDER MIRROR IMAGE DELAY PEDAL","","","","","",2,"ตัว",,"",0.00
"","","","F023-4537-000","FENDER FULL MOON DISTORTION","","","","","",2,"ตัว",,"",0.00
"","","","F023-4540-000","FENDER BUBBLER CHORUS","","","","","",1,"ตัว",,"",0.00
"","","","F023-4543-000","FD THE PINWHEEL ROTARY SPEAKER EMULATOR","","","","","",1,"ตัว",,"",0.00
"","","","F023-4547-000","FD MTG LA TUBE DISTORTION","","","","","",3,"ตัว",,"",0.00
"","","","F023-4557-005","FD HELLO KITTY FUZZ BLACK","","","","","",8,"ตัว",,"",0.00
"","","","F023-4557-100","FENDER GODZILLA DISTORTION","","","","","",23,"ตัว",,"",0.00
"","","","F023-4563-000","FD DUAL MARINE LAYER REVERB","","","","","",2,"ตัว",,"",0.00
"","","","F023-4572-000","FD HAMMERTONE DELAY","","","","","",2,"ตัว",,"",0.00
"","","","F023-4575-000","FD HAMMERTONE METAL","","","","","",4,"ตัว",,"",0.00
"","","","F023-4577-000","FD HAMMERTONE SPACE DELAY","","","","","",2,"ตัว",,"",0.00
"","","","F023-4810-000","FENDER AMP.MINI DELUXE","","","","","",4,"ตู้",,"",0.00
"","","","F023-9999-190","FD DISPLAY HEADPHONE JAPAN STORE","","","","","",11,"ชุด",,"",0.00
"","","","F025-2002-326","FD AERODYNE SPCL STRAT MN CALIFORNIA BLUE","","","","","",1,"ตัว",,"",0.00
"","","","F025-2102-371","FD AERODYNE SPCL STRAT HSS MN HOTRODBURST","","","","","",1,"ตัว",,"",0.00
"","","","F025-2102-376","FD AERODYNE SPCL STRAT HSS MN SPEED GRN","","","","","",1,"ตัว",,"",0.00
"","","","F026-2360-544","FD DELONGE STARCASTER RW SHORELINE GOLD","","","","","",2,"ตัว",,"",0.00
"","","","F026-2370-556","FD DELONGE STARCASTER RW SHELL PINK","","","","","",1,"ตัว",,"",0.00
"","","","F026-4261-000","FENDER TREMOLO ARM W/KNOB 62 JAGUAR","","","","","",2,"อัน",,"",0.00
"","","","F026-6020-560","FD STD TELE MN WPG AQUA MARINE METTALIC","","","","","",19,"ตัว",,"",0.00
"","","","F026-6021-550","FD STD TELE MN BPG BUTTERSCOTCH","","","","","",55,"ตัว",,"",0.00
"","","","F026-6040-500","FD STD TELE LRL WPG 3TS","","","","","",30,"ตัว",,"",0.00
"","","","F026-6040-505","FD STD TELE LRL WPG OLYMPIC WHITE","","","","","",31,"ตัว",,"",0.00
"","","","F026-6220-505","FD STD STRAT MN WPG OLYMPIC WHITE","","","","","",29,"ตัว",,"",0.00
"","คลังสินค้า เบ๊เงียบเส็ง                                  ","หน้า   :       15"
"","สินค้าคงเหลือ แยกตามคลังสินค้า    ","ณ วันที่  29 มิ.ย. 2569"
"","รหัสสินค้าจาก","001-01005-000     ","ถึง","VRS10304514  ","วันที่ : 28/06/2569"
"","คลัง","","รหัสสินค้า","ชื่อสินค้า","","","","","","  จำนวน","","ราคาต่อหน่วย","","มูลค่าคงเหลือ","ยอดค้างรับ","ยอดค้างส่ง"
"","","","F026-6220-571","FD STD STRAT MN WPG CANDY COLA","","","","","",30,"ตัว",,"",0.00
"","","","F026-6240-500","FD STD STRAT LRL WPG 3TS","","","","","",37,"ตัว",,"",0.00
"","","","F026-6240-560","FD STD STRAT LRL WPG AQUA MARINE METTALIC","","","","","",25,"ตัว",,"",0.00
"","","","F026-6420-560","FD STD STRAT HSS MN WPG AQUA MARINE METTALIC","","","","","",39,"ตัว",,"",0.00
"","","","F026-6440-571","FD STD STRAT HSS LRL WPG CANDY COLA","","","","","",43,"ตัว",,"",0.00
"","","","F026-6441-506","FD STD STRAT HSS LRL BPG BLACK","","","","","",65,"ตัว",,"",0.00
"","","","F026-6620-571","FD STD P BASS MN WPG CANDY COLA","","","","","",20,"ตัว",,"",0.00
"","","","F026-6621-505","FD STD P BASS MN BPG OLYMPIC WHITE","","","","","",23,"ตัว",,"",0.00
"","","","F026-6640-506","FD STD P BASS LRL WPG BLACK","","","","","",22,"ตัว",,"",0.00
"","","","F026-6641-500","FD STD P BASS LRL BPG 3TS","","","","","",23,"ตัว",,"",0.00
"","","","F026-6820-560","FD STD J BASS MN WPG AQUA MARINE METTALIC","","","","","",23,"ตัว",,"",0.00
"","","","F026-6821-506","FD STD J BASS MN BPG BLACK","","","","","",23,"ตัว",,"",0.00
"","","","F026-6840-500","FD STD J BASS LRL WPG 3TS","","","","","",24,"ตัว",,"",0.00
"","","","F026-6840-505","FD STD J BASS LRL WPG OLYMPIC WHITE","","","","","",28,"ตัว",,"",0.00
"","","","F031-0902-506","SQ AFFINITY BRONCO BASS MN BLACK","","","","","",2,"ตัว",,"",0.00
"","","","F032-0327-510","SQ CONT STRAT 2H RVS RW FLAT BLACK","","","","","",1,"ตัว",7749.33,"",7749.33
"","","","F037-0121-506","SQ MINI STRAT V2 BLACK","","","","","",6,"ตัว",,"",0.00
"","","","F037-0121-554","SQ MINI STRAT LRL DAKOTA RED","","","","","",10,"ตัว",,"",0.00
"","","","F037-0121-556","SQ MINI STRAT LRL SHELL PINK","","","","","",4,"ตัว",,"",0.00
"","","","F037-0121-557","SQ MINI STRAT LRL WPG SURF GREEN","","","","","",4,"ตัว",,"",0.00
"","","","F037-0121-596","SQ MINI STRAT LRL WPG COMPERTITION ORANG","","","","","",1,"ตัว",,"",0.00
"","","","F037-0125-504","SQ MINI JAZZMASTER HH MN DAPHNE BLUE","","","","","",2,"ตัว",,"",0.00
"","","","F037-0125-505","SQ MINI JAZZMASTER HH MN OLYMPIC WHITE","","","","","",2,"ตัว",,"",0.00
"","","","F037-0125-557","SQ MINI JAZZMASTER HH MN SURF GREEN","","","","","",7,"ตัว",,"",0.00
"","","","F037-0470-510","SQ CONT ACT STARCASTER MN FLT BLACK","","","","","",8,"ตัว",,"",0.00
"","","","F037-0470-549","SQ CONT ACT STARCASTER MN SURF PEARL","","","","","",6,"ตัว",,"",0.00
"","","","F037-0470-583","SQ CONT ACT STARCASTER MN IBM","","","","","",6,"ตัว",,"",0.00
"","","","F037-0471-544","SQ CONT.ACT STRATCASTER RMN SHORELINE GOLD","","","","","",1,"ตัว",,"",0.00
"","","","F037-0471-568","SQ CONT.ACT STRATCASTER RMN GUNMETAL METTALIC","","","","","",1,"ตัว",,"",0.00
"","","","F037-0481-523","SQ CONT ACT P BASS PH LRL BPG PEARL WHITE","","","","","",1,"ตัว",,"",0.00
"","","","F037-0481-570","SQ CONT ACT P BASS PH LRL BPG SUNSET METTALIC","","","","","",6,"ตัว",,"",0.00
"","","","F037-0590-500","SQ AFFINTY STARCASTER MN 3TS","","","","","",1,"ตัว",,"",0.00
"","","","F037-0590-506","SQ AFFINITY STARCASTER MN BLACK","","","","","",5,"ตัว",,"",0.00
"","","","F037-0590-509","SQ AFFINITY STARCASTER MN CAR","","","","","",7,"ตัว",,"",0.00
"","","","F037-3150-517","SQ SONIC STRAT LRL ULTRA VIOLET","","","","","",13,"ตัว",,"",0.00
"","คลังสินค้า เบ๊เงียบเส็ง                                  ","หน้า   :       16"
"","สินค้าคงเหลือ แยกตามคลังสินค้า    ","ณ วันที่  29 มิ.ย. 2569"
"","รหัสสินค้าจาก","001-01005-000     ","ถึง","VRS10304514  ","วันที่ : 28/06/2569"
"","คลัง","","รหัสสินค้า","ชื่อสินค้า","","","","","","  จำนวน","","ราคาต่อหน่วย","","มูลค่าคงเหลือ","ยอดค้างรับ","ยอดค้างส่ง"
"","","","F037-3150-540","SQ FSR SONIC STRAT LRL WPG FIESTA RED","","","","","",2,"ตัว",,"",0.00
"","","","F037-3150-549","SQ FSR SONIC STRAT LRL WPG SEA FOAM GREEN","","","","","",11,"ตัว",,"",0.00
"","","","F037-3151-526","SQ SONIC STRAT LRL BPG CALIFORNIA BLUE","","","","","",33,"ตัว",,"",0.00
"","","","F037-3152-557","SQ FSR SONIC STRAT MN WPG SURF GREEN","","","","","",2,"ตัว",,"",0.00
"","","","F037-3202-511","SQ SONIC STRAT HSS MN WPG TAHITIAN CORAL","","","","","",37,"ตัว",,"",0.00
"","","","F037-3450-526","SQ SONIC TELE LRL WPG CALIFORNIA BLUE","","","","","",9,"ตัว",,"",0.00
"","","","F037-3451-558","SQ SONIC TELE LRL BPG TORINO RED","","","","","",30,"ตัว",,"",0.00
"","","","F037-3452-506","SQ SONIC TELE MN WPG BLACK","","","","","",2,"ตัว",,"",0.00
"","","","F037-3551-517","SQ SONIC ESQUIRE H LRL BPG ULTRA VIOLET","","","","","",6,"ตัว",,"",0.00
"","","","F037-3553-580","SQ SONIC ESQUIRE H MN BPG ARTIC WHITE","","","","","",9,"ตัว",,"",0.00
"","","","F037-3650-535","SQ FSR SONIC MUSTANG LRL WPG LIME GREEN","","","","","",13,"ตัว",,"",0.00
"","","","F037-3651-574","SQ FSR SONIC MUSTANG LRL BPG GRAFITTI YELLOW","","","","","",17,"ตัว",,"",0.00
"","","","F037-3652-503","SQ SONIC MUSTANG MN WPG 2TS","","","","","",16,"ตัว",,"",0.00
"","","","F037-3652-556","SQUIER SONIC MUSTANG MN WPG SHELL PINK","","","","","",1,"ตัว",,"",0.00
"","","","F037-3652-558","SQ SONIC MUSTANG MN WPG TORINO RED","","","","","",5,"ตัว",,"",0.00
"","","","F037-3701-526","SQ SONIC MUSTANG HH LRL BPG CALIFORNIA BLUE","","","","","",19,"ตัว",,"",0.00
"","","","F037-3702-555","SQ SONIC MUSTANG HH MN WPG FLASH PINK","","","","","",26,"ตัว",,"",0.00
"","","","F037-3703-506","SQ FSR SONIC MUSTANG HH MN BPG BLACK","","","","","",4,"ตัว",,"",0.00
"","","","F037-3802-511","SQ SONIC BRONCO BASS MN WPG TAHITIAN CORAL","","","","","",18,"ตัว",,"",0.00
"","","","F037-3802-535","SQ FSR SONIC BRONCO BASS MN WPG LIME GREEN","","","","","",16,"ตัว",,"",0.00
"","","","F037-3802-556","SQ FSR SONIC BRONCO BASS MN WPG SHELL PINK","","","","","",3,"ตัว",,"",0.00
"","","","F037-3802-580","SQ SONIC BRONCO BASS MN WPG ARTIC WHITE","","","","","",4,"ตัว",,"",0.00
"","","","F037-3901-535","SQ FSR SONIC P BASS LRL BPG LIME GREEN","","","","","",13,"ตัว",,"",0.00
"","","","F037-3902-503","SQ SONIC P BASS MN WPG 2TS","","","","","",1,"ตัว",,"",0.00
"","","","F037-3902-526","SQ SONIC P BASS MN WPG CALIFORNIA BLUE","","","","","",17,"ตัว",,"",0.00
"","","","F037-4020-521","SQ CLASSIC VIBE 70'S STRAT LRL NATURAL","","","","","",6,"ตัว",,"",0.00
"","","","F037-4050-500","SQ CLASSIC VIBE 70'S TELE CUSTOM MN 3TS","","","","","",4,"ตัว",,"",0.00
"","","","F037-4050-506","SQ CLASSIC VIBE 70'S TELE CUSTOM MN BLACK","","","","","",3,"ตัว",,"",0.00
"","","","F037-4067-521","SQ CLASSIC VIBE 60'S TELE THINLINE MN NAT","","","","","",1,"ตัว",7237.38,"",7237.38
"","","","F037-4500-503","SQ CLASSIC VIBE 50'S P BASS MN 2TS","","","","","",2,"ตัว",,"",0.00
"","","","F037-4510-500","SQ CLASSIC VIBE 60'S P-BASS LRL 3TS","","","","","",5,"ตัว",,"",0.00
"","","","F037-4520-506","SQ CLASSIC VIBE 70'S P BASS MN BLACK","","","","","",3,"ตัว",,"",0.00
"","","","F037-4530-500","SQ CLASSIC VIBE 60'S JAZZ BASS LRL 3TS","","","","","",5,"ตัว",,"",0.00
"","","","F037-4530-504","SQ CLASSIC VIBE 60'S JAZZ BASS LRL DPB","","","","","",6,"ตัว",,"",0.00
"","","","F037-4531-500","SQ CLAS. VIBE 60'S J BASS FRETLESS LRL 3TS","","","","","",1,"ตัว",,"",0.00
"","คลังสินค้า เบ๊เงียบเส็ง                                  ","หน้า   :       17"
"","สินค้าคงเหลือ แยกตามคลังสินค้า    ","ณ วันที่  29 มิ.ย. 2569"
"","รหัสสินค้าจาก","001-01005-000     ","ถึง","VRS10304514  ","วันที่ : 28/06/2569"
"","คลัง","","รหัสสินค้า","ชื่อสินค้า","","","","","","  จำนวน","","ราคาต่อหน่วย","","มูลค่าคงเหลือ","ยอดค้างรับ","ยอดค้างส่ง"
"","","","F037-4540-500","SQ CLASSIC VIBE 70'S JAZZ BASS MN 3TS","","","","","",1,"ตัว",,"",0.00
"","","","F037-4542-529","SQ CV ACT 70S J BASS MN BPG MOCHA","","","","","",1,"ตัว",,"",0.00
"","","","F037-4543-508","SQ CV ACT 70S J BASS MN PPG MN OCEAN TURQUOISE","","","","","",1,"ตัว",,"",0.00
"","","","F037-4550-506","SQ CLASSIC VIBE 70'S JAZZ BASS V MN BLACK","","","","","",2,"ตัว",,"",0.00
"","","","F037-4550-521","SQ CLASSIC VIBE 70'S J BASS V MN NATURAL","","","","","",3,"ตัว",,"",0.00
"","","","F037-7007-506","SQ FSR PARANORMAL OFFSET TELE SH LRL BLACK","","","","","",1,"ตัว",,"",0.00
"","","","F037-7007-929","SQ FSR PARANORMAL OFFSET TELE SH LRL MOCHA","","","","","",2,"ตัว",,"",0.00
"","","","F037-7025-578","SQ LTD PARANOMAL TROUBLEMAKER TELE LRL PPG AZTEC G","","","","","",1,"ตัว",,"",0.00
"","","","F037-7100-500","SQ PARANORMAL J BASS 54 MN 3TS","","","","","",2,"ตัว",,"",0.00
"","","","F037-8000-500","SQ AFFINITY STRAT LRL WHITE PG 3TS","","","","","",16,"ตัว",,"",0.00
"","","","F037-8000-505","SQ FSR AFF STRAT LRL WHT PG OLYMPIC WHITE","","","","","",22,"ตัว",,"",0.00
"","","","F037-8002-505","SQ AFFINITY STRAT MN WHITE PG OLYMPIC WHITE","","","","","",24,"ตัว",,"",0.00
"","","","F037-8002-506","SQ AFFINITY STRAT MN WHITE PG BLACK","","","","","",44,"ตัว",,"",0.00
"","","","F037-8003-502","SQ AFFINITY STRAT BLK PG MN LAKE PLACID BLUE","","","","","",21,"ตัว",,"",0.00
"","","","F037-8004-557","SQ FSR AFF STRAT LRL WHT PEARLOID PG SURF GREEN","","","","","",1,"ตัว",,"",0.00
"","","","F037-8005-506","SQ FSR AFF STRAT LRL BLK PEARLOID PG BLACK","","","","","",18,"ตัว",,"",0.00
"","","","F037-8006-542","SQ FSR AFF STRAT LRL MPG HONEYBURST","","","","","",15,"ตัว",,"",0.00
"","","","F037-8007-506","SQ FSR AFF STRAT LRL TSPG BLACK","","","","","",23,"ตัว",,"",0.00
"","","","F037-8051-505","SQ AFFINITY STRAT HH BLK PG LRL OLYMPIC WHT","","","","","",6,"ตัว",,"",0.00
"","","","F037-8051-566","SQ AFFINITY STRAT HH BLK PG LRL BURGUNDY MIST","","","","","",18,"ตัว",,"",0.00
"","","","F037-8108-505","SQ FSR AFF STRAT HSS LRL OLYMPIC WHITE","","","","","",8,"ตัว",,"",0.00
"","","","F037-8152-547","SQ AFFINITY STRAT FMT HSS MN WPG SIENA SUNBURST","","","","","",2,"ตัว",,"",0.00
"","","","F037-8180-500","SQ AFFINITY STRAT JUNIOR HSS LRL WPG 3TS","","","","","",22,"ตัว",,"",0.00
"","","","F037-8180-509","SQ FSR AFF STRAT JR HSS LRL WPG CANDY APPLE RED","","","","","",10,"ตัว",,"",0.00
"","","","F037-8180-583","SQ AFFINITY STRAT JUNIOR HSS LRL WPG IMPERIAL BLUE","","","","","",17,"ตัว",,"",0.00
"","","","F037-8182-523","SQ FSR AFF STRAT JR HSS MN BPG PEARL WHT","","","","","",6,"ตัว",,"",0.00
"","","","F037-8183-565","SQ FSR AFF STRAT JR HSS MN BPG METTALIC BLK","","","","","",12,"ตัว",,"",0.00
"","","","F037-8200-502","SQ AFFINITY TELE WHT PG LRL LAKE PLACID BLUE","","","","","",23,"ตัว",,"",0.00
"","","","F037-8200-505","SQ AFFINITY TELE WHT PG LRL OLYMPIC WHITE","","","","","",11,"ตัว",,"",0.00
"","","","F037-8203-500","SQ AFFINITY TELE BLK PG MN 3TS","","","","","",24,"ตัว",,"",0.00
"","","","F037-8203-550","SQ AFFINITY TELE BLK PG MN BUTTERSCOTCH","","","","","",3,"ตัว",,"",0.00
"","","","F037-8250-566","SQ AFFINITY TELE DLX LRL BURGUNDY MIST","","","","","",5,"ตัว",,"",0.00
"","","","F037-8271-505","SQ AFFINITY TELE THIN LRL BPG OLYMPIC WHITE","","","","","",6,"ตัว",,"",0.00
"","","","F037-8272-500","SQ AFFINITY TELE THIN LRL WPG 3TS","","","","","",7,"ตัว",,"",0.00
"","","","F037-8280-538","SQ AFFINITY TELE FMT SH LRL WPG CRIMSON RED TRANSP","","","","","",7,"ตัว",,"",0.00
"","คลังสินค้า เบ๊เงียบเส็ง                                  ","หน้า   :       18"
"","สินค้าคงเหลือ แยกตามคลังสินค้า    ","ณ วันที่  29 มิ.ย. 2569"
"","รหัสสินค้าจาก","001-01005-000     ","ถึง","VRS10304514  ","วันที่ : 28/06/2569"
"","คลัง","","รหัสสินค้า","ชื่อสินค้า","","","","","","  จำนวน","","ราคาต่อหน่วย","","มูลค่าคงเหลือ","ยอดค้างรับ","ยอดค้างส่ง"
"","","","F037-8283-529","SQ AFFINITY TELE FMT SH MN BPG MOCHA","","","","","",13,"ตัว",,"",0.00
"","","","F037-8402-594","SQ AFFINITY JAGUAR MN WPG MYSTIC METTALIC BROWN","","","","","",3,"ตัว",,"",0.00
"","","","F037-8450-505","SQ AFFINITY STARCASTER DLX LRL OWT","","","","","",6,"ตัว",,"",0.00
"","","","F037-8452-547","SQ AFFINITY STARCASTER DLX MN SIENA SUNBURST","","","","","",5,"ตัว",,"",0.00
"","","","F037-8501-569","SQ AFFINITY JAG BASS H LRL BPG CHARCOAL FROST META","","","","","",3,"ตัว",,"",0.00
"","","","F037-8503-506","SQ AFFINITY JAG BASS H MN BPG BLACK","","","","","",15,"ตัว",,"",0.00
"","","","F037-8551-502","SQ AFFINITY PJ BASS BLK PG LRL PLACID BLUE","","","","","",13,"ตัว",,"",0.00
"","","","F037-8553-505","SQ AFFINITY PJ BASS BLK PG MN OLYMPIC WHITE","","","","","",4,"ตัว",,"",0.00
"","","","F037-8553-506","SQ AFFINITY PJ BASS BLK PG MN BLACK","","","","","",8,"ตัว",,"",0.00
"","","","F037-8602-500","SQ AFFINITY J BASS WHT PG MN 3TS","","","","","",6,"ตัว",,"",0.00
"","","","F037-8603-506","SQ AFFINITY J BASS BLK PG MN BLACK","","","","","",4,"ตัว",,"",0.00
"","","","F037-8671-565","SQ AFFINITY J BASS VI LRL BPG BLACK METTALIC","","","","","",23,"ตัว",,"",0.00
"","","","F037-8700-569","SQ FSR AFF ACT J BASS LRL WPC CHARCOAL FORST METTA","","","","","",5,"ตัว",,"",0.00
"","","","F037-8700-585","SQ AFFINITY ACT J BASS LRL WPG MYSTIC SEAFORM GRN","","","","","",13,"ตัว",,"",0.00
"","","","F037-8703-505","SQ AFFINITY ACT J BASS MN BPG OLYMPIC WHITE","","","","","",19,"ตัว",,"",0.00
"","","","F037-9102-980","SQ LTD HELLO KITTY STRAT MN WHITE W/GIGBAG","","","","","",42,"ตัว",,"",0.00
"","","","F037-9410-502","SQ 40TH ANNIV STRAT LRL GOLD ED. LAKE PLACID BLUE","","","","","",6,"ตัว",,"",0.00
"","","","F037-9410-547","SQ 40TH ANNIV STRAT LRL GOLD ED. SIENA SUNBURST","","","","","",10,"ตัว",,"",0.00
"","","","F037-9430-502","SQ 40TH ANNIV P BASS LRL GOLD ED. LAKE PLACID BLUE","","","","","",4,"ตัว",,"",0.00
"","","","F037-9430-506","SQ 40TH ANNIV P BASS LRL GOLD ED. BLACK","","","","","",7,"ตัว",,"",0.00
"","","","F037-9501-554","SQ 40TH ANNIV VINT. TELE MN SATIN DAKOTA RED","","","","","",3,"ตัว",,"",0.00
"","","","F037-9510-549","SQ 40TH ANNIV VINT. STRAT MN SATIN SEAFORM GREEN","","","","","",4,"ตัว",,"",0.00
"","","","F037-9510-572","SQ 40TH ANNIV VINT. STRAT MN SATIN SONIC BLUE","","","","","",3,"ตัว",,"",0.00
"","","","F037-9520-549","SQ 40TH ANNIV VINT ED JAZZMASTER SEAFORM GREEN","","","","","",2,"ตัว",,"",0.00
"","","","F037-9600-503","SQUIER DEBUT STRAT LRL WPG 2TS","","","","","",51,"ตัว",,"",0.00
"","","","F037-9600-506","SQUIER DEBUT STRAT LRL WPG BLACK","","","","","",28,"ตัว",,"",0.00
"","","","F037-9600-549","SQUIER DEBUT STRAT LRL WPG SEAFORM GREEN","","","","","",27,"ตัว",,"",0.00
"","","","F037-9600-554","SQUIER DEBUT STRAT LRL WPG DAKOTA RED","","","","","",60,"ตัว",,"",0.00
"","","","F037-9610-549","SQUIER DEBUT STRAT HSS LRL WPG SEAFORM GREEN","","","","","",3,"ตัว",,"",0.00
"","","","F037-9670-503","SQUIER DEBUT TELE LRL WPG 2TS","","","","","",41,"ตัว",,"",0.00
"","","","F037-9670-506","SQUIER DEBUT TELE LRL WPG BLACK","","","","","",9,"ตัว",,"",0.00
"","","","F037-9670-549","SQUIER DEBUT TELE LRL WPG SEAFORM GREEN","","","","","",19,"ตัว",,"",0.00
"","","","F037-9700-506","SQUIER DEBUT P BASS WPG BLACK","","","","","",16,"ตัว",,"",0.00
"","","","F037-9700-549","SQUIER DEBUT P BASS LRL WPG SEAFORM GREEN","","","","","",9,"ตัว",,"",0.00
"","","","F037-9700-554","SQUIER DEBUT P BASS WPG DAKOTA RED","","","","","",37,"ตัว",,"",0.00
"","คลังสินค้า เบ๊เงียบเส็ง                                  ","หน้า   :       19"
"","สินค้าคงเหลือ แยกตามคลังสินค้า    ","ณ วันที่  29 มิ.ย. 2569"
"","รหัสสินค้าจาก","001-01005-000     ","ถึง","VRS10304514  ","วันที่ : 28/06/2569"
"","คลัง","","รหัสสินค้า","ชื่อสินค้า","","","","","","  จำนวน","","ราคาต่อหน่วย","","มูลค่าคงเหลือ","ยอดค้างรับ","ยอดค้างส่ง"
"","","","F073-0070-402","FENDER STRING # 70XL 010/048","","","","","",585,"ชุด",,"",0.00
"","","","F073-0070-405","FENDER STRING # 70CL BRONZE 011/052","","","","","",225,"ชุด",,"",0.00
"","","","F073-0090-402","FD SOPRANO UKULELE STRINGS","","","","","",18,"ชุด",,"",0.00
"","","","F073-0090-404","FD TENOR UKULELE STRINGS","","","","","",18,"ชุด",,"",0.00
"","","","F073-0100-400","FENDER STRING # 100 NYLON CLASSIC 028/043","","","","","",84,"ชุด",,"",0.00
"","","","F073-0150-403","FENDER STRING # 150L 009/042","","","","","",9,"ชุด",,"",0.00
"","","","F073-0150-406","FENDER STRING # 150R 010/046","","","","","",36,"ชุด",,"",0.00
"","","","F073-0250-309","FENDER 250L NPS BALL END 009/042 (3 PACK)","","","","","",132,"แพ็ค",193.30,"",25515.00
"","","","F073-0250-402","FENDER STRING # 250XS 008/038","","","","","",12,"ชุด",,"",0.00
"","","","F073-0250-403","FENDER STRING # 250L 009/042","","","","","",225,"ชุด",,"",0.00
"","","","F073-0250-406","FENDER STRING # 250R 010/046","","","","","",468,"ชุด",,"",0.00
"","","","F073-0250-413","FENDER STRING 250B6 NPS BASS VI 024/084","","","","","",24,"ชุด",,"",0.00
"","","","F073-5250-402","FENDER STRING BASS 5250XL 40/95","","","","","",36,"ชุด",,"",0.00
"","","","F073-7060-400","FD PHOSPHOR BRONZE ACOUSTIC BASS 7060 45-100","","","","","",18,"ชุด",,"",0.00
"","","","F073-7250-403","FENDER STRING BASS 7250L 040/100","","","","","",18,"ชุด",,"",0.00
"","","","F073-7250-405","FENDER STRING BASS 7250ML 045/100","","","","","",66,"ชุด",,"",0.00
"","","","F073-7250-406","FENDER STRING BASS 7250M 45/105","","","","","",84,"ชุด",,"",0.00
"","","","F073-7250-456","FENDER STRING BASS 7250-5M 45/125 5 สาย","","","","","",78,"ชุด",,"",0.00
"","","","F073-8060-400","FD PHOS. BRONZE ACOUSTIC BASS 8060 45-100 LONG SCA","","","","","",18,"ชุด",,"",0.00
"","","","F073-8250-406","FENDER STRING BASS 8250M 45/110TW","","","","","",36,"ชุด",,"",0.00
"","","","F073-8250-456","FENDER STRING BASS 8250-5M 45/130TW","","","","","",36,"ชุด",,"",0.00
"","","","F097-0110-006","FENDER ACOUSTIC CD-60S DREAD WN BLACK","","","","","",4,"ตัว",,"",0.00
"","","","F097-0110-021","FENDER ACOUSTIC CD-60S DREAD WN NATURAL","","","","","",27,"ตัว",,"",0.00
"","","","F097-0113-006","FENDER ACOUSTIC CD-60SCE DREAD BLACK","","","","","",20,"ตัว",,"",0.00
"","","","F097-0113-021","FENDER ACOUSTIC CD-60SCE DREAD NATURAL","","","","","",46,"ตัว",,"",0.00
"","","","F097-0160-521","FD CN-60S NYLON NATURAL","","","","","",11,"ตัว",,"",0.00
"","","","F097-0193-021","FD CD-60SCE DREAD 12 STRINGS NATURAL","","","","","",20,"ตัว",,"",0.00
"","","","F097-0213-321","FENDER CD-140SCE DREAD NATURAL W/CASE","","","","","",4,"ตัว",,"",0.00
"","","","F097-0213-332","FENDER CD-140SCE DREAD SUNBURST W/CASE","","","","","",4,"ตัว",,"",0.00
"","","","F097-0264-321","FENDER CN-140SCE CLASSIC NYLON NATURAL","","","","","",2,"ตัว",,"",0.00
"","","","F097-0310-337","FD PD-220E DREAD ACB","","","","","",1,"ตัว",,"",0.00
"","","","F097-0320-303","FD PS-220E PARLOR 3COLOUR VINT. SUNBURST","","","","","",2,"ตัว",,"",0.00
"","","","F097-0320-337","FD PS-220E PARLOR ACB","","","","","",1,"ตัว",,"",0.00
"","","","F097-0792-134","FD VILLAGER 12 STRING NATURAL W/GIGBAG","","","","","",1,"ตัว",,"",0.00
"","","","F097-1210-706","FENDER FA-125 DREAD BLACK W/BAG","","","","","",28,"ตัว",,"",0.00
"","คลังสินค้า เบ๊เงียบเส็ง                                  ","หน้า   :       20"
"","สินค้าคงเหลือ แยกตามคลังสินค้า    ","ณ วันที่  29 มิ.ย. 2569"
"","รหัสสินค้าจาก","001-01005-000     ","ถึง","VRS10304514  ","วันที่ : 28/06/2569"
"","คลัง","","รหัสสินค้า","ชื่อสินค้า","","","","","","  จำนวน","","ราคาต่อหน่วย","","มูลค่าคงเหลือ","ยอดค้างรับ","ยอดค้างส่ง"
"","","","F097-1210-732","FENDER FA-125 DREAD SUNBURST W/BAG","","","","","",22,"ตัว",,"",0.00
"","","","F097-1722-106","FD JOE STRUMMER CAMP FIRE WN MATTE BLACK","","","","","",6,"ตัว",,"",0.00
"","","","F097-1910-006","FD FA-25 DREAD WN BLACK","","","","","",18,"ตัว",,"",0.00
"","","","F097-1910-021","FD FA-25 DREAD WN NATURAL","","","","","",69,"ตัว",,"",0.00
"","","","F097-1910-032","FD FA-25 DREAD WN SUNBURST","","","","","",62,"ตัว",,"",0.00
"","","","F097-1913-032","FD FA-25CE DREAD WN SUNBURST","","","","","",1,"ตัว",,"",0.00
"","","","F097-2013-211","FD DE AM ACOUSTASONIC TELE PINK PAISLEY","","","","","",2,"ตัว",,"",0.00
"","","","F097-2013-256","FD DE AM ACOUSTASONIC TELE SHELL PINK","","","","","",2,"ตัว",,"",0.00
"","","","F097-2023-254","FD AM ACOUSTASONIC STRAT EB DAKOTA RED W/ BAG","","","","","",1,"ตัว",,"",0.00
"","","","F097-2023-256","FD DE AM ACOUSTASONIC STRAT SHELL PINK","","","","","",1,"ตัว",,"",0.00
"","","","F097-2213-168","FD FSR ACOUS PLYR TELE RW WB BURGUNDY BURST","","","","","",1,"ตัว",,"",0.00
"","","","F097-2213-250","FD ACOUSTASONIC PLAYER TELE RW BUTTERSCOTCH","","","","","",1,"ตัว",,"",0.00
"","","","F097-2233-156","FD ACOUSTASONIC PLAYER JAZZMASTER SHELL PINK","","","","","",2,"ตัว",,"",0.00
"","","","F097-2313-151","FD DE ACSTS TELE EB BLUE FLOWER","","","","","",1,"ตัว",,"",0.00
"","","","F097-3113-506","FD ACOUSTASONIC STD TELE BLACK","","","","","",23,"ตัว",,"",0.00
"","","","F097-3113-534","FD ACOUSTASONIC STD TELE NATURAL","","","","","",25,"ตัว",,"",0.00
"","","","F097-3113-542","FD ACOUSTASONIC STD TELE HONEYBURST","","","","","",25,"ตัว",,"",0.00
"","","","F097-3133-506","FD ACOUSTASONIC STD JAZZMASTER BLACK","","","","","",10,"ตัว",,"",0.00
"","","","F097-3133-534","FD ACOUSTASONIC STD JAZZMASTER AGED NATURAL","","","","","",12,"ตัว",,"",0.00
"","","","F097-3133-542","FD ACOUSTASONIC STD JAZZMASTER HONEYBURST","","","","","",15,"ตัว",,"",0.00
"","","","F097-4000-503","FENDER CA DEBUT REDONDO 2TS","","","","","",148,"ตัว",,"",0.00
"","","","F097-4000-506","FENDER CA DEBUT REDONDO BLACK","","","","","",133,"ตัว",,"",0.00
"","","","F097-4000-521","FENDER CA DEBUT REDONDO NATURAL","","","","","",366,"ตัว",,"",0.00
"","","","F097-4010-503","FENDER CA DEBUT REDONDO CE 2TS","","","","","",182,"ตัว",,"",0.00
"","","","F097-4010-506","FENDER CA DEBUT REDONDO CE BLACK","","","","","",126,"ตัว",,"",0.00
"","","","F097-4010-521","FENDER CA DEBUT REDONDO CE NATURAL","","","","","",191,"ตัว",,"",0.00
"","","","F097-4200-500","FENDER CA STD REDONDO BPG 3TS","","","","","",8,"ตัว",,"",0.00
"","","","F097-4200-521","FENDER CA STD REDONDO BPG NATURAL","","","","","",25,"ตัว",,"",0.00
"","","","F097-4201-506","FENDER CA STD REDONDO IPG BLACK","","","","","",7,"ตัว",,"",0.00
"","","","F097-4220-500","FENDER CA STD REDONDO CE BPG 3TS","","","","","",3,"ตัว",,"",0.00
"","","","F097-4220-521","FENDER CA STD REDONDO CE BPG NATURAL","","","","","",15,"ตัว",,"",0.00
"","","","F098-0351-029","FD ORIGINAL CAMOUFLAGE TOWER","","","","","",78,"ผืน",,"",0.00
"","","","F099-0212-010","FENDER BARSTOOL 30 IN JACKSON BLOODLINE","","","","","",1,"ตัว",,"",0.00
"","","","F099-0402-000","FD ACOUSTIC BRIDGE PIN SET IVORY W/BLK DOT","","","","","",10,"ชุด",,"",0.00
"","","","F099-0402-006","FD ACOUSTIC BRIDGE PIN SETBLK W/WHT DOT","","","","","",10,"ชุด",,"",0.00
"","คลังสินค้า เบ๊เงียบเส็ง                                  ","หน้า   :       21"
"","สินค้าคงเหลือ แยกตามคลังสินค้า    ","ณ วันที่  29 มิ.ย. 2569"
"","รหัสสินค้าจาก","001-01005-000     ","ถึง","VRS10304514  ","วันที่ : 28/06/2569"
"","คลัง","","รหัสสินค้า","ชื่อสินค้า","","","","","","  จำนวน","","ราคาต่อหน่วย","","มูลค่าคงเหลือ","ยอดค้างรับ","ยอดค้างส่ง"
"","","","F099-0413-001","FD LAUREL ELECTRIC CAPO","","","","","",47,"อัน",,"",0.00
"","","","F099-0413-002","FD LAUREL ACOUSTIC CAPO","","","","","",47,"อัน",,"",0.00
"","","","F099-0501-006","FD AM PRO GUITAR POLISH 4 OZ SPRAY","","","","","",170,"ขวด",,"",0.00
"","","","F099-0501-007","FD MAGIC FRETBOARD OIL","","","","","",37,"ขวด",,"",0.00
"","","","F099-0519-000","FENDER CUSTOM SHOP GUITAR TOOL KIT","","","","","",10,"ชุด",,"",0.00
"","","","F099-0521-100","FENDER SPEED SLICK STRING CLEANER","","","","","",115,"อัน",,"",0.00
"","","","F099-0527-000","FENDER THE ARCH WORKSTATION GUITAR","","","","","",2,"ชุด",,"",0.00
"","","","F099-0529-000","FD AMPERSTND GUITAR CRADLE","","","","","",36,"อัน",,"",0.00
"","","","F099-0534-000","FENDER CS FINGERBOARD REMEDY 2 FL OZ","","","","","",40,"ขวด",,"",0.00
"","","","F099-0544-000","FD PRO HI-FI EAR PLUGS","","","","","",10,"ตัว",,"",0.00
"","","","F099-0571-002","FD CONTOUR 15" CABLE LAKE PLACID BLUE","","","","","",64,"เส้น",,"",0.00
"","","","F099-0571-024","FD CONTOUR 15" CABLE INCA SILVER","","","","","",45,"เส้น",,"",0.00
"","","","F099-0571-046","FD CONTOUR 15" CABLE SHERWOOD GREEN","","","","","",70,"เส้น",,"",0.00
"","","","F099-0571-066","FD CONTOUR 15" CABLE BURGUNDY MIST","","","","","",63,"เส้น",,"",0.00
"","","","F099-0607-006","FENDER BALL GLOVE LEATHER STRAP BLACK","","","","","",11,"เส้น",,"",0.00
"","","","F099-0607-050","FENDER BALL GLOVE LEATHER STRAP BROWN","","","","","",4,"เส้น",,"",0.00
"","","","F099-0621-006","FENDER STRAP 2" ARTISAN LEATHER BLACK","","","","","",6,"เส้น",,"",0.00
"","","","F099-0621-050","FENDER STRAP 2" ARTISAN LEATHER BROWN","","","","","",5,"เส้น",,"",0.00
"","","","F099-0622-006","FENDER STRAP 2.5" ARTISAN LEATHER BLACK","","","","","",5,"เส้น",,"",0.00
"","","","F099-0622-050","FENDER STRAP 2.5" ARTISAN LEATHER BROWN","","","","","",4,"เส้น",,"",0.00
"","","","F099-0623-001","FD GEORGE HARRISON ROCKY LEATHER STRAP","","","","","",23,"เส้น",,"",0.00
"","","","F099-0623-070","FD MONONEON WOVEN STRAP NEON PINK","","","","","",33,"เส้น",,"",0.00
"","","","F099-0624-001","FENDER STRAP EJ THE WALTER BLUE","","","","","",5,"เส้น",,"",0.00
"","","","F099-0637-203","FD AM VINTAGE II SUN&MOON 3TS STRAP","","","","","",8,"เส้น",,"",0.00
"","","","F099-0637-210","FD 2"OMBRE STRAP BLEAIR BLUE","","","","","",8,"เส้น",,"",0.00
"","","","F099-0637-211","FD 2"OMBRE STRAP TEQUILA SUNRISE","","","","","",10,"เส้น",,"",0.00
"","","","F099-0637-212","FD RETRO RAINBOW STRAP","","","","","",8,"เส้น",,"",0.00
"","","","F099-0637-213","FD RETRO BOLT STRAP","","","","","",8,"เส้น",,"",0.00
"","","","F099-0637-215","FD RETRO SOUND WAVE STRAP","","","","","",8,"เส้น",,"",0.00
"","","","F099-0637-224","FD 2"OMBRE STRAP SILVER SMOKE","","","","","",10,"เส้น",,"",0.00
"","","","F099-0641-006","FENDER 2.5" BROKEN-IN LEATHER STRAP BLACK","","","","","",4,"เส้น",,"",0.00
"","","","F099-0641-021","FENDER 2.5" BROKEN-IN LEATHER STRAP TAN","","","","","",6,"เส้น",,"",0.00
"","","","F099-0641-050","FD 2.5" BROKEN-IN LEATHER STRAP BROWN","","","","","",6,"เส้น",,"",0.00
"","","","F099-0641-062","FENDER 2.5" BROKEN-IN LEATHER STRAP GREEN","","","","","",6,"เส้น",,"",0.00
"","","","F099-0642-006","FENDER SUPERSOFT STRAP 2" BLACK","","","","","",10,"เส้น",,"",0.00
"","คลังสินค้า เบ๊เงียบเส็ง                                  ","หน้า   :       22"
"","สินค้าคงเหลือ แยกตามคลังสินค้า    ","ณ วันที่  29 มิ.ย. 2569"
"","รหัสสินค้าจาก","001-01005-000     ","ถึง","VRS10304514  ","วันที่ : 28/06/2569"
"","คลัง","","รหัสสินค้า","ชื่อสินค้า","","","","","","  จำนวน","","ราคาต่อหน่วย","","มูลค่าคงเหลือ","ยอดค้างรับ","ยอดค้างส่ง"
"","","","F099-0642-043","FENDER 2" STRAP SUPERSOFT STRAP GREY","","","","","",10,"เส้น",,"",0.00
"","","","F099-0642-073","FENDER 2" STRAP SUPERSOFT STRAP BLUE","","","","","",10,"เส้น",,"",0.00
"","","","F099-0642-074","FENDER WEIGHTLESS RUNNING LOGO BKL/WHT","","","","","",10,"เส้น",,"",0.00
"","","","F099-0642-076","FD WEIGHLESS RUNNING LOGO STRAP BLK/BLK","","","","","",10,"เส้น",,"",0.00
"","","","F099-0654-020","FD GUITAR/BASS MULTI-TOOL","","","","","",18,"อัน",,"",0.00
"","","","F099-0662-015","FENDER STRAP BLACK POLY 2" RED FENDER","","","","","",20,"เส้น",,"",0.00
"","","","F099-0662-043","FENDER 2" BLK POLY STRAP GREY LOGO","","","","","",20,"เส้น",,"",0.00
"","","","F099-0662-070","FENDER STRAP BLACK POLY 2" YELLOW FENDER","","","","","",20,"เส้น",,"",0.00
"","","","F099-0662-080","FENDER STRAP BLACK POLY 2" WHITE FENDER","","","","","",20,"เส้น",,"",0.00
"","","","F099-0664-006","FENDER STRAP SUPER DLX VINTAGE BLACK","","","","","",9,"เส้น",,"",0.00
"","","","F099-0664-021","FENDER STRAP SUPER DLX VINTAGE NATURAL","","","","","",11,"เส้น",,"",0.00
"","","","F099-0667-006","FD STRAP COTTON W/ FENDER LOGO BLACK","","","","","",15,"เส้น",,"",0.00
"","","","F099-0671-000","FENDER GUITAR STRAP WOVEN / RUNNING LOGO","","","","","",10,"เส้น",,"",0.00
"","","","F099-0681-000","FENDER GUITAR STRAP BLK/YLW/BROWN MONO","","","","","",57,"เส้น",,"",0.00
"","","","F099-0681-006","FENDER MONOGRAM LEATHER STRAP BLACK","","","","","",10,"เส้น",,"",0.00
"","","","F099-0681-304","FD NEON MONOGRAM STRAP YELLOW/PINK","","","","","",19,"เส้น",,"",0.00
"","","","F099-0681-500","FENDER GUITAR STRAP BLK/YLW/RED MONO","","","","","",38,"เส้น",,"",0.00
"","","","F099-0681-502","FENDER GUITAR STRAP BLK/LT GREY/BLUE MONO","","","","","",20,"เส้น",,"",0.00
"","","","F099-0681-543","FENDER GUITAR STRAP BLK/LT GREY /DK GREY","","","","","",60,"เส้น",,"",0.00
"","","","F099-0682-000","FENDER GUITAR STRAP RED/WHITE/BLUE MONO","","","","","",20,"เส้น",,"",0.00
"","","","F099-0683-000","FENDER STRAP WHITE/BROWN/YELLOW MONO","","","","","",40,"เส้น",,"",0.00
"","","","F099-0687-000","FENDER STRAP 2" VINTAGE TWEED","","","","","",40,"เส้น",,"",0.00
"","","","F099-0690-000","FENDER LOCK STRAP & BUTTONS","","","","","",80,"ชุด",,"",0.00
"","","","F099-0690-006","FENDER LOCK STRAP & BUTTONS BLACK","","","","","",10,"ชุด",,"",0.00
"","","","F099-0694-206","FD 2.5" AWELL NEOPRENE STRAP","","","","","",10,"เส้น",,"",0.00
"","","","F099-0700-100","FENDER HARMONICA HOLDER","","","","","",8,"อัน",,"",0.00
"","","","F099-0701-001","FENDER BLUES DELUXE HARMONICA KEY C","","","","","",38,"ตัว",,"",0.00
"","","","F099-0701-002","FENDER BLUES DELUXE HARMONICA KEY G","","","","","",30,"ตัว",,"",0.00
"","","","F099-0701-003","FENDER BLUES DELUXE HARMONICA KEY A","","","","","",30,"ตัว",,"",0.00
"","","","F099-0701-004","FENDER BLUES DELUXE HARMONICA KEY D","","","","","",20,"ตัว",,"",0.00
"","","","F099-0701-005","FENDER BLUES DELUXE HARMONICA KEY F","","","","","",4,"ตัว",,"",0.00
"","","","F099-0701-007","FENDER BLUES DELUXE HARMONICA KEY Bb","","","","","",4,"ตัว",,"",0.00
"","","","F099-0701-049","FD BLUES DELUXE HARMONICA SET 7 W/CASE","","","","","",6,"ชุด",,"",0.00
"","","","F099-0701-201","FD BLUE JR DIATONIC 8-HOLE HARMONICA KEY C","","","","","",10,"ตัว",,"",0.00
"","","","F099-0701-202","FD BLUE JR DIATONIC 8-HOLE HARMONICA KEY G","","","","","",10,"ตัว",,"",0.00
"","คลังสินค้า เบ๊เงียบเส็ง                                  ","หน้า   :       23"
"","สินค้าคงเหลือ แยกตามคลังสินค้า    ","ณ วันที่  29 มิ.ย. 2569"
"","รหัสสินค้าจาก","001-01005-000     ","ถึง","VRS10304514  ","วันที่ : 28/06/2569"
"","คลัง","","รหัสสินค้า","ชื่อสินค้า","","","","","","  จำนวน","","ราคาต่อหน่วย","","มูลค่าคงเหลือ","ยอดค้างรับ","ยอดค้างส่ง"
"","","","F099-0701-203","FD BLUE JR DIATONIC 8-HOLE HARMONICA KEY A","","","","","",10,"ตัว",,"",0.00
"","","","F099-0702-001","FENDER BLUES DEVILLE HARMONICA KEY C","","","","","",18,"ตัว",,"",0.00
"","","","F099-0702-002","FENDER BLUES DEVILLE HARMONICA KEY G","","","","","",20,"ตัว",,"",0.00
"","","","F099-0702-003","FENDER BLUES DEVILLE HARMONICA KEY A","","","","","",10,"ตัว",,"",0.00
"","","","F099-0702-004","FENDER BLUES DEVILLE HARMONICA KEY D","","","","","",10,"ตัว",,"",0.00
"","","","F099-0702-005","FENDER BLUES DEVILLE HARMONICA KEY F","","","","","",4,"ตัว",,"",0.00
"","","","F099-0702-006","FENDER BLUES DEVILLE HARMONICA KEY E","","","","","",4,"ตัว",,"",0.00
"","","","F099-0702-007","FENDER BLUES DEVILLE HARMONICA KEY Bb","","","","","",2,"ตัว",,"",0.00
"","","","F099-0702-021","FD BLUE DEVILLE 3 PACK W/CASE","","","","","",4,"ชุด",,"",0.00
"","","","F099-0708-005","FENDER HOT ROD DELUXE HARMONICA KEY F","","","","","",1,"ตัว",357.91,"",357.91
"","","","F099-0708-006","FENDER HOT ROD DELUXE HARMONICA KEY E","","","","","",11,"ตัว",354.42,"",3898.61
"","","","F099-0806-100","FENDER VINTAGE TELE BRIDGE 3 SADDLE CHROME","","","","","",2,"ชุด",,"",0.00
"","","","F099-0806-200","FENDER VINTAGE TELE BRIDGE 3 SADDLE GOLD","","","","","",1,"ชุด",,"",0.00
"","","","F099-0810-000","FENDER TELE BRIDGE 6 SECTION ASSMBLY","","","","","",1,"ชุด",,"",0.00
"","","","F099-0810-200","FD OMBRE INST CABLE 10' S/S TEQUIA SUNRISE","","","","","",56,"เส้น",,"",0.00
"","","","F099-0810-210","FD OMBRE INST CABLE 10" S/S BELAIR BLUE","","","","","",57,"เส้น",,"",0.00
"","","","F099-0810-248","FD OMBRE INST CABLE 10' S/S SILVER SMOKE","","","","","",49,"เส้น",,"",0.00
"","","","F099-0812-000","FENDER LSR ROLLER NUT","","","","","",4,"ชุด",,"",0.00
"","","","F099-0818-000","FENDER MACHINE HEAD STRAT PLUS LOCK(SET)","","","","","",4,"ชุด",,"",0.00
"","","","F099-0818-100","FENDER MACHINE HEAD LOCK TUNER CHROME SET","","","","","",6,"ชุด",,"",0.00
"","","","F099-0818-102","FD MACHINE HEAD LOCK TUNER CHR SET LH","","","","","",1,"ชุด",1243.43,"",1243.43
"","","","F099-0818-123","FD LTD HELLO KITTY CABLE WHT/PINK 10FT S/S","","","","","",157,"เส้น",,"",0.00
"","","","F099-0818-200","FD LOCKING TUNERS GOLD","","","","","",2,"ชุด",,"",0.00
"","","","F099-0819-000","FD STRAP BLOCKS (2 BLK/ 2 RED)","","","","","",95,"ชุด",,"",0.00
"","","","F099-0819-006","FD STRAP BLOCKS ALL BLACK","","","","","",80,"แพ็ค",,"",0.00
"","","","F099-0819-010","FD STRAP BLOCKS (2 BLK/ 2 DAPHNE)","","","","","",95,"ชุด",,"",0.00
"","","","F099-0819-020","FD STRAP BLOCKS (2 BLK/ 2 SURF GREEN)","","","","","",95,"ชุด",,"",0.00
"","","","F099-0820-015","FD PRO SERIES MICROPHONE CABLE 25FT","","","","","",17,"เส้น",,"",0.00
"","","","F099-0820-016","FD PRO SERIES INST CABLE BLACK 25FT S/S","","","","","",6,"เส้น",,"",0.00
"","","","F099-0820-018","FD PRO SERIES MICROPHONE CABLE 15FT","","","","","",35,"เส้น",,"",0.00
"","","","F099-0820-019","FD PRO SERIES CABLE 18.6FT S/A","","","","","",25,"เส้น",,"",0.00
"","","","F099-0820-020","FD PRO SERIES INST CABLE BLACK 18.6FT S/S","","","","","",61,"เส้น",,"",0.00
"","","","F099-0820-022","FD PRO SERIES MICROPHONE CABLE 10FT","","","","","",21,"เส้น",,"",0.00
"","","","F099-0820-025","FD PRO SERIES CABLE 10FT S/A","","","","","",89,"เส้น",,"",0.00
"","","","F099-0820-044","FD PATCH CABLE 6" AG/AG","","","","","",20,"เส้น",88.11,"",1762.20
"","คลังสินค้า เบ๊เงียบเส็ง                                  ","หน้า   :       24"
"","สินค้าคงเหลือ แยกตามคลังสินค้า    ","ณ วันที่  29 มิ.ย. 2569"
"","รหัสสินค้าจาก","001-01005-000     ","ถึง","VRS10304514  ","วันที่ : 28/06/2569"
"","คลัง","","รหัสสินค้า","ชื่อสินค้า","","","","","","  จำนวน","","ราคาต่อหน่วย","","มูลค่าคงเหลือ","ยอดค้างรับ","ยอดค้างส่ง"
"","","","F099-0820-046","FD CST SHOP CABLE 6" B/T FG6ILLBS20 AG/AG","","","","","",110,"เส้น",136.01,"",14961.10
"","","","F099-0820-056","FENDER CABLE 6" BOWL","","","","","",140,"เส้น",,"",0.00
"","","","F099-0820-073","FD DLX SERIES CABLE 6'' TWEED S/S","","","","","",380,"เส้น",,"",0.00
"","","","F099-0820-075","FD DLX SERIES CABLE 25FT BLK TWEED S/S","","","","","",47,"เส้น",,"",0.00
"","","","F099-0820-079","FD DLX SERIES CABLE 18.6FT BLK TWEED S/A","","","","","",37,"เส้น",,"",0.00
"","","","F099-0820-080","FD DLX SERIES CABLE 18.6FT BLK TWEED S/S","","","","","",48,"เส้น",,"",0.00
"","","","F099-0820-081","FD DLX SERIES CABLE 18.6" TWEED S/S","","","","","",48,"เส้น",,"",0.00
"","","","F099-0820-089","FD DLX SERIES CABLE 10FT TWEED S/S","","","","","",35,"เส้น",,"",0.00
"","","","F099-0820-090","FD DLX SERIES CABLE 10FT BLK TWEED S/A","","","","","",56,"เส้น",,"",0.00
"","","","F099-0820-091","FD DLX SERIES CABLE 10FT TWEED S/A","","","","","",20,"เส้น",,"",0.00
"","","","F099-0820-092","FD DLX CABLE 10FT INSTR BLK TWEED S/S","","","","","",18,"เส้น",,"",0.00
"","","","F099-0820-100","FD AM STRAT TUNING MACHINE (6 PCS.)","","","","","",6,"ชุด",,"",0.00
"","","","F099-0822-100","FENDER MACHINE HEAD 70 "F" TUNER CHROME","","","","","",4,"ชุด",,"",0.00
"","","","F099-0825-102","FD BLOCKCHAIN PATCH CABLE KIT EXTRA SMALL (6PCS)","","","","","",12,"ชุด",,"",0.00
"","","","F099-0825-202","FD BLOCKCHAIN PATCH CABLE KIT SMALL BLK(9 PCS)","","","","","",7,"แพ็ค",,"",0.00
"","","","F099-0830-000","FENDER CONTROL 250K STRAT & TELE","","","","","",150,"ตัว",,"",0.00
"","","","F099-0831-000","FD FD ORIGINAL VNT. 250K SOLID SHAFT POT","","","","","",40,"ชุด",,"",0.00
"","","","F099-0832-000","FENDER VOLUME NO LOAD 250K SPLIT POT","","","","","",10,"ตัว",,"",0.00
"","","","F099-0834-000","FENDER CONTROL 500K SPLIT POT","","","","","",10,"ตัว",,"",0.00
"","","","F099-0835-000","FENDER CONTROL 500K SOLID POT","","","","","",40,"ตัว",,"",0.00
"","","","F099-0840-000","FENDER SECTION BRIDGE FOR AM STRAT (SET6)","","","","","",20,"ชุด",,"",0.00
"","","","F099-0843-000","FENDER VINTAGE TELE SADDLE (SET OF 3)","","","","","",4,"ชุด",,"",0.00
"","","","F099-0847-000","FENDER DUAL 500K/250K SPLIT SHAFT POT","","","","","",27,"ชุด",,"",0.00
"","","","F099-0930-000","FENDER AMP KNOB 1-10 (PKG 6)","","","","","",5,"ชุด",,"",0.00
"","","","F099-0944-000","FD AMP HANDLE-BROWN STRAP","","","","","",1,"ตัว",,"",0.00
"","","","F099-1017-500","FENDER CLASSIC SRS CASE STAND 7 TWEED","","","","","",1,"ใบ",,"",0.00
"","","","F099-1017-506","FENDER CLASSIC SRS CASE STAND 7 BLACK","","","","","",1,"ใบ",,"",0.00
"","","","F099-1023-506","FENDER CLASSIC SRS CASE STAND 3 BLACK","","","","","",1,"ใบ",,"",0.00
"","","","F099-1332-406","FENDER GIG BAG FA405 DREADNOUGHT","","","","","",77,"ใบ",403.61,"",31077.97
"","","","F099-1335-000","FENDER PICKGUARD AM J BASS W/B/W 3-PLY","","","","","",3,"อัน",,"",0.00
"","","","F099-1338-000","FENDER PICKGUARD STRAT HSS WHITE PEARL","","","","","",2,"อัน",,"",0.00
"","","","F099-1351-000","FENDER PICKGUARD AM J.BASS BLACK 3-PLY","","","","","",5,"อัน",,"",0.00
"","","","F099-1356-000","FENDER PICKGUARD AM STD TELE BLACK B/W/B","","","","","",5,"อัน",,"",0.00
"","","","F099-1359-000","FENDER PICKGUARD STRAT B/W/B 3 PLY","","","","","",6,"อัน",,"",0.00
"","","","F099-1360-000","FENDER PICKGUARD AM STRAT W/B/W 11-HOLE","","","","","",8,"อัน",,"",0.00
"","คลังสินค้า เบ๊เงียบเส็ง                                  ","หน้า   :       25"
"","สินค้าคงเหลือ แยกตามคลังสินค้า    ","ณ วันที่  29 มิ.ย. 2569"
"","รหัสสินค้าจาก","001-01005-000     ","ถึง","VRS10304514  ","วันที่ : 28/06/2569"
"","คลัง","","รหัสสินค้า","ชื่อสินค้า","","","","","","  จำนวน","","ราคาต่อหน่วย","","มูลค่าคงเหลือ","ยอดค้างรับ","ยอดค้างส่ง"
"","","","F099-1362-000","FENDER STRAT ASCESSORY KIT WHITE","","","","","",8,"ชุด",,"",0.00
"","","","F099-1363-000","FENDER STRAT ASCESSORY KIT BLACK","","","","","",4,"ชุด",,"",0.00
"","","","F099-1365-000","FENDER KNOBS STRAT BLACK (1 VOL / 2 TONE)","","","","","",30,"ชุด",,"",0.00
"","","","F099-1366-000","FENDER TELE/P.BASS KNOB CHROME","","","","","",10,"ชุด",,"",0.00
"","","","F099-1367-000","FENDER 5 WAY SWITCH STRAT","","","","","",110,"ตัว",,"",0.00
"","","","F099-1368-000","FENDER STRAT ASCESSORY KIT AGED WHITE","","","","","",15,"ชุด",,"",0.00
"","","","F099-1369-000","FENDER AGED STRAT KNOB (3 SET)","","","","","",50,"ชุด",,"",0.00
"","","","F099-1370-000","FENDER JAZZ BASS KNOBS (2 LRG / 1 SMALL)","","","","","",10,"ชุด",,"",0.00
"","","","F099-1372-000","FENDER PICKGUARD STRAT HH TORT SHELL","","","","","",1,"อัน",,"",0.00
"","","","F099-1374-000","FENDER PICKGUARD AM STRAT PARCHMENT","","","","","",6,"อัน",,"",0.00
"","","","F099-1375-000","FENDER PICKGUARD STD TELE PARCHMENT","","","","","",2,"อัน",,"",0.00
"","","","F099-1376-000","FENDER PICKGUARD AM P.BASS PARCHMENT","","","","","",2,"อัน",,"",0.00
"","","","F099-1411-206","FENDER GIG BAG FEMS-610 MINI STRAT","","","","","",6,"ใบ",,"",0.00
"","","","F099-1412-406","FENDER GIG BAG FE610 ELECTRIC GUITAR","","","","","",61,"ใบ",,"",0.00
"","","","F099-1412-506","FENDER GIG GAG FEJ610 JAGUAR JAZZMASTER STARCASTER","","","","","",3,"ใบ",,"",0.00
"","","","F099-1422-406","FENDER GIG BAG FB610 ELECTRIC BASS","","","","","",18,"ใบ",,"",0.00
"","","","F099-1432-406","FENDER GIG BAG FA610 DREADNOUGHT","","","","","",17,"ใบ",,"",0.00
"","","","F099-1441-406","FD GIGBAG FU610 CONCERT UKULELE","","","","","",5,"ใบ",,"",0.00
"","","","F099-1443-406","FENDER GIG BAG FU610 SOPRAND UKELELE","","","","","",9,"ใบ",,"",0.00
"","","","F099-1445-100","FENDER AM SERIES GUITAR NECK PLATE","","","","","",5,"ชุด",,"",0.00
"","","","F099-1445-406","FENDER STRAP MODERN TWEED BLACK/RED","","","","","",9,"เส้น",,"",0.00
"","","","F099-1446-100","FENDER AM SERIES BASS NECK PLATE","","","","","",2,"ชุด",,"",0.00
"","","","F099-1446-406","FENDER STRAP MODERN TWEED WHITE/BLACK","","","","","",10,"เส้น",,"",0.00
"","","","F099-1447-406","FENDER STRAP MODERN TWEED GREY/BLACK","","","","","",10,"เส้น",,"",0.00
"","","","F099-1448-100","FENDER NECK PLATE "F" CHROME","","","","","",8,"ชุด",,"",0.00
"","","","F099-1512-406","FENDER GIG BAG FE620 ELECTRIC GUITAR","","","","","",22,"ใบ",,"",0.00
"","","","F099-1521-206","FENDER FBSS-610 SHRT SCL BASS GIG BAG","","","","","",8,"ใบ",,"",0.00
"","","","F099-1522-255","FENDER FBT-610 ELEC BASS BAG TWEED","","","","","",8,"ใบ",,"",0.00
"","","","F099-1522-406","FENDER GIG BAG FB620 ELECTRIC BASS","","","","","",20,"ใบ",,"",0.00
"","","","F099-1622-406","FENDER GIG BAG FB1225 ELECTRIC BASS","","","","","",1,"ใบ",,"",0.00
"","","","F099-1803-000","FENDER DELUXE HANGING GUITAR STAND","","","","","",147,"ชุด",,"",0.00
"","","","F099-1803-021","FD 351 WALL HANGER MAPLE","","","","","",11,"อัน",,"",0.00
"","","","F099-1803-022","FD 351 WALL HANGER TORT SHELL MAH","","","","","",13,"อัน",,"",0.00
"","","","F099-1803-023","FD 351 WALL HANGER TORT BLACK","","","","","",10,"อัน",,"",0.00
"","","","F099-1811-000","FENDER MINI GUITAR STAND","","","","","",47,"ตัว",,"",0.00
"","คลังสินค้า เบ๊เงียบเส็ง                                  ","หน้า   :       26"
"","สินค้าคงเหลือ แยกตามคลังสินค้า    ","ณ วันที่  29 มิ.ย. 2569"
"","รหัสสินค้าจาก","001-01005-000     ","ถึง","VRS10304514  ","วันที่ : 28/06/2569"
"","คลัง","","รหัสสินค้า","ชื่อสินค้า","","","","","","  จำนวน","","ราคาต่อหน่วย","","มูลค่าคงเหลือ","ยอดค้างรับ","ยอดค้างส่ง"
"","","","F099-1940-100","FENDER STRAT JACK FERRULE CHROME","","","","","",5,"ชุด",,"",0.00
"","","","F099-1941-000","FENDER JACK FERRULE TELE NICKEL","","","","","",3,"ชุด",,"",0.00
"","","","F099-1997-000","FENDER STANDARD BASS FRET WIRE","","","","","",24,"ชุด",,"",0.00
"","","","F099-1998-000","FENDER STANDARD GUITAR FRET MEDIUM JUMBO WIRE","","","","","",20,"ชุด",,"",0.00
"","","","F099-1999-000","FD FRET WIRE ( NARROW/TALL 6105 )","","","","","",30,"ชุด",,"",0.00
"","","","F099-2008-000","FD KNOBS SOFT TOUCH 1 VOL 2 TONE,A,WHITE","","","","","",15,"ชุด",,"",0.00
"","","","F099-2014-000","FENDER VINTAGE GUITAR FRET WIRE","","","","","",20,"ชุด",,"",0.00
"","","","F099-2017-000","FENDER PICKGUARD 57 STRAT WHITE 1 PLY","","","","","",4,"อัน",,"",0.00
"","","","F099-2019-000","FENDER PICKGUARD 52 TELE BLACK 1-PLY","","","","","",3,"อัน",,"",0.00
"","","","F099-2035-000","FENDER ORIG TONE/VOL KNOBS VINT STRAT(3)","","","","","",20,"ชุด",,"",0.00
"","","","F099-2036-000","FENDER ORIG. THUMBREST P&J BASS BLACK TW","","","","","",10,"ชุด",,"",0.00
"","","","F099-2039-000","FENDER ORIG.TREMOLO ARM VINTAGE STRAT","","","","","",20,"อัน",,"",0.00
"","","","F099-2040-000","FENDER MACHINE HEAD VINTAGE STRAT (6 PCS)","","","","","",11,"ชุด",,"",0.00
"","","","F099-2041-000","FENDER 3 WAY SWITCH FOR TELE & STRAT","","","","","",90,"ตัว",,"",0.00
"","","","F099-2049-000","FENDER TREMOLO ASSY VINTAGE STRAT","","","","","",4,"ชุด",,"",0.00
"","","","F099-2050-000","FENDER AM STRAT TREMOLO SYSTEM","","","","","",2,"ชุด",,"",0.00
"","","","F099-2051-000","FENDER ORIG.VINTAGE BRIDGE (SET OF 6)","","","","","",15,"ชุด",,"",0.00
"","","","F099-2052-000","FENDER TBX TONE CONTROL","","","","","",10,"ตัว",,"",0.00
"","","","F099-2054-000","FENDER TREMOLO ARM FOR AM STRAT","","","","","",15,"อัน",,"",0.00
"","","","F099-2055-000","FENDER ORIG. VINT. JAZZ BASS CONTROL PLATE","","","","","",5,"ชุด",,"",0.00
"","","","F099-2057-100","FENDER CONTROL PLATE STD J.BASS CHROME","","","","","",2,"ชุด",,"",0.00
"","","","F099-2058-000","FENDER ORIG. VINTAGE TELE CONTROL PLATE","","","","","",2,"ชุด",,"",0.00
"","","","F099-2081-000","FD ULTRA STRING GUIDE (2)","","","","","",5,"แพ็ค",,"",0.00
"","","","F099-2082-000","FD VINT JAGUAR MUTE ASSEMBLY KIT","","","","","",1,"ชุด",,"",0.00
"","","","F099-2101-000","FENDER PICKUP CUSTOM SHOP 60 J.BASS (2)","","","","","",4,"ชุด",,"",0.00
"","","","F099-2111-000","FENDER PICKUP TEXAS SPECIAL STRAT (3)","","","","","",3,"ชุด",,"",0.00
"","","","F099-2113-000","FENDER PICKUP CUSTOM SHOP FAT 50S (3)","","","","","",5,"ชุด",,"",0.00
"","","","F099-2114-000","FENDER PICKUP CUSTOM SHOP 69 STRAT (3)","","","","","",6,"ชุด",,"",0.00
"","","","F099-2117-000","FENDER PICKUP ORIGINAL STRAT 57/62 (3)","","","","","",1,"ชุด",,"",0.00
"","","","F099-2121-000","FENDER PICKUP TEXAS SPECIAL TELE (SET 2)","","","","","",2,"ชุด",,"",0.00
"","","","F099-2123-000","FD PICKUP AM VINT JAZZ BASS SET OF 2","","","","","",1,"ชุด",,"",0.00
"","","","F099-2132-543","FD 2" SONORAN STRAP SEDONA","","","","","",1,"เส้น",,"",0.00
"","","","F099-2132-544","FD 2" SONORAN STRAP SAGUARO","","","","","",2,"เส้น",,"",0.00
"","","","F099-2132-545","FD 2" SONORAN STRAP OASIS","","","","","",3,"เส้น",,"",0.00
"","","","F099-2140-000","FENDER PICKGUARD STRAT WHITE PEARL","","","","","",4,"อัน",,"",0.00
"","คลังสินค้า เบ๊เงียบเส็ง                                  ","หน้า   :       27"
"","สินค้าคงเหลือ แยกตามคลังสินค้า    ","ณ วันที่  29 มิ.ย. 2569"
"","รหัสสินค้าจาก","001-01005-000     ","ถึง","VRS10304514  ","วันที่ : 28/06/2569"
"","คลัง","","รหัสสินค้า","ชื่อสินค้า","","","","","","  จำนวน","","ราคาต่อหน่วย","","มูลค่าคงเหลือ","ยอดค้างรับ","ยอดค้างส่ง"
"","","","F099-2140-001","FD PICKGUARD STRAT AGED WHITE MOTO 11-HOLE","","","","","",5,"อัน",,"",0.00
"","","","F099-2141-000","FENDER PICKGUARD STRAT BLACK PEARL","","","","","",1,"อัน",,"",0.00
"","","","F099-2142-000","FENDER PICKGUARD STRAT TORTOISE SHELL","","","","","",6,"อัน",,"",0.00
"","","","F099-2143-000","FENDER PICKGUARD 57 STRAT GOLD ANODIZED","","","","","",7,"อัน",,"",0.00
"","","","F099-2146-000","FENDER PICKGUARD STRAT HSS BLACK PEARL","","","","","",2,"อัน",,"",0.00
"","","","F099-2150-000","FENDER PICKGUARD TELE WHITE PEARL","","","","","",1,"อัน",,"",0.00
"","","","F099-2151-000","FENDER PICKGUARD TELE BLACK PEARL","","","","","",1,"อัน",,"",0.00
"","","","F099-2170-000","FENDER PICKGUARD J-BASS WHITE PEARL","","","","","",3,"อัน",,"",0.00
"","","","F099-2171-000","FENDER PICKGUARD J-BASS BLACK PEARL","","","","","",2,"อัน",,"",0.00
"","","","F099-2215-000","FENDER PICKUP CUSTOM TWISTED TELE SET(2)","","","","","",3,"ชุด",,"",0.00
"","","","F099-2241-000","FENDER PICKUP AM VINTAGE 63 P.BASS","","","","","",2,"ชุด",,"",0.00
"","","","F099-2249-001","FENDER PICKUP SHAWBUCKER 1 ZEBRA","","","","","",2,"ชุด",,"",0.00
"","","","F099-2250-000","FENDER CUSTOM SHOP 4-WAY TELE SWITCH","","","","","",10,"ตัว",,"",0.00
"","","","F099-2251-000","FENDER 5 WAY SUPER SWITCH","","","","","",15,"ตัว",,"",0.00
"","","","F099-2257-000","FENDER 250K PUSH/PULL POT","","","","","",40,"ตัว",,"",0.00
"","","","F099-2265-000","FENDER PICKUP CUSTOM FAT 60'S STRAT (3)","","","","","",2,"ชุด",,"",0.00
"","","","F099-2270-100","FENDER BRIDGE COVER VINT.STRAT CHROME","","","","","",5,"อัน",,"",0.00
"","","","F099-2271-100","FENDER BRIDGE COVER VINT.TELE CHROME","","","","","",5,"อัน",,"",0.00
"","","","F099-2290-000","FD ULTRA NOISELESS STRAT VINT SET","","","","","",2,"ชุด",,"",0.00
"","","","F099-2291-000","FD ULTRA NOISELESS STRAT HOT SET","","","","","",4,"ชุด",,"",0.00
"","","","F099-2297-001","FD CUNIFE WIDE RANGE BRIDGE CHROME","","","","","",2,"ชุด",,"",0.00
"","","","F099-2297-002","FD CUNIFE WIDE RANGE NECK CHOME","","","","","",1,"ตัว",,"",0.00
"","","","F099-2297-003","FD CSTM LANDAU WIDE RANGE HB NECK (3) PICKUP","","","","","",2,"ชุด",,"",0.00
"","","","F099-2297-004","FD CSTM LANDAU WIDE RANGE HB BRIDGE PICKUP","","","","","",1,"ตัว",,"",0.00
"","","","F099-2300-003","FENDER GLASS SLIDE 3 THICK MED","","","","","",32,"อัน",111.45,"",3566.53
"","","","F099-2310-100","FENDER TREM ARM MEX STD CHROME","","","","","",8,"อัน",,"",0.00
"","","","F099-4910-000","FENDER AM SRS STRING GUIDES VINTAGE","","","","","",10,"ชุด",,"",0.00
"","","","F099-4911-000","FENDER AM SRS STRING GUIDES (PAIR)","","","","","",5,"ชุด",,"",0.00
"","","","F099-4912-000","FENDER ORIGINAL TELE STRING GUIDES","","","","","",4,"ชุด",,"",0.00
"","","","F099-4914-000","FENDER AM SRS STRAP BUTTON","","","","","",5,"ชุด",,"",0.00
"","","","F099-4915-000","FENDER ORIGINAL STRAP BUTTONS","","","","","",20,"ชุด",,"",0.00
"","","","F099-4917-000","FENDER FERRULE STRING FOR TELE","","","","","",5,"ชุด",,"",0.00
"","","","F099-4923-000","FENDER SCREW PICKGUARD (24)","","","","","",35,"ชุด",,"",0.00
"","","","F099-4924-000","FENDER PICKGUARD SCREW ( GOLD 24 )","","","","","",10,"กล่อง",,"",0.00
"","","","F099-4925-000","FENDER PICKUP/SWITCH SCREW (12)","","","","","",5,"กล่อง",,"",0.00
"","คลังสินค้า เบ๊เงียบเส็ง                                  ","หน้า   :       28"
"","สินค้าคงเหลือ แยกตามคลังสินค้า    ","ณ วันที่  29 มิ.ย. 2569"
"","รหัสสินค้าจาก","001-01005-000     ","ถึง","VRS10304514  ","วันที่ : 28/06/2569"
"","คลัง","","รหัสสินค้า","ชื่อสินค้า","","","","","","  จำนวน","","ราคาต่อหน่วย","","มูลค่าคงเหลือ","ยอดค้างรับ","ยอดค้างส่ง"
"","","","F099-4927-000","FENDER SCREW HEIGHT ADJ (BRIDGE)","","","","","",10,"กล่อง",,"",0.00
"","","","F099-4928-000","FENDER ORIG. BRIDGE HEIGHT SCREW VINTAGE","","","","","",10,"กล่อง",,"",0.00
"","","","F099-4931-000","FENDER AM TREMOLO ARM SPRING (12)","","","","","",1,"ชุด",,"",0.00
"","","","F099-4936-000","FENDER ORIGINAL TELE SWITCH TIPS (2)","","","","","",15,"ชุด",,"",0.00
"","","","F099-4937-000","FENDER ORIG. TELE TOP HAT SWTICH TIP (2)","","","","","",14,"ชุด",,"",0.00
"","","","F099-4938-000","FENDER ORIG. STRAT AGED SWITCH TIPS (2)","","","","","",12,"ชุด",,"",0.00
"","","","F099-4940-000","FENDER ORIG. STRAT WHITE SWITCH TIPS (2)","","","","","",7,"ชุด",,"",0.00
"","","","F099-5000-300","FENDER GUITAR DISPLAY CASE TWEED","","","","","",3,"ใบ",,"",0.00
"","","","F099-5000-306","FENDER GUITAR DISPLAY CASE BLACK","","","","","",2,"ใบ",,"",0.00
"","","","F099-6102-306","FENDER CASE DLX MOLDED STRAT/TELE","","","","","",4,"ใบ",,"",0.00
"","","","F099-6102-324","FD CASE DLX MOLDED STRAT/TELE SILVER/BLUE","","","","","",2,"ตัว",,"",0.00
"","","","F099-6102-406","FENDER CASE DLX STRAT/TELE BLACK/ORANGE","","","","","",5,"ใบ",1042.34,"",5211.71
"","","","F099-6106-300","FD CLASSIC SRS CASE STRAT/TELE TWEED","","","","","",6,"ใบ",,"",0.00
"","","","F099-6106-302","FD CLSC SRS CASE STRAT/TELE NAVY BLUE","","","","","",4,"ใบ",,"",0.00
"","","","F099-6106-306","FD CLASSIC SRS CASE STRAT/TELE BLACK","","","","","",6,"ใบ",,"",0.00
"","","","F099-6106-314","FD WRANGLER DENIM CASE INDIGO","","","","","",6,"ใบ",,"",0.00
"","","","F099-6106-315","FD WRANGLER DENIM CASE BLACK","","","","","",3,"ใบ",,"",0.00
"","","","F099-6106-503","FENDER TWEED PEDALBOARD CASE L","","","","","",1,"ใบ",,"",0.00
"","","","F099-6112-306","FD CASE DLX MOLDERN JAZZMASTER/JAGUAR","","","","","",1,"ใบ",,"",0.00
"","","","F099-6116-306","FD CLSC SRS CASE JAZZ/JAGUAR BLACK","","","","","",2,"ใบ",,"",0.00
"","","","F099-6126-306","FENDER CLSC SRS CASE MUSTANG/DUO SONIC BLACK","","","","","",1,"ใบ",,"",0.00
"","","","F099-6162-306","FENDER CASE DLX MOLDED BASS","","","","","",1,"ใบ",,"",0.00
"","","","F099-6166-300","FENDER CLASSIC SRS CASE P/J TWEED","","","","","",3,"ใบ",,"",0.00
"","","","F099-6166-306","FENDER CLASSIC SRS CASE P/J BLACK","","","","","",1,"ใบ",,"",0.00
"","","","F099-7000-300","FD FLOYD ROSE TREM ARM ASSY BLK","","","","","",3,"อัน",,"",0.00
"","","","F151-1272-806","FENDER JH VOODOO CHILD NOS BLACK","","","","","",1,"ตัว",92882.72,"",92882.72
"","","","F198-0346-100","FENDER #346 SHELL PICK 1/2 GROSS THIN","","","","","",3,"ห่อ",,"",0.00
"","","","F198-0346-180","FENDER #346 WHITE PICK 1/2 GROSS THIN","","","","","",2,"ห่อ",,"",0.00
"","","","F198-0346-500","FENDER #346 SHELL PICK 1/2 GROSS HEAVY","","","","","",3,"ห่อ",,"",0.00
"","","","F198-0346-580","FENDER #346 WHITE PICK 1/2 GROSS HEAVY","","","","","",3,"ห่อ",,"",0.00
"","","","F198-0346-600","FENDER 346 SHELL PICK 1/2 GROSS X-HEAVY","","","","","",3,"ห่อ",,"",0.00
"","","","F198-0351-049","FD JOHN 5 351 CELLULOID PICK (6)","","","","","",25,"แพ็ค",,"",0.00
"","","","F198-0351-100","FD 351 SHELL PICK 1 GROSS THIN","","","","","",1,"กุรุส",,"",0.00
"","","","F198-0351-103","FENDER RAINBOW CELLULOID HVY (12)","","","","","",4,"แพ็ค",,"",0.00
"","","","F198-0351-106","FD 351 BLACK PICK 1 GROSS THIN","","","","","",4,"กุรุส",,"",0.00
"","คลังสินค้า เบ๊เงียบเส็ง                                  ","หน้า   :       29"
"","สินค้าคงเหลือ แยกตามคลังสินค้า    ","ณ วันที่  29 มิ.ย. 2569"
"","รหัสสินค้าจาก","001-01005-000     ","ถึง","VRS10304514  ","วันที่ : 28/06/2569"
"","คลัง","","รหัสสินค้า","ชื่อสินค้า","","","","","","  จำนวน","","ราคาต่อหน่วย","","มูลค่าคงเหลือ","ยอดค้างรับ","ยอดค้างส่ง"
"","","","F198-0351-150","FENDER #351 CONFETTI PICK 1 GROSS THIN","","","","","",4,"กุรุส",,"",0.00
"","","","F198-0351-180","FENDER #351 WHITE PICK 1 GROSS THIN","","","","","",3,"กุรุส",,"",0.00
"","","","F198-0351-200","FD 351 CLASSIC SHELL PICK X-HVY (12)","","","","","",10,"แพ็ค",,"",0.00
"","","","F198-0351-201","FENDER #351 ZEBRA THIN CELLULOID (12)","","","","","",7,"แพ็ค",,"",0.00
"","","","F198-0351-203","FENDER #351 ZEBRA HEAVY CELLULOID (12)","","","","","",7,"แพ็ค",,"",0.00
"","","","F198-0351-206","FD 351 BLK (12 PK) X-HEAVY","","","","","",4,"แพ็ค",,"",0.00
"","","","F198-0351-250","FD 351 CONFETTI (12 PK) X-HEAVY","","","","","",4,"แพ็ค",,"",0.00
"","","","F198-0351-280","FD 351 WHITE (12 PK) X-HEAVY","","","","","",-4,"แพ็ค",,"",0.00
"","","","F198-0351-300","FENDER #351 SHELL PICK 1 GROSS MEDIUM","","","","","",2,"กุรุส",,"",0.00
"","","","F198-0351-301","FENDER #351 CHECKER THIN CELLULOID (12)","","","","","",1,"แพ็ค",,"",0.00
"","","","F198-0351-303","FENDER #351 CHECKER HEAVY CELLULOID (12)","","","","","",5,"แพ็ค",,"",0.00
"","","","F198-0351-306","FD 351 BLK PICK 1 GROSS MEDIUM","","","","","",2,"กุรุส",,"",0.00
"","","","F198-0351-350","FENDER #351 CONFETTI PICK 1 GROSS MEDIUM","","","","","",2,"กุรุส",,"",0.00
"","","","F198-0351-380","FENDER #351 WHITE PICK 1 GROSS MEDIUM","","","","","",3,"กุรุส",,"",0.00
"","","","F198-0351-500","FENDER 351 SHELL PICK 1 GROSS HEAVY","","","","","",3,"กุรุส",,"",0.00
"","","","F198-0351-506","FD 351 BLK PICK 1 GROSS HEAVY","","","","","",4,"กุรุส",,"",0.00
"","","","F198-0351-550","FENDER 351 CONFETTI PICK 1 GROSS HEAVY","","","","","",3,"กุรุส",,"",0.00
"","","","F198-0351-580","FENDER #351 WHITE PICK 1 GROSS HEAVY","","","","","",4,"กุรุส",,"",0.00
"","","","F198-0355-100","FD 355 SHELL PICK 1/2 GROSS THIN","","","","","",1,"ห่อ",,"",0.00
"","","","F198-0355-300","FD 355 SHELL PICK 1/2 GROSS MEDIUM","","","","","",2,"ห่อ",,"",0.00
"","","","F198-0451-700","FD 451 SHELL PICK THIN (12)","","","","","",10,"แพ็ค",,"",0.00
"","","","F198-0451-800","FENDER PICK #451 SHELL MEDIUM (12PK)","","","","","",8,"แพ็ค",,"",0.00
"","","","F198-0451-900","FENDER PICK #451 SHELL HEAVY (12PK)","","","","","",10,"แพ็ค",,"",0.00
"","","","F198-0451-950","FD 451 SHELL (12 PK) EXTRA-HEAVY","","","","","",8,"แพ็ค",,"",0.00
"","","","F198-0551-700","FD 551 SHELL PICK THIN (12)","","","","","",8,"แพ็ค",,"",0.00
"","","","F198-0551-800","FENDER PICK #551 SHELL MEDIUM (12PK)","","","","","",22,"แพ็ค",,"",0.00
"","","","F198-0551-900","FENDER PICK #551 SHELL HEAVY (12PK)","","","","","",22,"แพ็ค",,"",0.00
"","","","F198-0551-950","FENDER PICK #551 SHELL X-HEAVY (12PK)","","","","","",8,"แพ็ค",,"",0.00
"","","","F198-2351-157","FD ABALONE MOTO PICK GROSS THIN","","","","","",2,"กุรุส",,"",0.00
"","","","F198-2351-302","FD BLUE MOTO PICK GROSS MEDIUM","","","","","",2,"กุรุส",,"",0.00
"","","","F198-2351-305","FD WHITE MOTO PICK GROSS MEDIUM","","","","","",1,"กุรุส",,"",0.00
"","","","F198-2351-309","FD RED MOTO PICK GROSS MEDIUM","","","","","",2,"กุรุส",,"",0.00
"","","","F198-2351-357","FD PICK 351 ABALONE GROSS MEDIUM","","","","","",2,"กุรุส",,"",0.00
"","","","F198-2351-371","FD GREEN MOTO PICK GROSS MEDIUM","","","","","",2,"กุรุส",,"",0.00
"","","","F198-2351-376","FD PICK PURPLE MOTO GROSS MEDIUM","","","","","",1,"กุรุส",,"",0.00
"","คลังสินค้า เบ๊เงียบเส็ง                                  ","หน้า   :       30"
"","สินค้าคงเหลือ แยกตามคลังสินค้า    ","ณ วันที่  29 มิ.ย. 2569"
"","รหัสสินค้าจาก","001-01005-000     ","ถึง","VRS10304514  ","วันที่ : 28/06/2569"
"","คลัง","","รหัสสินค้า","ชื่อสินค้า","","","","","","  จำนวน","","ราคาต่อหน่วย","","มูลค่าคงเหลือ","ยอดค้างรับ","ยอดค้างส่ง"
"","","","F198-2351-502","FD 351 BLUE MOTO PICK GROSS HEAVY","","","","","",2,"กุรุส",,"",0.00
"","","","F198-2351-505","FD WHITE MOTO PICK GROSS HEAVY","","","","","",1,"กุรุส",,"",0.00
"","","","F198-2351-509","FD RED MOTO PICK GROSS HEAVY","","","","","",1,"กุรุส",,"",0.00
"","","","F198-2351-557","FD ABALONE MOTO PICK GROSS HEAVY","","","","","",2,"กุรุส",,"",0.00
"","","","F198-2351-571","FD GREEN MOTO PICK GROSS HEAVY","","","","","",2,"กุรุส",,"",0.00
"","","","F198-2351-576","FD PURPLE MOTO PICK GROSS HEAVY","","","","","",2,"กุรุส",,"",0.00
"","","","F198-5351-700","FD MOJO GRIP TORT PICK THIN (3)","","","","","",2,"แพ็ค",,"",0.00
"","","","F198-5351-705","FD MOJO GRIP WHITE PICK THIN (3)","","","","","",3,"แพ็ค",,"",0.00
"","","","F198-5351-805","FD MOJO GRIP WHT MOTO PICK MEDIUM (3)","","","","","",2,"แพ็ค",,"",0.00
"","","","F198-5351-905","FD MOJO GRIP WHT MOTO PICK HEAVY (3)","","","","","",3,"แพ็ค",,"",0.00
"","","","F217-1006-010","FENDER AMP.59 BASSMAN LIMITED","","","","","",1,"ตู้",,"",0.00
"","","","F217-2006-000","FENDER AMP.65 PRINCETON REVERB","","","","","",2,"ตู้",,"",0.00
"","","","F223-1106-000","FENDER AMP.HOT ROD DEVILLE 212 IV BLACK","","","","","",1,"ตู้",,"",0.00
"","","","F223-1506-551","FENDER AMP.BLUES JUNIOR IV COLUR TRIO","","","","","",1,"ตู้",,"",0.00
"","","","F223-2206-000","FENDER AMP.BLUES DELUXE","","","","","",10,"ตู้",,"",0.00
"","","","F224-9200-000","FENDER AMP.BASSMAN 810 NEO CABINET","","","","","",1,"ตู้",34967.00,"",34967.00
"","","","F225-7406-410","EVH AMP 5150 ICONIC 80W HEAD IVORY","","","","","",1,"ตู้",,"",0.00
"","","","F225-7500-010","EVH 5150 ICONIC 50 W 4X12 CABINET BLACK","","","","","",1,"ตัว",,"",0.00
"","","","F225-7500-410","EVH 5150 ICONIC 50 W 4X12 CABINET IVORY","","","","","",1,"ตัว",,"",0.00
"","","","F227-3006-000","FENDER AMP.68 CUSTOM TWIN REVERB","","","","","",1,"ตู้",,"",0.00
"","","","F227-4006-000","FENDER AMP.68 CUSTOM DELUXE REVERB","","","","","",16,"ตู้",4057.59,"",64921.50
"","","","F227-4106-000","FENDER AMP.TONEMASTER DLX REVERB","","","","","",1,"ตู้",,"",0.00
"","","","F227-4906-000","FD MULTI EFFECT TONEMASTER PRO","","","","","",6,"เครื่อง",,"",0.00
"","","","F227-8006-000","FENDER AMP.68 CUSTOM PRO REVERB","","","","","",1,"ตัว",,"",0.00
"","","","F231-1006-900","FENDER AMP.FRONTMAN 10G","","","","","",474,"ตู้",,"",0.00
"","","","F231-1506-900","FENDER FRONTMAN 20 G","","","","","",91,"ตู้",,"",0.00
"","","","F231-1706-000","FENDER MUSTANG LTX50","","","","","",46,"ตู้",,"",0.00
"","","","F231-1806-000","FENDER MUSTANG LTX100","","","","","",20,"ตู้",,"",0.00
"","","","F231-3000-000","FENDER LINK I/O INTERFACE","","","","","",51,"ตัว",,"",0.00
"","","","F231-3706-900","FENDER AMP.ACOUSTASONIC 15","","","","","",11,"ตู้",,"",0.00
"","","","F231-4306-000","FENDER AMP. ACOUSTIC JR","","","","","",29,"ตู้",,"",0.00
"","","","F231-4406-000","FENDER AMP. ACOUSTIC JR GO","","","","","",13,"ตู้",,"",0.00
"","","","F231-4506-000","FENDER AMP. ACOUSTIC SFX II","","","","","",46,"ตู้",,"",0.00
"","","","F233-0706-900","FENDER AMP. CHAMPION II 25","","","","","",549,"ตู้",,"",0.00
"","","","F233-0906-900","FENDER AMP. CHAMPION II 100","","","","","",1,"ตู้",,"",0.00
"","คลังสินค้า เบ๊เงียบเส็ง                                  ","หน้า   :       31"
"","สินค้าคงเหลือ แยกตามคลังสินค้า    ","ณ วันที่  29 มิ.ย. 2569"
"","รหัสสินค้าจาก","001-01005-000     ","ถึง","VRS10304514  ","วันที่ : 28/06/2569"
"","คลัง","","รหัสสินค้า","ชื่อสินค้า","","","","","","  จำนวน","","ราคาต่อหน่วย","","มูลค่าคงเหลือ","ยอดค้างรับ","ยอดค้างส่ง"
"","","","F237-0106-900","FENDER AMP.BASS RUMBLE 15 V3","","","","","",97,"ตู้",,"",0.00
"","","","F237-0206-900","FENDER AMP.BASS RUMBLE 25 V3","","","","","",38,"ตู้",,"",0.00
"","","","F237-0306-900","FENDER AMP.BASS RUMBLE 40 V3","","","","","",48,"ตู้",,"",0.00
"","","","F237-0406-900","FENDER AMP.BASS RUMBLE 100 V3","","","","","",12,"ตู้",,"",0.00
"","","","F237-0506-900","FENDER AMP.BASS RUMBLE 200 V3","","","","","",43,"ตู้",216.53,"",9311.00
"","","","F237-5990-000","FD TONE MASTER PRO GIG BAG","","","","","",4,"ใบ",,"",0.00
"","","","F237-6006-000","FENDER AMP.BASS RUMBLE STUDIO 40","","","","","",1,"ตู้",6975.53,"",6975.53
"","","","F240-0514-874","GRESTCH G6134T-140PRO 140TH PENG WC 2TONE STONE PT","","","","","",1,"ตัว",,"",0.00
"","","","F240-0900-806","GRESTCH G6636T-BK PE FLCN CB BLACK","","","","","",1,"ตัว",,"",0.00
"","","","F240-1210-812","GRESTCH G6102T BRIAN SETZER SMOKE ORANGE","","","","","",1,"ตัว",,"",0.00
"","","","F240-1514-874","GRESTCH G6136T-140PRO 140TH FLCN WC 2TONE STONE PT","","","","","",2,"ตัว",,"",0.00
"","","","F250-6170-574","GR G5420T-140 EMTC 140TH 2TONE STONE/PEARLPLATINUM","","","","","",3,"ตัว",,"",0.00
"","","","F250-6217-512","GR G5422TG EMTC CLSC HLW DC ORANGE STAIN","","","","","",2,"ตัว",,"",0.00
"","","","F250-6217-517","GR G5422TG EMTC CLSC HLW DC WALNUT STAIN","","","","","",3,"ตัว",,"",0.00
"","","","F250-6217-567","GR G5422TG EMTC CLSC HLW DC SNOWCREST WHT","","","","","",8,"ตัว",,"",0.00
"","","","F250-7112-533","GR FSR G5427TG EMTC HLW SC BIGSBY MIDNIGHT SAPPHIR","","","","","",2,"ตัว",,"",0.00
"","","","F250-7112-565","GR FSR G5427TG EMTC HLW SC BIGSBY BLK PEARL METTAL","","","","","",2,"ตัว",,"",0.00
"","","","F250-7112-574","GR FSR G5427TG EMTC HLW SC BIGSBY CHMPAIGN WHITE","","","","","",4,"ตัว",,"",0.00
"","","","F250-7190-561","GR G5120T-P90 EMTC JET TWO 90 AMETHSYT BIGSBY","","","","","",1,"ตัว",,"",0.00
"","","","F250-7190-572","GRESTCH G5120T-P90 EMTC JET TWO90 MAKO","","","","","",1,"ตัว",,"",0.00
"","","","F250-7210-502","GR 5230T EMTC JET FT ALEUTIAN BLUE BIGSBY","","","","","",1,"ตัว",,"",0.00
"","","","F250-7210-546","GR 5230T EMTC JET FT CARDILLAC GREEN","","","","","",3,"ตัว",,"",0.00
"","","","F250-7270-574","GR G5230T-140 EMTC 140TH PLATINUM JET 2TONE STONE","","","","","",2,"ตัว",,"",0.00
"","","","F250-8200-579","GR G5622T EMTC CB DC SINGLE IMPERIAL SATIN BIGSBY","","","","","",1,"ตัว",,"",0.00
"","","","F250-8210-548","GR G5232T EMTC DBL JET FT BROADWAY JADE BIGSBY","","","","","",1,"ตัว",,"",0.00
"","","","F250-8210-570","GR G5232T EMTC DBL JET FT FAIRLANE BLUE BIGSBY","","","","","",2,"ตัว",,"",0.00
"","","","F250-8210-595","GR G5232T EMTC DBL JET FT FIRESTICK RED BIGSBY","","","","","",1,"ตัว",,"",0.00
"","","","F250-8270-574","GR G5622T-140 EMTC DC CB 140TH 2TONE STONE/PEARL P","","","","","",3,"ตัว",,"",0.00
"","","","F250-8300-542","GR G5622T EMTC CB DC SPEYSIDE W/BIGSBY","","","","","",3,"ตัว",,"",0.00
"","","","F250-8300-593","GR G5622T EMTC CB DC SINGLE BARREL BURST BIGSBY","","","","","",3,"ตัว",,"",0.00
"","","","F250-8310-506","GR 5230T-N13 EMTC JET NICK 13 BLACK BIGSBY","","","","","",2,"ตัว",,"",0.00
"","","","F250-9700-551","GR 5655TG EMTC CB JR AZURE METTALIC BIGSBY","","","","","",3,"ตัว",,"",0.00
"","","","F250-9700-561","GR G5655TG EMTC CB JR W/BIGSBY AMETHYST","","","","","",1,"ตัว",,"",0.00
"","","","F250-9700-593","GR G5655TG EMTC CB JR W/BIGSBY SINGLE BARREL BURST","","","","","",2,"ตัว",,"",0.00
"","","","F250-9876-538","GRESTCH G5655T-QM EMTC CB JR QLT MN BIGSBY MARIANA","","","","","",4,"ตัว",,"",0.00
"","คลังสินค้า เบ๊เงียบเส็ง                                  ","หน้า   :       32"
"","สินค้าคงเหลือ แยกตามคลังสินค้า    ","ณ วันที่  29 มิ.ย. 2569"
"","รหัสสินค้าจาก","001-01005-000     ","ถึง","VRS10304514  ","วันที่ : 28/06/2569"
"","คลัง","","รหัสสินค้า","ชื่อสินค้า","","","","","","  จำนวน","","ราคาต่อหน่วย","","มูลค่าคงเหลือ","ยอดค้างรับ","ยอดค้างส่ง"
"","","","F250-9876-539","GRESTCH G5655T-QM EMTC CB JR QLT MN BGSB SWEET TEA","","","","","",4,"ตัว",,"",0.00
"","","","F250-9876-542","GRESTCH G5655T-QM EMTC CB JR QLT MN BGSB SPEYSIDE","","","","","",4,"ตัว",,"",0.00
"","","","F250-9876-543","GRESTCH G5655T-QM EMTC CB JR QUILT BIGSBY HUDSON S","","","","","",4,"ตัว",,"",0.00
"","","","F251-4730-552","GR G2220 EMTC JR JET BASS II TOBACCO SUNBURST","","","","","",1,"ตัว",,"",0.00
"","","","F251-4730-579","GR G2220 EMTC JR JET BASS II IMPERIAL STAIN","","","","","",1,"ตัว",,"",0.00
"","","","F251-4840-508","GR FSR EMTC JR JET BASS SHORT SCALE OCEAN TURQUOIS","","","","","",2,"ตัว",,"",0.00
"","","","F251-4840-548","GR FSR EMTC JR JET BASS SHORT SCALE BDW","","","","","",3,"ตัว",,"",0.00
"","","","F251-7190-546","GR G5210-P90 EMTC HET TWO 90 CADILLAC GREEN","","","","","",1,"ตัว",,"",0.00
"","","","F251-7190-595","GRESTCH G5210-P90 EMTC JET TW090 FIRESTICK RED","","","","","",5,"ตัว",,"",0.00
"","","","F251-9010-506","GR 5425 EMTC JET CLUB RW BLACK","","","","","",2,"ตัว",,"",0.00
"","","","F271-1220-579","GR JIM DANDY DREAD MAH WPG FRONTIER STAIN","","","","","",5,"ตัว",,"",0.00
"","","","F271-4013-506","GRESTCH G5013CE RANCHER JR CUTWY BLACK","","","","","",3,"ตัว",2182.54,"",6547.63
"","","","F271-4014-549","GR G5021E RANCHER PENGUIN PARLOR MINT METTALIC","","","","","",2,"ตัว",,"",0.00
"","","","F271-4014-556","GR G5021E RANCHER PENGUIN PARLOR SHELL PINK","","","","","",4,"ตัว",,"",0.00
"","","","F271-4015-506","GR G5021E RANCHER PENGUIN PARLOR BLACK","","","","","",5,"ตัว",,"",0.00
"","","","F271-4022-522","GRESTCH G5022CE RNCHER JUMBO CTWAY SVS","","","","","",5,"ตัว",,"",0.00
"","","","F280-5400-579","GRESTCH G2210 STREAMLINER JR JET CLB IMPRERIAL S","","","","","",1,"ตัว",,"",0.00
"","","","F280-6104-515","GRESTCH G2604T STRAEMLINER RALLY II CB BGSB OXBLOO","","","","","",1,"ตัว",,"",0.00
"","","","F280-6104-563","GRESTCH G2604T STRML RALLY II CB BGSB BAMBOOYELLOW","","","","","",1,"ตัว",,"",0.00
"","","","F280-6104-581","GRESTCH G2604T STRML RALLY II CB BGSB RALLY GREEN","","","","","",1,"ตัว",,"",0.00
"","","","F280-6200-508","GRESTCH G2622 STRML CNTR BLOCK DC OCEAN TURQUOISE","","","","","",2,"ตัว",,"",0.00
"","","","F280-7200-531","GR G2420T STRML HLW SC HAVANBURST","","","","","",2,"ตัว",,"",0.00
"","","","F280-7200-533","GR G2420T STRML HLW SC MIDNIGHT SAPPHIRE","","","","","",2,"ตัว",,"",0.00
"","","","F280-7205-519","GR G2420T STRML HLW SC BRANDY WINE","","","","","",4,"ตัว",,"",0.00
"","","","F280-7250-530","GR G2622T STRML CB DC STEEL OLIVE","","","","","",3,"ตัว",,"",0.00
"","","","F280-7250-560","GR G2622T STRML CB DC DARK DENIM","","","","","",5,"ตัว",,"",0.00
"","","","F280-7250-562","GR G2622T STRML CB DC ABBEY ALE","","","","","",4,"ตัว",,"",0.00
"","","","F280-7500-568","GR G2622T-P90 STRM CNTR BLOCK DC GUNMETAL","","","","","",2,"ตัว",,"",0.00
"","","","F280-7500-588","GR G2622T-P90 STRM CNTR BLOCK DC BROWNSTONE","","","","","",2,"ตัว",,"",0.00
"","","","F280-7700-544","GR G2655T-P90 STRM CB JR DC 2TONE SAHARA METTALIC","","","","","",2,"ตัว",,"",0.00
"","","","F281-4102-506","GR STREAMLINER JET CLUB LRL JET BLACK","","","","","",19,"ตัว",,"",0.00
"","","","F281-4102-549","GR STREAMLINER JET CLUB LRL SEAFORM GREEN","","","","","",19,"ตัว",,"",0.00
"","","","F281-4102-588","GR STREAMLINER JET CLUB LRL AGED WHITE","","","","","",19,"ตัว",,"",0.00
"","","","F281-7000-516","GR G2420 STRML HLW SC FIREBURST","","","","","",2,"ตัว",,"",0.00
"","","","F281-7000-546","GR G2420 STRML HLW SC CADILLAC GREEN","","","","","",2,"ตัว",,"",0.00
"","คลังสินค้า เบ๊เงียบเส็ง                                  ","หน้า   :       33"
"","สินค้าคงเหลือ แยกตามคลังสินค้า    ","ณ วันที่  29 มิ.ย. 2569"
"","รหัสสินค้าจาก","001-01005-000     ","ถึง","VRS10304514  ","วันที่ : 28/06/2569"
"","คลัง","","รหัสสินค้า","ชื่อสินค้า","","","","","","  จำนวน","","ราคาต่อหน่วย","","มูลค่าคงเหลือ","ยอดค้างรับ","ยอดค้างส่ง"
"","","","F281-7050-516","GR G2622 STRML CB DC FIREBURST","","","","","",2,"ตัว",,"",0.00
"","","","F281-7050-524","GR G2622 STRML CB DC BURNT ORCHID","","","","","",1,"ตัว",,"",0.00
"","","","F281-7100-562","GR G2655 STRML CNTR BLK JR DC ABBEY ALE","","","","","",1,"ตัว",,"",0.00
"","","","F281-7600-531","GR G2622-P90 STRM CNTR BLOCK DC HAVANA BURST","","","","","",2,"ตัว",,"",0.00
"","","","F281-7600-561","GR G2622-P90 STRM CNTR BLOCK DC CLARET BURST","","","","","",2,"ตัว",,"",0.00
"","","","F281-7800-561","GR G2655-P90 STRM CB JR DC CLARET BURST","","","","","",2,"ตัว",,"",0.00
"","","","F281-7800-588","GR G2655-P90 STRM CB JR DC BROWNSTONE","","","","","",1,"ตัว",,"",0.00
"","","","F286-5055-876","CHARVEL WARREN DEMARTINI USA SIGN FRENCHIE WHT","","","","","",1,"ตัว",,"",0.00
"","","","F286-5434-700","CHARVEL GOVAN SIGN. HSH COOKED ASH","","","","","",2,"ตัว",71325.92,"",142651.84
"","","","F290-4009-203","JACKSON DKR BLACK","","","","","",1,"ตัว",,"",0.00
"","","","F290-4009-274","JACKSON DKRA MAH BLACK ASH","","","","","",1,"ตัว",,"",0.00
"","","","F291-0022-527","JACKSON DK3XRM HSS FROSTBYTE BLUE","","","","","",1,"ตัว",,"",0.00
"","","","F291-0114-568","JACKSON JS32-8 DINKY ARCH AH FB SATIN BLK","","","","","",1,"ตัว",7967.37,"",7967.37
"","","","F291-0121-500","JACKSON JS22 DINKY ARCH AH FB SNOW WHITE","","","","","",6,"ตัว",,"",0.00
"","","","F291-0121-557","JACKSON JS22 DINKY ARCH AH FB NAT OIL","","","","","",1,"ตัว",,"",0.00
"","","","F291-0124-520","JACKSON JS32 KING V AH FB MATTE ARMY DRAB","","","","","",1,"ตัว",,"",0.00
"","","","F291-0124-527","JACKSON JS22 DINKY ARCH AH FB METTALIC BLUE","","","","","",1,"ตัว",,"",0.00
"","","","F291-0132-568","JACKSON JS22-7 DINKY ARCH AH FB HT SATIN BLK","","","","","",11,"ตัว",,"",0.00
"","","","F291-0136-568","JACKSON JS32 WR, AH FB SATIN BLACK","","","","","",4,"ตัว",,"",0.00
"","","","F291-0136-576","JACKSON JS32 WR, AH FB SNOW WHITE","","","","","",3,"ตัว",,"",0.00
"","","","F291-0138-557","JACKSON JS32 DINKY ARCH AH FB NAT OIL","","","","","",5,"ตัว",,"",0.00
"","","","F291-0147-522","JACKSON RHOADS JS32 AH FB SATIN GRAY","","","","","",2,"ตัว",,"",0.00
"","","","F291-0147-557","JACKSON JS32 RR, AH FB IVORY","","","","","",4,"ตัว",,"",0.00
"","","","F291-0224-503","JACKSON JS32 KV AH FB GLOSS BLACK","","","","","",1,"ตัว",,"",0.00
"","","","F291-0224-568","JACKSON JS22 DINKY ARCH AH FB SATIN BLK","","","","","",5,"ตัว",,"",0.00
"","","","F291-0238-552","JACKSON JS32 DINKY ARCH AH FB PAVO PURPLE","","","","","",2,"ตัว",,"",0.00
"","","","F291-0238-576","JACKSON JS32 DINKY DKA-M SNOW WHITE","","","","","",2,"ตัว",,"",0.00
"","","","F291-0248-568","JACKSON JS32 DINKY ARCH AH FB SATIN BLK","","","","","",6,"ตัว",,"",0.00
"","","","F291-2223-503","JACKSON JS1X DK, MINION AH FB BLACK","","","","","",6,"ตัว",,"",0.00
"","","","F291-2232-527","JACKSON JS1X DK, MINION AH FB METALLIC BLUE BURST","","","","","",7,"ตัว",,"",0.00
"","","","F291-2233-576","JACKSON JS1X DK-M MINION FB SNOW WHITE","","","","","",7,"ตัว",,"",0.00
"","","","F291-2237-527","JACKSON JS1X-DK MINION INFINITY BLUE","","","","","",3,"ตัว",,"",0.00
"","","","F291-3067-257","JACKSON PRO SIG ADRIAN SMITH LTD ED. SC1 SNOW WHT","","","","","",6,"ตัว",,"",0.00
"","","","F291-3334-527","JACKSON JS1X RR MINION AH FB METTALIC BLUE BURST","","","","","",6,"ตัว",,"",0.00
"","","","F291-4332-576","JACKSON PRO SL2A UNICORN WHITE","","","","","",1,"ตัว",,"",0.00
"","คลังสินค้า เบ๊เงียบเส็ง                                  ","หน้า   :       34"
"","สินค้าคงเหลือ แยกตามคลังสินค้า    ","ณ วันที่  29 มิ.ย. 2569"
"","รหัสสินค้าจาก","001-01005-000     ","ถึง","VRS10304514  ","วันที่ : 28/06/2569"
"","คลัง","","รหัสสินค้า","ชื่อสินค้า","","","","","","  จำนวน","","ราคาต่อหน่วย","","มูลค่าคงเหลือ","ยอดค้างรับ","ยอดค้างส่ง"
"","","","F291-5556-521","JACKSON JS1XCONCERT BASS MINION AH FB SATIN SILVER","","","","","",5,"ตัว",,"",0.00
"","","","F291-5556-552","JACKSON JS1XCONCERT BASS MINION AH FB PAVO PURPLE","","","","","",7,"ตัว",,"",0.00
"","","","F291-5557-576","JACKSON JS1X CONCERT BASS-M MINION M AH FB SN WHT","","","","","",6,"ตัว",,"",0.00
"","","","F291-8804-585","JACKSON JS22Q-7 DKA QM TRANS BLK BURST","","","","","",1,"ตัว",,"",0.00
"","","","F291-8809-585","JACKSON JS32Q DKA HT, TRANS BLK BURST","","","","","",1,"ตัว",,"",0.00
"","","","F291-8809-592","JACKSON JS32Q DKA HT, TRANS PURPLE BURST","","","","","",1,"ตัว",,"",0.00
"","","","F291-9260-568","JACKSON X SERIES SLA6 BARITONE","","","","","",2,"ตัว",,"",0.00
"","","","F291-9914-503","JACKSON X SERIES SL4XDX BLACK","","","","","",1,"ตัว",,"",0.00
"","","","F291-9915-557","JACKSON JS42 DK HT ZIRCOTE/BAKED MAPLE","","","","","",2,"ตัว",,"",0.00
"","","","F292-5414-588","CHARVEL MJ SRS GUTHRIE GOVAN SIG SD 24 3TBURST","","","","","",1,"ตัว",,"",0.00
"","","","F296-5131-534","CHARVEL PM SD1 HH FR MP MAT BLUE FROST","","","","","",2,"ตัว",,"",0.00
"","","","F296-5801-503","CHARVEL PM SD1 HH FR GLOSS BLACK","","","","","",2,"ตัว",,"",0.00
"","","","F296-5831-518","CHARVEL PM SD1 HH FR LIME GREEN METALLIC","","","","","",2,"ตัว",,"",0.00
"","","","F296-6031-503","CHARVEL PM SD1 HH FR GLOSS BLK MIRROR","","","","","",2,"ตัว",,"",0.00
"","","","F296-6031-555","CHARVEL PM SC1 HH FR MN VINT WHITE","","","","","",1,"ตัว",,"",0.00
"","","","F296-6033-503","CHARVEL PM SC4 HSS FR MN GLOSS BLK W/BLK AL PG","","","","","",2,"ตัว",,"",0.00
"","","","F296-6801-500","CHARVEL PM SC1 HH FR EB 3TS","","","","","",1,"ตัว",,"",0.00
"","","","F296-6803-500","CHARVEL PM SC4 HSS FR EB PHARAOHS GOLD","","","","","",1,"ตัว",,"",0.00
"","","","F296-6803-518","CHARVEL PM SC4 HSS FR LAMBO GREEN","","","","","",1,"ตัว",,"",0.00
"","","","F296-9026-527","CHARVEL PM DK22 SSS 2PT CM ELECTRIC BLUE","","","","","",1,"ตัว",,"",0.00
"","","","F296-9411-521","CHARVEL PM DK24 HH 2PT CM CHROLINE BURST","","","","","",2,"ตัว",,"",0.00
"","","","F297-5031-500","CHARVEL PM SD 1 HH FR CHAMELEON","","","","","",1,"ตัว",,"",0.00
"","","","F510-7003-503","EVH WOLFGANG STD BKD MN GLOSS BLACK","","","","","",2,"ตัว",,"",0.00
"","","","F510-7003-520","EVH WOLFGANG STD BKD MN MATTE ARMY DRAB","","","","","",2,"ตัว",,"",0.00
"","","","F510-7003-587","EVH WOLFGANG STD QM, BKD MN TRANS GREEN","","","","","",1,"ตัว",,"",0.00
"","","","F510-7900-528","EVH LTD ED FRANKIE BLK/YLW DISTRESSED","","","","","",2,"ตัว",,"",0.00
"","","","F526-1199-900","FENDER D-199 ST62SS 3TS","","","","","",2,"ตัว",8729.65,"",17459.30
"","","","F526-1199-901","FENDER D-199 ST62SS CAR","","","","","",2,"ตัว",8729.65,"",17459.30
"","","","F526-1199-902","FENDER D-199 ST62SS SBL","","","","","",2,"ตัว",8729.65,"",17459.30
"","","","F526-1200-900","FENDER D-200 ST57SS T","","","","","",2,"ตัว",8729.65,"",17459.30
"","","","F526-1200-901","FENDER D-200 ST57SS BLACK","","","","","",2,"ตัว",8729.65,"",17459.30
"","","","F531-2100-309","FD LTD STARMASTER RW CANDY APPLE RED JP-24","","","","","",3,"ตัว",,"",0.00
"","","","F531-2200-332","FD LTD KUSUMI COL TELE THIN RW PINK JP-24","","","","","",1,"ตัว",,"",0.00
"","","","F531-2200-342","FD LTD KUSUMI COL TELE THIN RW IVORY JP-24","","","","","",1,"ตัว",,"",0.00
"","","","F531-2400-300","FD LTD RAW ASH TELE RW 3TS JP-24","","","","","",3,"ตัว",,"",0.00
"","คลังสินค้า เบ๊เงียบเส็ง                                  ","หน้า   :       35"
"","สินค้าคงเหลือ แยกตามคลังสินค้า    ","ณ วันที่  29 มิ.ย. 2569"
"","รหัสสินค้าจาก","001-01005-000     ","ถึง","VRS10304514  ","วันที่ : 28/06/2569"
"","คลัง","","รหัสสินค้า","ชื่อสินค้า","","","","","","  จำนวน","","ราคาต่อหน่วย","","มูลค่าคงเหลือ","ยอดค้างรับ","ยอดค้างส่ง"
"","","","F531-2400-306","FD LTD RAW ASH TELE RW BLK JP-24","","","","","",3,"ตัว",,"",0.00
"","","","F531-2400-307","FD LTD ASH RAW TELE RW VINT NAT JP-24","","","","","",3,"ตัว",,"",0.00
"","","","F531-2500-300","FD LTD ASH RAW STRAT RW 3TS JP-24","","","","","",5,"ตัว",,"",0.00
"","","","F531-2500-306","FD LTD ASH RAW STRAT RW BLK JP-24","","","","","",3,"ตัว",,"",0.00
"","","","F531-2500-307","FD LTD ASH RAW STRAT RW VINT NAT JP-24","","","","","",4,"ตัว",,"",0.00
"","","","F531-2600-300","FD LTD ASH RAW J BASS RW 3TS JP-24","","","","","",3,"ตัว",,"",0.00
"","","","F531-2600-306","FD LTD ASH RAW J BASS RW BLK JP-24","","","","","",4,"ตัว",,"",0.00
"","","","F531-2600-307","FD LTD ASH RAW J BASS VINT NAT JP-24","","","","","",4,"ตัว",,"",0.00
"","","","F531-2900-306","FD LTD STRAT RW NOIR JP-25","","","","","",3,"ตัว",,"",0.00
"","","","F531-3000-306","FD LTD JAZZMASTER RW NOIR JP-25","","","","","",2,"ตัว",,"",0.00
"","","","F531-3100-306","FD LTD J BASS RW NOIR JP-25","","","","","",3,"ตัว",,"",0.00
"","","","F531-3500-380","FD LTD JAZZMASTER RW BLANC JP-25","","","","","",1,"ตัว",,"",0.00
"","","","F536-0102-301","FD TRAD II 50S TELE MN WHITE BLONDE","","","","","",2,"ตัว",,"",0.00
"","","","F536-0200-302","FD TRAD II 60S TELE RW LAKE PLACID BLUE","","","","","",4,"ตัว",,"",0.00
"","","","F536-0200-341","FD TRAD II 60S TELE RW VINT WHITE","","","","","",2,"ตัว",,"",0.00
"","","","F536-1102-303","FENDER TRAD II 50S STRAT MN 2TS","","","","","",9,"ตัว",,"",0.00
"","","","F536-1102-306","FENDER TRAD II 50S STRAT MN BLACK","","","","","",1,"ตัว",,"",0.00
"","","","F536-1200-300","FENDER TRAD II 60S STRAT RW 3TS","","","","","",3,"ตัว",,"",0.00
"","","","F536-1200-302","FD TRAD II 60S STRAT RW LAKE PLACID BLUE","","","","","",1,"ตัว",,"",0.00
"","","","F536-1200-305","FENDER TRAD II 60S STRAT RW OLYMPIC WHITE","","","","","",1,"ตัว",,"",0.00
"","","","F536-1200-306","FENDER TRAD II 60S STRAT RW BLACK","","","","","",2,"ตัว",,"",0.00
"","","","F536-1302-321","FD TRAD II 70S STRAT MN NATURAL","","","","","",7,"ตัว",,"",0.00
"","","","F536-2100-300","FD TRAD II 60S J BASS RW 3TS","","","","","",2,"ตัว",,"",0.00
"","","","F536-2100-302","FD TRAD II 60S J BASS RW LAKE PLACID BLUE","","","","","",1,"ตัว",,"",0.00
"","","","F536-2100-340","FD TRAD II 60S J BASS RW FIESTA RED","","","","","",1,"ตัว",,"",0.00
"","","","F536-2100-354","FD TRAD II 60S J BASS RW AGED DAKOTA RED","","","","","",1,"ตัว",,"",0.00
"","","","F536-2202-321","FD TRAD II 70S J BASS MN NATURAL","","","","","",1,"ตัว",,"",0.00
"","","","F537-0102-301","FD HERITAGE 50S TELE MN WHITE BLONDE","","","","","",2,"ตัว",,"",0.00
"","","","F537-0102-350","FD HERITAGE 50S TELE MN BUTTERSCOTCH","","","","","",2,"ตัว",,"",0.00
"","","","F537-0300-300","FD HERITAGE 60S TELE CSTM RW 3TS","","","","","",2,"ตัว",,"",0.00
"","","","F537-0402-300","FD HERITAGE 60S TELE THINLINE MN 3TS","","","","","",2,"ตัว",,"",0.00
"","","","F537-1102-301","FD HERITAGE 50S STRAT MN WHITE BLONDE","","","","","",3,"ตัว",,"",0.00
"","","","F537-1102-303","FD HERITAGE 50S STRAT MN 2TS","","","","","",3,"ตัว",,"",0.00
"","","","F537-1200-300","FD HERITAGE 60S STRAT RW 3TS","","","","","",6,"ตัว",,"",0.00
"","","","F537-1300-321","FD HERITAGE 70S STRAT RW NATURAL","","","","","",3,"ตัว",,"",0.00
"","คลังสินค้า เบ๊เงียบเส็ง                                  ","หน้า   :       36"
"","สินค้าคงเหลือ แยกตามคลังสินค้า    ","ณ วันที่  29 มิ.ย. 2569"
"","รหัสสินค้าจาก","001-01005-000     ","ถึง","VRS10304514  ","วันที่ : 28/06/2569"
"","คลัง","","รหัสสินค้า","ชื่อสินค้า","","","","","","  จำนวน","","ราคาต่อหน่วย","","มูลค่าคงเหลือ","ยอดค้างรับ","ยอดค้างส่ง"
"","","","F537-2202-321","FD HERITAGE 70S J BASS MN NATURAL","","","","","",1,"ตัว",,"",0.00
"","","","F538-0200-374","FD 2025 TRAD II 60S TELE RW BLK/3TS","","","","","",2,"ตัว",,"",0.00
"","","","F538-0200-398","FD 2025 TRAD II 60S TELE RW STAR DUSK PINK","","","","","",2,"ตัว",,"",0.00
"","","","F538-0200-399","FD 2025 TRAD II 60S TELE RW STAR DUSK BLUE","","","","","",2,"ตัว",,"",0.00
"","","","F538-1200-374","FD 2025 TRAD II 60S STRAT RW BLK/3TS","","","","","",2,"ตัว",,"",0.00
"","","","F538-1200-398","FD 2025 TRAD II 60S STRAT RW STARDUSK PINK","","","","","",1,"ตัว",,"",0.00
"","","","F538-2100-323","FD 2025 TRAD II 60S J BASS GP RW MHC WHT PEARL","","","","","",1,"ตัว",,"",0.00
"","","","F538-2100-374","FD 2025 TRAD II 60S J BASS RW BLK/3TS","","","","","",1,"ตัว",,"",0.00
"","","","F538-2100-398","FD 2025 TRAD II 60S J BASS RW STARDUSK PINK","","","","","",1,"ตัว",,"",0.00
"","","","F538-4100-374","FD 2025 TRAD II 60S JAZZMASTRER RW BLK/3TS","","","","","",1,"ตัว",,"",0.00
"","","","F555-0112-391","FD TUBE GT 12AX7/ECC83-S SELECT (1)","","","","","",1,"หลอด",,"",0.00
"","","","F555-0113-521","FENDER TUBE GT 6L6-S MED DUET (2)","","","","","",7,"ชุด",,"",0.00
"","","","F555-0113-539","FENDER GT-6V6-S MED DUET","","","","","",7,"ชุด",,"",0.00
"","","","F555-0113-545","FENDER GT-E34LS MED DUET","","","","","",12,"หลอด",,"",0.00
"","","","F555-0113-580","FD TUBE GT-EL84-S MED DUET (2)","","","","","",8,"ชุด",,"",0.00
"","","","F560-0900-305","FD HAMA OKAMOTO KATANA BASS OLYMPIC WHITE","","","","","",1,"ตัว",,"",0.00
"","","","F560-0900-306","FD HAMA OKAMOTO KATANA BASS BLACK","","","","","",1,"ตัว",,"",0.00
"","","","F560-1100-341","FD SCANDAL MAMI STRAT RW VINT WHITE OMOCHI","","","","","",6,"ตัว",,"",0.00
"","","","F560-1202-380","FD SCANDAL HARUNA TELE MN ARTIC WHITE BOOST","","","","","",4,"ตัว",,"",0.00
"","","","F560-1402-399","FD J SIGNATURE P BASS MN BLK GOLD","","","","","",1,"ตัว",,"",0.00
"","","","F560-2600-899","FD MONSTER HUNTER TELE RW RATHALOS RED","","","","","",3,"ตัว",,"",0.00
"","","","F563-0110-324","FD FSR HYBRID II TELE MHC RW INS ASIA-24","","","","","",1,"ตัว",,"",0.00
"","","","F563-0110-347","FD FSR HYBRID II TELE RW SSB ASIA-24","","","","","",2,"ตัว",,"",0.00
"","","","F563-1102-350","FD LTD STRAT MN BLUE FLOWER JP-24","","","","","",1,"ตัว",,"",0.00
"","","","F563-1110-347","FD FSR HYBRID II STRAT RW SSB ASIA-24","","","","","",1,"ตัว",,"",0.00
"","","","F563-1110-368","FD FSR HYBRID II STRAT MHC RW GMB ASIA-24","","","","","",2,"ตัว",,"",0.00
"","","","F563-1330-392","FD FSR TRAD II 70S STRAT MN WALNUT ASIA","","","","","",1,"ตัว",,"",0.00
"","","","F563-1440-305","FD FSR TRAD II LATE 60S STRAT MN OWT","","","","","",2,"ตัว",,"",0.00
"","","","F563-1440-306","FD FSR TRAD II LATE 60S STRAT MN BLACK ASIA-24","","","","","",3,"ตัว",,"",0.00
"","","","F563-2100-308","FD FSR COLL TRAD 60S J BASS RW OTM ASIA-23","","","","","",1,"ตัว",,"",0.00
"","","","F563-2100-336","FD FSR COLL HYBRID II J BASS RW DOM ASIA-23","","","","","",1,"ตัว",,"",0.00
"","","","F563-2100-356","FD FSR COLL TRAD 60S J BASS RW SHELL PINK ASIA-23","","","","","",5,"ตัว",,"",0.00
"","","","F563-2100-357","FD FSR COLL TRAD 60S J BASS RW SURF GREEN ASIA-23","","","","","",4,"ตัว",,"",0.00
"","","","F563-2110-324","FD FSR HYBRID II J BASS MHC RW INS ASIA-24","","","","","",2,"ตัว",,"",0.00
"","","","F563-2110-368","FD FSR HYBRID II J BASS MHC RW GMB ASIA-24","","","","","",2,"ตัว",,"",0.00
"","คลังสินค้า เบ๊เงียบเส็ง                                  ","หน้า   :       37"
"","สินค้าคงเหลือ แยกตามคลังสินค้า    ","ณ วันที่  29 มิ.ย. 2569"
"","รหัสสินค้าจาก","001-01005-000     ","ถึง","VRS10304514  ","วันที่ : 28/06/2569"
"","คลัง","","รหัสสินค้า","ชื่อสินค้า","","","","","","  จำนวน","","ราคาต่อหน่วย","","มูลค่าคงเหลือ","ยอดค้างรับ","ยอดค้างส่ง"
"","","","F563-2550-304","FD FSR TRAD II 60S J BASS RW DAPHNE BLUE ASIA-24","","","","","",2,"ตัว",,"",0.00
"","","","F563-3100-304","FD FSR COLL HYBRID II P BASS RW DNB ASIA-23","","","","","",1,"ตัว",,"",0.00
"","","","F564-0102-387","FD LTD INTL COLOR TELE MN MONACO YELLOW","","","","","",1,"ตัว",,"",0.00
"","","","F564-1102-383","FD LTD INTL COLOR STRAT MN MAUI BLUE","","","","","",2,"ตัว",,"",0.00
"","","","F564-1102-387","FD LTD INTL COLOR STRAT MN MONACO YELLOW","","","","","",3,"ตัว",,"",0.00
"","","","F564-2102-383","FD LTD INTL COLOR J BASS MN MAUI BLUE","","","","","",2,"ตัว",,"",0.00
"","","","F565-4400-303","FENDER O-LARN STRAT 2TSB","","","","","",22,"ตัว",26407.32,"",580961.04
"","","","F565-9060-321","FENDER SCANDAL TOMOMI P. BASS NATURAL","","","","","",1,"ตัว",26082.10,"",26082.10
"","","","F566-0102-300","FD HYBRID II TELE MN 3TS","","","","","",2,"ตัว",,"",0.00
"","","","F566-0102-307","FD HYBRID II TELE MN VINT NATURAL","","","","","",2,"ตัว",,"",0.00
"","","","F566-0102-316","FD HYBRID II TELE MN MODENA RED","","","","","",3,"ตัว",,"",0.00
"","","","F566-1100-300","FD HYBRID II STRAT RW 3TS","","","","","",1,"ตัว",,"",0.00
"","","","F566-1100-318","FD HYBRID II STRAT RW FOREST BLUE","","","","","",1,"ตัว",,"",0.00
"","","","F566-1102-318","FD HYBRID II STRAT MN FOREST BLUE","","","","","",3,"ตัว",,"",0.00
"","","","F566-1102-367","FD HYBRID II STRAT MN US BLONDE","","","","","",1,"ตัว",,"",0.00
"","","","F566-1102-380","FD HYBRID II STRAT MN ARTIC WHITE","","","","","",1,"ตัว",,"",0.00
"","","","F566-2100-300","FD HYBRID II J BASS RW 3TS","","","","","",2,"ตัว",,"",0.00
"","","","F566-2100-316","FD HYBRID II J BASS RW MODENA RED","","","","","",2,"ตัว",,"",0.00
"","","","F566-2100-318","FD HYBRID II J BASS RW FOREST BLUE","","","","","",1,"ตัว",,"",0.00
"","","","F566-2100-380","FD HYBRID II J BASS RW ARTIC WHITE","","","","","",2,"ตัว",,"",0.00
"","","","F566-2102-330","FD 2024 HYBRID II J BASS MN FLAME CELESTE BLUE","","","","","",1,"ตัว",,"",0.00
"","","","F566-2102-384","FD 2024 HYBRID II J BASS MN FLAME SUNSET ORANGE TR","","","","","",2,"ตัว",,"",0.00
"","","","F566-2200-300","FD HYBRID II J BASS V RW 3TS","","","","","",2,"ตัว",,"",0.00
"","","","F566-2400-307","FD 2024 HYBRID II J BASS PJ RW VINT NATURAL","","","","","",1,"ตัว",,"",0.00
"","","","F566-4102-384","FD 2024 HYBRID II JAZZMASTER MN FLAME SUNSET ORANG","","","","","",1,"ตัว",,"",0.00
"","","","F568-0100-300","FD JUNIOR COLL. TELE RW 3TS","","","","","",1,"ตัว",,"",0.00
"","","","F568-0100-341","FD JUNIOR COLL TELE MN SATIN VINT WHITE","","","","","",2,"ตัว",,"",0.00
"","","","F568-0100-357","FD JUNIOR COLL TELE RW SATIN SURF GREEN","","","","","",1,"ตัว",,"",0.00
"","","","F568-0102-304","FD JUNIOR COLL. TELE MN SATIN DAPHNE BLUE","","","","","",5,"ตัว",,"",0.00
"","","","F568-0102-350","FD JUNIOR COLL. TELE MN BUTTERSCOTCH","","","","","",3,"ตัว",,"",0.00
"","","","F568-0102-356","FD JUNIOR COLL. TELE MN SATIN SHELL PINK","","","","","",2,"ตัว",,"",0.00
"","","","F568-0102-380","FD JUNIOR COLL. TELE MN ARTIC WHITE","","","","","",2,"ตัว",,"",0.00
"","","","F568-1100-300","FD JUNIOR COLL. STRAT RW 3TS","","","","","",1,"ตัว",,"",0.00
"","","","F568-1100-304","FD JUNIOR COLL. STRAT RW SATIN DAPHNE BLUE","","","","","",3,"ตัว",,"",0.00
"","","","F568-1100-341","FD JUNIOR COLL. STRAT RW SATIN VINT WHITE","","","","","",4,"ตัว",,"",0.00
"","คลังสินค้า เบ๊เงียบเส็ง                                  ","หน้า   :       38"
"","สินค้าคงเหลือ แยกตามคลังสินค้า    ","ณ วันที่  29 มิ.ย. 2569"
"","รหัสสินค้าจาก","001-01005-000     ","ถึง","VRS10304514  ","วันที่ : 28/06/2569"
"","คลัง","","รหัสสินค้า","ชื่อสินค้า","","","","","","  จำนวน","","ราคาต่อหน่วย","","มูลค่าคงเหลือ","ยอดค้างรับ","ยอดค้างส่ง"
"","","","F568-1100-357","FD JUNIOR COLL. STRAT RW SATIN SURF GREEN","","","","","",2,"ตัว",,"",0.00
"","","","F568-1102-300","FD JUNIOR COLL. STRAT MN 3TS","","","","","",2,"ตัว",,"",0.00
"","","","F568-1102-304","FD JUNIOR COLL. STRAT MN SATIN DAPHNE BLUE","","","","","",3,"ตัว",,"",0.00
"","","","F568-1102-306","FD JUNIOR COLL. STRAT MN BLACK","","","","","",2,"ตัว",,"",0.00
"","","","F568-1102-356","FD JUNIOR COLL. STRAT MN SATIN SHELL PINK","","","","","",2,"ตัว",,"",0.00
"","","","F568-1102-380","FD JUNIOR COLL. STRAT MN ARTIC WHITE","","","","","",7,"ตัว",,"",0.00
"","","","F568-2100-300","FD JUNIOR COLL. J BASS RW 3TS","","","","","",2,"ตัว",,"",0.00
"","","","F568-2100-341","FD JUNIOR COLL. J BASS RW SATIN VINT WHITE","","","","","",1,"ตัว",,"",0.00
"","","","F568-2100-357","FD JUNIOR COLL. J BASS RW SATIN SURF GREEN","","","","","",1,"ตัว",,"",0.00
"","","","F568-4100-300","FD JUNIOR COLL. JAZZMASTER RW 3TS","","","","","",1,"ตัว",,"",0.00
"","","","F568-4100-304","FD JUNIOR COLL. JAZZMASTER RW SATIN DAPHNE BLUE","","","","","",2,"ตัว",,"",0.00
"","","","F568-4100-341","FD JUNIOR COLL. JAZZMASTER RW SATIN VINT WHITE","","","","","",2,"ตัว",,"",0.00
"","","","F568-4100-357","FD JUNIOR COLL. JAZZMASTER RW SATIN SURF GRN","","","","","",2,"ตัว",,"",0.00
"","","","F568-4102-306","FD JUNIOR COLL. JAZZMASTER MN BLACK","","","","","",2,"ตัว",,"",0.00
"","","","F568-4102-356","FD JUNIOR COLL. JAZZMASTER MN SHELL PINK","","","","","",2,"ตัว",,"",0.00
"","","","F569-4100-306","FD LTD ELEMENTAL JAZZMASTER HH RW STONE BLACK","","","","","",2,"ตัว",,"",0.00
"","","","F696-1500-000","FD FORTIS POWER SPEAKER F-15BT 15" 2 WAY","","","","","",1,"ตู้",18409.97,"",18409.97
"","","","F770-6416-049","FENDER TONE SAVER 250K","","","","","",5,"ตัว",,"",0.00
"","","","F770-6417-049","FENDER TONE SAVER 500K","","","","","",3,"ตัว",,"",0.00
"","","","F770-8383-049","FD NECK PLATE CONTOUR HEEL","","","","","",5,"อัน",,"",0.00
"","","","F770-9929-049","FENDER TREM ARM AM PRO STRAT RH. SS","","","","","",3,"อัน",,"",0.00
"","","","F811-0006-061","FENDER AMP.VIBRO KING TT BRN/BLD WHT","","","","","",1,"ตู้",,"",0.00
"","","","F912-3004-000","EVH 24" BARSTOOL","","","","","",1,"ตัว",,"",0.00
"","","","F912-4783-000","FENDER BOOKEND STRAT SUNBURST","","","","","",15,"ชุด",,"",0.00
"","","","F912-4786-000","FENDER BOOKEND BASS BLACK","","","","","",1,"ชุด",,"",0.00
"","","","F919-0153-038","FD RING NOTEBOOK HEADSTOCK OLW","","","","","",24,"เล่ม",,"",0.00
"","","","F919-0153-039","FD RING NOTEBOOK HEADSTOCK SURF GREEN","","","","","",4,"เล่ม",,"",0.00
"","","","F919-0153-040","FD RING NOTEBOOK HEADSTOCK SHELL PINK","","","","","",5,"เล่ม",,"",0.00
"","","","F919-0153-041","FD RING NOTEBOOK HEADSTOCK GFY","","","","","",25,"เล่ม",,"",0.00
"","","","F919-0153-057","FD WEST COAST LOGO MUG OWH","","","","","",40,"ใบ",,"",0.00
"","","","F919-0153-184","FD ORIGINAL CAMOUFLAGE PACKABLE BAG","","","","","",68,"ใบ",,"",0.00
"","","","F919-2022-006","FD CSTM SHOP BARSTOOL 30"","","","","","",7,"ตัว",,"",0.00
"","","","F919-2022-013","FD SPAGHETTI LOGO PICK POUCH BARSTOOL 30"","","","","","",4,"ตัว",,"",0.00
"","","","F919-2022-024","FD GUITAR&AMPS PICK HOLDER BARSTOOL 25"","","","","","",2,"ชุด",,"",0.00
"","","","F919-2022-025","FD BLACKOUT BARSTOOL 25"","","","","","",3,"ชุด",,"",0.00
"","คลังสินค้า เบ๊เงียบเส็ง                                  ","หน้า   :       39"
"","สินค้าคงเหลือ แยกตามคลังสินค้า    ","ณ วันที่  29 มิ.ย. 2569"
"","รหัสสินค้าจาก","001-01005-000     ","ถึง","VRS10304514  ","วันที่ : 28/06/2569"
"","คลัง","","รหัสสินค้า","ชื่อสินค้า","","","","","","  จำนวน","","ราคาต่อหน่วย","","มูลค่าคงเหลือ","ยอดค้างรับ","ยอดค้างส่ง"
"","","","F919-2823-406","FD LOGO DATE BACK TEE BLACK SIZE M","","","","","",3,"ตัว",,"",0.00
"","","","F919-2823-506","FD LOGO DATE BACK TEE BLACK SIZE L","","","","","",2,"ตัว",,"",0.00
"","","","F919-2823-606","FD LOGO DATE BACK TEE BLACK SIZE XL","","","","","",1,"ตัว",,"",0.00
"","","","F921-1003-186","FD 62 POBLANO STRAT REL DIRTY SHELL PINK MBAH","","","","","",1,"ตัว",,"",0.00
"","","","F921-5700-021","FD LTD 70TH ANNIE 54 STRAT LCC 2COLOUR SB","","","","","",1,"ตัว",,"",0.00
"","","","F921-6040-212","FD CLAPTON STRAT MBTK MN BLACK","","","","","",2,"ตัว",,"",0.00
"","","","F921-6040-223","FD 60 TELE RELIC OLYMPIC WHITE MBLP","","","","","",1,"ตัว",,"",0.00
"","","","F921-6040-235","FD 60 STRAT HVY RELIC DAPHNE BLUE MBLP","","","","","",1,"ตัว",,"",0.00
"","","","F921-6050-065","FD 70TH ANN. 54 STRAT HREL-WF2TSB MBLP 2COLOUR SB","","","","","",1,"ตัว",,"",0.00
"","","","F921-6050-910","FD F24 69 STRAT HVY RELIC SAAZG AZTEC GOLD MBLP","","","","","",2,"ตัว",,"",0.00
"","","","F921-6050-911","FD F24 50'S TELE HVY RELIC MN NATURAL MBLP","","","","","",2,"ตัว",,"",0.00
"","","","F921-6054-000","FD LTD '54 STRAT REL 2COLOUR SUNBURST MBPW","","","","","",2,"ตัว",,"",0.00
"","","","F921-6070-050","FD B4 LTD 70TH ANN 54 STRAT HVY RELIC 2TS MBLP","","","","","",1,"ตัว",,"",0.00
"","","","F921-6088-490","FD 61 J BASS JRN OLYMPIC WHITE MBAH","","","","","",1,"ตัว",,"",0.00
"","","","F921-6088-491","FD 61 J BASS HVY RELIC CHOCOLATE 3TSB MBAH","","","","","",1,"ตัว",,"",0.00
"","","","F922-2622-001","GRESTCH G2622T TWEED CASE","","","","","",8,"ใบ",,"",0.00
"","","","F922-7377-100","GRESTCH TIN THERMOMETER","","","","","",2,"ชิ้น",,"",0.00
"","","","F923-1017-008","FD 6R25-58 C/R STRAT REL MN SURF GREEN","","","","","",1,"ตัว",,"",0.00
"","","","F923-5001-128","FD RORY GALLAGHER STRAT HREL 3COLOUR SB","","","","","",1,"ตัว",,"",0.00
"","","","F923-5001-322","FD ERIC CLAPTON STRAT NOS BLACK","","","","","",3,"ตัว",,"",0.00
"","","","F923-5001-324","FD ERIC CLAPTON STRAT NOS MIDNIGHT BLUE","","","","","",1,"ตัว",,"",0.00
"","","","F923-5001-325","FD JEFF BECK STRAT NOS OLYMPIC WHITE","","","","","",1,"ตัว",,"",0.00
"","","","F923-5001-329","FD PINO PALLADION P BASS RED FIESTA RED","","","","","",2,"ตัว",,"",0.00
"","","","F923-5001-342","FD MICHAEL LANDAU 1968 STRST REL BLACK","","","","","",1,"ตัว",,"",0.00
"","","","F923-5001-344","FD MICHAEL LANDAU 1963 STRAT REL FRDo3TSB","","","","","",2,"ตัว",,"",0.00
"","","","F923-5001-485","FD S21 LTD 60 J BASS REL 3TSB","","","","","",1,"ตัว",,"",0.00
"","","","F923-5001-592","FENDER B2 62 J BASS REL 3COLOUR SUNBURST","","","","","",1,"ตัว",,"",0.00
"","","","F923-5001-595","FENDER B2 68 J BASS JRN BLACK","","","","","",1,"ตัว",,"",0.00
"","","","F923-5700-016","FD LTD BVLGARI STRAT NOS CHOCOLATE 2TSB","","","","","",1,"ตัว",,"",0.00
"","","","F923-5700-018","FD B5 51 NOCASTER LCC NOCASTER BLONDE","","","","","",1,"ตัว",,"",0.00
"","","","F923-5700-226","FD B6 1960 STRAT JRN 3TSB","","","","","",1,"ตัว",,"",0.00
"","","","F923-6081-212","FD B3 65 TELE CSTM MPL HREL 3TSB","","","","","",1,"ตัว",,"",0.00
"","","","F923-6091-063","FD B4 LTD 64 P-JBASS REL CIMARRON RED","","","","","",1,"ตัว",,"",0.00
"","","","F923-6091-064","FD B4 LTD P-JAZZ BASS REL WHITE BLONDE","","","","","",1,"ตัว",,"",0.00
"","","","F923-6091-065","FD B4 LTD P BASS-J BASS REL CHOCOLATE 3TSB","","","","","",1,"ตัว",,"",0.00
"","คลังสินค้า เบ๊เงียบเส็ง                                  ","หน้า   :       40"
"","สินค้าคงเหลือ แยกตามคลังสินค้า    ","ณ วันที่  29 มิ.ย. 2569"
"","รหัสสินค้าจาก","001-01005-000     ","ถึง","VRS10304514  ","วันที่ : 28/06/2569"
"","คลัง","","รหัสสินค้า","ชื่อสินค้า","","","","","","  จำนวน","","ราคาต่อหน่วย","","มูลค่าคงเหลือ","ยอดค้างรับ","ยอดค้างส่ง"
"","","","F923-6091-119","FD B4 61 J BASS HREL SHELL PINK","","","","","",2,"ตัว",,"",0.00
"","","","F923-6091-139","FD B4 LTD 70TH ANNIE STRAT GH NOS BRIGHT SAPHIRE M","","","","","",2,"ตัว",,"",0.00
"","","","F923-6091-140","FD B4 LTD 70TH ANNIE 54 STRAT TCP 2TSB","","","","","",3,"ตัว",,"",0.00
"","","","F923-6091-144","FD B4 LTD 70TH ANNIE 54 STRAT REL 2COLOUR SB","","","","","",1,"ตัว",,"",0.00
"","","","F923-6091-145","FENDER B4 LTD 70TH ANNIE 54 STRAT HVY RELIC 2TSB","","","","","",2,"ตัว",,"",0.00
"","","","F923-6091-147","FD B4 LTD FAT 54 STRAT REL/CC CHOCOLATE 2TSB","","","","","",1,"ตัว",,"",0.00
"","","","F923-6091-604","FD F24 LTD CSTM J BASS JRN BLACK","","","","","",1,"ตัว",,"",0.00
"","","","F923-6091-605","FD F24 LTD CSTM J BASS JRN BLEACH 3TONE SUNBURST","","","","","",1,"ตัว",,"",0.00
"","","","F925-2003-955","GRESTCH 57 DUOE JET CAD GREEN","","","","","",1,"ตัว",,"",0.00
"","","","F925-2003-982","GRESTCH 55 PEGUINE NOS BLK PAISLEY","","","","","",1,"ตัว",,"",0.00
"","","","F925-2004-100","GRESTCH CS ORANGE PENGUIN CAD-FTRON SS","","","","","",1,"ตัว",,"",0.00
"","","","F925-2004-106","GRESTCH G6136CS 1958 FLACON RELIC ARTIC WHT","","","","","",1,"ตัว",,"",0.00
"","","","F991-5025-247","FENDER PICK DISPLAY COUNTER TOP ATA","","","","","",2,"กล่อง",,"",0.00
"","","","F991-6025-313","FENDER STRING BIN GUITAR","","","","","",1,"ชุด",505.90,"",505.90
"","","","P277-7300-201","PRESONUS REVELATOR MICROPHONE","","","","","",2,"ตัว",,"",0.00
"","","","P277-7406-204","PRESONUS HP60 HEADOHONE AMPLIFIER","","","","","",2,"ตัว",,"",0.00
"","","","P277-7506-121","PRESONUS ERIS ES3.5 2ND GEN (คู่)","","","","","",59,"คู่",,"",0.00
"","","","P277-7506-122","PRESONUS ERIS E3.5 BT 2ND GEN (คู่)","","","","","",38,"คู่",,"",0.00
"","","","P277-7506-123","PRESONUS ERIS E4.5 BT 2ND GEN (คู่)","","","","","",16,"คู่",,"",0.00
"","","","P277-7506-124","PRESONUS ERIS E5 BT 2ND GEN (คู่)","","","","","",3,"คู่",,"",0.00
"","","","P277-7506-126","PRESONUS ERIS STUDIO 4 2ND GEN (เดี่ยว)","","","","","",8,"ตู้",,"",0.00
"","","","P277-7506-128","PRESONUS ERIS STUDIO 8 EU (เดี่ยว)","","","","","",6,"ตู้",,"",0.00
"","","","P277-7506-129","PRESONUS ERIS PRO 4 (เดี่ยว)","","","","","",4,"ตัว",,"",0.00
"","","","P277-7506-130","PRESONUS ERIS PRO 6 (เดี่ยว)","","","","","",7,"ตู้",,"",0.00
"","","","P277-7506-131","PRESONUS ERIS PRO 8 (เดี่ยว)","","","","","",6,"ตู้",,"",0.00
"","","","P277-7606-102","PRESONUS QUANTUM 2626","","","","","",1,"ชุด",,"",0.00
"","","","P277-7700-105","PRESONUS AUDIOBOX USB 96K 25TH","","","","","",19,"ชุด",,"",0.00
"","","","P277-7700-201","PRESONUS IOSTATION 24C","","","","","",6,"ตัว",,"",0.00
"","","","P277-7700-302","PRESONUS REVELATOR IO24","","","","","",10,"ตัว",,"",0.00
"","","","P277-7700-303","PRESONUS REVELATOR IO44","","","","","",8,"ตัว",,"",0.00
"","","","P277-7700-612","FENDER QUANTUM LT2","","","","","",10,"ตัว",,"",0.00
"","","","P277-7700-613","FENDER QUANTUM LT4","","","","","",24,"ตัว",,"",0.00
"","","","P277-7700-712","FENDER AUDIOBOX GO","","","","","",5,"ตัว",,"",0.00
"","","","P277-7706-401","PRESONUS STUDIO 1810C EU","","","","","",1,"เครื่อง",,"",0.00
"","","","P277-7706-402","PRESONUS STUDIO 1824C","","","","","",3,"เครื่อง",,"",0.00
"","คลังสินค้า เบ๊เงียบเส็ง                                  ","หน้า   :       41"
"","สินค้าคงเหลือ แยกตามคลังสินค้า    ","ณ วันที่  29 มิ.ย. 2569"
"","รหัสสินค้าจาก","001-01005-000     ","ถึง","VRS10304514  ","วันที่ : 28/06/2569"
"","คลัง","","รหัสสินค้า","ชื่อสินค้า","","","","","","  จำนวน","","ราคาต่อหน่วย","","มูลค่าคงเหลือ","ยอดค้างรับ","ยอดค้างส่ง"
"","","","P277-7706-405","PRESONUS STUDIO 68C","","","","","",5,"ตัว",,"",0.00
"","","","P277-7706-501","PRESONUS QUANTUM HD2","","","","","",8,"ตัว",,"",0.00
"","","","P277-7706-502","PRESONUS QUANTUM HD 8","","","","","",4,"ตัว",,"",0.00
"","","","P277-7706-614","FENDER QUANTUM LT 16","","","","","",11,"ตัว",,"",0.00
"","","","P277-7800-108","PRESONUS SHK-1 SHOCK MOUNT FOR PX1 & M7","","","","","",4,"ตัว",,"",0.00
"","","","P277-7800-109","PRESONUS SHK-2 SHOCK MOUNT FOR REVELATOR","","","","","",16,"ตัว",,"",0.00
"","","","P277-9106-101","PRESONUS AIR10 LOUDSPEAKER","","","","","",5,"ตู้",,"",0.00
"","","","P277-9106-102","PRESONUS AIR12 LOUDSPEAKER","","","","","",4,"ตู้",,"",0.00
"","","","P277-9206-203","PRESONUS STUDIOLIVE 32R RACK MIXER","","","","","",1,"ตัว",,"",0.00
"","","","P277-9300-102","PRESONUS EARMIX 16M PERSONAL MONITOR MIXER","","","","","",4,"เครื่อง",,"",0.00
"","","","P277-9306-103","PRESONUS SW5E NETWORK SWITCH&BRIDGE","","","","","",1,"เครื่อง",,"",0.00
"","","","P277-9306-201","PRESONUS NSB 16.8 NETWORKED STAGE BOX","","","","","",1,"เครื่อง",,"",0.00
"","","","P277-9306-202","PRESONUS NSB 8.8 NETWORKED STAGE BOX","","","","","",2,"เครื่อง",,"",0.00
"","","","VP-ADAPTOR-12V","VIPER ADAPTOR 12V FOR LP-350","","","","","",24,"ตัว",,"",0.00
"","","","VP-ADAPTOR-15V","VIPER ADAPTOR 15V FOR B2,XE","","","","","",43,"ตัว",,"",0.00
"","","","VP-ADAPTOR-19V","VIPER ADAPTOR 19V FOR LP-380","","","","","",38,"ตัว",,"",0.00
"","","","VP-ADAPTOR-24V","VIPER ADAPTOR 24V FOR C1,G1","","","","","",3,"ตัว",,"",0.00
"","","","VP-ADAPTOR-9V","VIPER ADAPTOR 9V FOR KROSS,","","","","","",32,"ตัว",,"",0.00
"","","","","","","","","","","---------------","","---------------","","---------------","---------------","---------------"
"","รวมคลัง","","04",1357,"สินค้า","","","","",16881,"",89.22,"",1506116.01,0,0
"","","","","","","","","","","===============","","===============","","===============","===============","==============="
"","05","คลังสินค้าเก็บสะสม"
"","","","F150-9800-821","FENDER GEORGE HARRISON ROSEWOOD TELE","","","","","",1,"ตัว",272800.58,"",272800.58
"","","","F154-4520-140","FENDED LTD GARY MOORE STRAT MATCHED FRD","","","","","",1,"ตัว",254103.75,"",254103.75
"","","","","","","","","","","---------------","","---------------","","---------------","---------------","---------------"
"","รวมคลัง","","05",2,"สินค้า","","","","",2,"",263452.17,"",526904.33,0,0
"","","","","","","","","","","===============","","===============","","===============","===============","==============="
"","06","ส/ค มีตำหนิและรออะไหล่เพชรบุรี"
"","","","043-05207-5TR","TOBIAS TOBY DELUXE V BASS TRANS RED","","","","","",1,"ตัว",,"",0.00
"","","","043-ASSFCASE-BR","GB PREMIUM SOFTCASE BROWN","","","","","",1,"ใบ",,"",0.00
"","","","F021-7460-000","FENDER AMP.65 DELUXE REVERB AMP","","","","","",1,"ตู้",22584.60,"",22584.60
"","","","F037-0001-532","SQUIER BULLET STRAT TREM BSB","","","","","",1,"ตัว",,"",0.00
"","","","F037-0001-580","SQUIER BULLET STRAT TREM WHITE","","","","","",1,"ตัว",3151.47,"",3151.47
"","","","F037-0045-506","SQUIER BULLET TELE LRL BLACK","","","","","",7,"ตัว",,"",0.00
"","","","F037-0045-532","SQUIER BULLET TELE LRL SUNBURST","","","","","",6,"ตัว",,"",0.00
"","คลังสินค้า เบ๊เงียบเส็ง                                  ","หน้า   :       42"
"","สินค้าคงเหลือ แยกตามคลังสินค้า    ","ณ วันที่  29 มิ.ย. 2569"
"","รหัสสินค้าจาก","001-01005-000     ","ถึง","VRS10304514  ","วันที่ : 28/06/2569"
"","คลัง","","รหัสสินค้า","ชื่อสินค้า","","","","","","  จำนวน","","ราคาต่อหน่วย","","มูลค่าคงเหลือ","ยอดค้างรับ","ยอดค้างส่ง"
"","","","F037-0760-572","SQ FSR AFFINITY JAZZ BASS LRL SNB","","","","","",1,"ตัว",4020.94,"",4020.94
"","","","F037-4050-500","SQ CLASSIC VIBE 70'S TELE CUSTOM MN 3TS","","","","","",1,"ตัว",,"",0.00
"","","","F037-4540-506","SQ CLASSIC VIBE 70'S JAZZ BASS MN BLACK","","","","","",1,"ตัว",6339.04,"",6339.04
"","","","F037-8601-566","SQ AFFINITY J BASS BLK PG LRL BURGUNDY MIST","","","","","",2,"ตัว",,"",0.00
"","","","F037-8601-569","SQ AFFINITY J BASS BLK PG LRL CHARCOAL FROST METTA","","","","","",1,"ตัว",,"",0.00
"","","","F097-0264-306","FENDER CN-140SCE CLASSIC NYLON BLACK","","","","","",4,"ตัว",,"",0.00
"","","","F097-1110-121","FENDER ACOUSTIC FA-100 W/GIGBAG","","","","","",11,"ตัว",2079.03,"",22869.33
"","","","F097-2512-121","FD HIGHWAY DREAD RW NATURAL W/GIGBAG","","","","","",1,"ตัว",,"",0.00
"","","","F099-0230-020","FD 24" CSTM SHOP LOGO BARSTOOL","","","","","",1,"ตัว",,"",0.00
"","","","F099-1535-206","FENDER FAB-610 LONG SCALE ACOUSTIC BASS","","","","","",1,"ใบ",,"",0.00
"","","","F099-6103-400","FENDER CASE DLX STRAT/TELE TWEED","","","","","",1,"ใบ",5628.65,"",5628.65
"","","","F217-1006-402","FENDER AMP 59 BASSMAN BLONDE","","","","","",1,"ตู้",33501.69,"",33501.69
"","","","F227-0900-000","FENDER AMP.BASS RUMBLE 410 CABINET","","","","","",1,"ตู้",10294.15,"",10294.15
"","","","F231-1300-000","FENDER AMP. MUSTANG MICRO - US","","","","","",61,"ตัว",,"",0.00
"","","","F233-0406-900","FENDER AMP.CHAMPION 100","","","","","",2,"ตู้",6289.00,"",12578.00
"","","","F237-0606-900","FENDER AMP.BASS RUMBLE 500 V3","","","","","",2,"ตู้",10456.99,"",20913.98
"","","","F237-6006-000","FENDER AMP.BASS RUMBLE STUDIO 40","","","","","",1,"ตู้",6975.53,"",6975.53
"","","","F237-6106-000","FENDER AMP.BASS RUMBLE STAGE 800","","","","","",2,"ตู้",16029.29,"",32058.58
"","","","F565-4400-341","FENDER O-LARN STRAT VINTAGE WHITE","","","","","",1,"ตัว",26407.32,"",26407.32
"","","","F694-7007-900","FENDER PASSPORT VENUE 600W PORTABLE PA","","","","","",10,"ชุด",25585.65,"",255856.50
"","","","OS-MS7411TB","OS DRUM AMP TRIPOD W/TELE BOOM","","","","","",1,"ตัว",,"",0.00
"","","","P277-7300-101","PRESONUS DM-7 COMPLETE DRUM  MICROPHONE SET","","","","","",1,"ชุด",,"",0.00
"","","","P277-7506-132","PRESONUS ERIS PRO SUB 10 (เดี่ยว)","","","","","",2,"ตู้",,"",0.00
"","","","","","","","","","","---------------","","---------------","","---------------","---------------","---------------"
"","รวมคลัง","","06",30,"สินค้า","","","","",128,"",3618.59,"",463179.78,0,0
"","","","","","","","","","","===============","","===============","","===============","===============","==============="
"","07","เบ๊จอง สินค้าคลังเพชรบุรีฯ"
"","","","F021-7360-000","FENDER AMP.65 TWIN REVERB AMP","","","","","",3,"ตู้",,"",0.00
"","","","F023-4557-100","FENDER GODZILLA DISTORTION","","","","","",5,"ตัว",,"",0.00
"","","","F037-4553-508","SQ CV ACT 70S J BASS V MN PPG MN OCEAN TURQUOISE","","","","","",2,"ตัว",,"",0.00
"","","","F223-1106-000","FENDER AMP.HOT ROD DEVILLE 212 IV BLACK","","","","","",1,"ตู้",20126.41,"",20126.41
"","","","F223-1506-551","FENDER AMP.BLUES JUNIOR IV COLUR TRIO","","","","","",1,"ตู้",,"",0.00
"","","","F815-1906-000","FD PANO VERB AMP 230V","","","","","",1,"ตู้",,"",0.00
"","","","F923-5001-592","FENDER B2 62 J BASS REL 3COLOUR SUNBURST","","","","","",1,"ตัว",,"",0.00
"","","","F923-6081-237","FD B3 64 P BASS REL BLEACHED 3 TONE SUNBURST","","","","","",1,"ตัว",,"",0.00
"","คลังสินค้า เบ๊เงียบเส็ง                                  ","หน้า   :       43"
"","สินค้าคงเหลือ แยกตามคลังสินค้า    ","ณ วันที่  29 มิ.ย. 2569"
"","รหัสสินค้าจาก","001-01005-000     ","ถึง","VRS10304514  ","วันที่ : 28/06/2569"
"","คลัง","","รหัสสินค้า","ชื่อสินค้า","","","","","","  จำนวน","","ราคาต่อหน่วย","","มูลค่าคงเหลือ","ยอดค้างรับ","ยอดค้างส่ง"
"","","","","","","","","","","---------------","","---------------","","---------------","---------------","---------------"
"","รวมคลัง","","07",8,"สินค้า","","","","",15,"",1341.76,"",20126.41,0,0
"","","","","","","","","","","===============","","===============","","===============","===============","==============="
"","08","มิวสิกจอง สินค้าคลังเพชรบุรีฯ"
"","","","F019-0085-802","FD T. FRANKLIN P BASS FRETLESS LAKE PLACID BLUE","","","","","",1,"ตัว",,"",0.00
"","","","F026-6040-505","FD STD TELE LRL WPG OLYMPIC WHITE","","","","","",1,"ตัว",,"",0.00
"","","","F026-6420-560","FD STD STRAT HSS MN WPG AQUA MARINE METTALIC","","","","","",1,"ตัว",,"",0.00
"","","","F026-6620-571","FD STD P BASS MN WPG CANDY COLA","","","","","",1,"ตัว",,"",0.00
"","","","F026-6840-500","FD STD J BASS LRL WPG 3TS","","","","","",4,"ตัว",,"",0.00
"","","","F026-6840-505","FD STD J BASS LRL WPG OLYMPIC WHITE","","","","","",3,"ตัว",,"",0.00
"","","","F037-7025-578","SQ LTD PARANOMAL TROUBLEMAKER TELE LRL PPG AZTEC G","","","","","",3,"ตัว",,"",0.00
"","","","F099-6106-314","FD WRANGLER DENIM CASE INDIGO","","","","","",2,"ใบ",,"",0.00
"","","","F233-0706-900","FENDER AMP. CHAMPION II 25","","","","","",2,"ตู้",,"",0.00
"","","","F237-0106-900","FENDER AMP.BASS RUMBLE 15 V3","","","","","",2,"ตู้",,"",0.00
"","","","F237-0206-900","FENDER AMP.BASS RUMBLE 25 V3","","","","","",2,"ตู้",,"",0.00
"","","","F563-0102-311","FD LTD TELE MN PINK PAISLEY JP-25","","","","","",1,"ตัว",,"",0.00
"","","","F563-0102-337","FD LTD STRAT MN BLACK PAISLEY JP-25","","","","","",1,"ตัว",,"",0.00
"","","","F563-1102-311","FD LTD STRAT MN PINK PAISLEY JP-25","","","","","",1,"ตัว",,"",0.00
"","","","F563-1102-337","FD LTD TELE MN BLACK PAISLEY JP-25","","","","","",1,"ตัว",,"",0.00
"","","","F921-6080-308","FD W20 53 ESQUIRE HV RELIC SNBL MBDW MN","","","","","",1,"ตัว",,"",0.00
"","","","F921-6090-037","FD 66 J BASS HVY RELIC RW CANDY APPLE RED MBAH","","","","","",1,"ตัว",,"",0.00
"","","","P277-7700-106","PRESONUS AUDIOBOX GO","","","","","",1,"ตัว",,"",0.00
"","","","","","","","","","","---------------","","---------------","","---------------","---------------","---------------"
"","รวมคลัง","","08",18,"สินค้า","","","","",29,"",,"",0.00,0,0
"","","","","","","","","","","===============","","===============","","===============","===============","==============="
"","09","มิวสิกจอง สินค้าโกดังสุขุมวิท101/1"
"","","","","","","","","","","---------------","","---------------","","---------------","---------------","---------------"
"","รวมคลัง","","09",0,"สินค้า","","","","",0,"",,"",0.00,0,0
"","","","","","","","","","","===============","","===============","","===============","===============","==============="
"","10","ร้าน MUSIC COLLECTION จอง"
"","","","F037-9102-980","SQ LTD HELLO KITTY STRAT MN WHITE W/GIGBAG","","","","","",5,"ตัว",,"",0.00
"","","","","","","","","","","---------------","","---------------","","---------------","---------------","---------------"
"","รวมคลัง","","10",1,"สินค้า","","","","",5,"",,"",0.00,0,0
"","","","","","","","","","","===============","","===============","","===============","===============","==============="
"","11","ขายหน้าร้านมิวสิก/เบ๊ โกดังเพชรบุรี"
"","คลังสินค้า เบ๊เงียบเส็ง                                  ","หน้า   :       44"
"","สินค้าคงเหลือ แยกตามคลังสินค้า    ","ณ วันที่  29 มิ.ย. 2569"
"","รหัสสินค้าจาก","001-01005-000     ","ถึง","VRS10304514  ","วันที่ : 28/06/2569"
"","คลัง","","รหัสสินค้า","ชื่อสินค้า","","","","","","  จำนวน","","ราคาต่อหน่วย","","มูลค่าคงเหลือ","ยอดค้างรับ","ยอดค้างส่ง"
"","","","","","","","","","","---------------","","---------------","","---------------","---------------","---------------"
"","รวมคลัง","","11",0,"สินค้า","","","","",0,"",,"",0.00,0,0
"","","","","","","","","","","===============","","===============","","===============","===============","==============="
"","12","สินค้าเก็บสะสมไม่ขาย-เพชรบุรีฯ"
"","","","F011-1052-880","FD JOHN 5 GHOST MN ARTIC WHITE","","","","","",1,"ตัว",,"",0.00
"","","","","","","","","","","---------------","","---------------","","---------------","---------------","---------------"
"","รวมคลัง","","12",1,"สินค้า","","","","",1,"",,"",0.00,0,0
"","","","","","","","","","","===============","","===============","","===============","===============","==============="
"","13","เบ๊จอง สินค้าโกดังสุขุมวิท101/1"
"","","","","","","","","","","---------------","","---------------","","---------------","---------------","---------------"
"","รวมคลัง","","13",0,"สินค้า","","","","",0,"",,"",0.00,0,0
"","","","","","","","","","","===============","","===============","","===============","===============","==============="
"","14","ขายลดราคาโกดังเพชรบุรี มีตำหนิ"
"","","","F037-0327-505","SQ CONT STRAT 2H RVS RW OLYMPIC WHITE","","","","","",1,"ตัว",7157.32,"",7157.32
"","","","F037-9610-554","SQUIER DEBUT STRAT HSS LRL WPG DAKOTA RED","","","","","",1,"ตัว",,"",0.00
"","","","F097-0193-021","FD CD-60SCE DREAD 12 STRINGS NATURAL","","","","","",1,"ตัว",,"",0.00
"","","","F097-2713-506","FENDER FA-125CE DREAD BLACK","","","","","",3,"ตัว",,"",0.00
"","","","F099-5000-300","FENDER GUITAR DISPLAY CASE TWEED","","","","","",1,"ใบ",5028.10,"",5028.10
"","","","","","","","","","","---------------","","---------------","","---------------","---------------","---------------"
"","รวมคลัง","","14",5,"สินค้า","","","","",7,"",1740.77,"",12185.42,0,0
"","","","","","","","","","","===============","","===============","","===============","===============","==============="
"","99","AF ยืม"
"","","","","","","","","","","---------------","","---------------","","---------------","---------------","---------------"
"","รวมคลัง","","99",0,"สินค้า","","","","",0,"",,"",0.00,0,0
"","","","","","","","","","","===============","","===============","","===============","===============","==============="
"","รวมทั้งสิ้น",15,"คลัง",1467,"สินค้า","","","","",17089,"",182.82,"",3124181.60,0,0
"","","","","","","","","","","===============","","===============","","===============","===============","==============="
"",">>>>  จบรายงาน  <<<<"
